cgpa,attendance,backlogs,study_hours,family_income,extracurricular,internships,coding_skill,communication_skill,projects,certifications,financial_stress,lms_engagement,mentor_sessions,dropout,placed,salary_lpa
7.4,81.5,0,3.0,3,6.5,1,4.6,5.5,1,3,3.4,100.0,0,0,1,7.97
5.65,90.5,0,5.1,1,3.8,1,4.8,3.5,0,1,7.2,72.4,2,1,1,5.51
7.98,81.8,0,4.2,3,6.1,3,7.7,5.0,0,1,4.0,54.4,0,0,1,12.18
8.22,100.0,0,1.3,3,5.3,1,6.0,8.0,1,0,3.0,79.2,0,0,1,9.14
4.46,98.0,1,5.4,2,5.1,0,4.3,8.2,0,0,7.3,89.4,1,0,1,6.86
5.31,73.7,1,5.2,4,4.0,1,2.1,4.7,2,1,2.4,84.2,1,0,1,5.92
7.17,73.5,0,3.9,1,7.5,0,9.0,6.8,0,2,5.0,56.1,1,1,1,10.57
6.59,84.6,0,3.6,1,6.3,1,4.0,2.8,2,2,6.3,53.3,0,1,1,7.13
6.98,66.3,2,5.9,3,6.0,1,5.2,5.2,3,1,7.0,75.9,1,1,0,7.98
5.89,94.3,3,0.6,2,10.0,1,10.0,6.3,1,1,4.6,55.3,3,1,1,7.69
8.14,83.1,0,5.2,2,6.5,0,4.1,8.9,1,1,3.0,84.0,0,1,1,8.74
8.01,81.6,0,2.4,1,8.1,1,4.9,8.2,1,2,7.3,62.2,1,0,1,10.64
7.09,87.6,0,5.0,1,6.1,0,6.0,6.2,3,2,5.2,75.9,1,1,1,9.58
8.47,100.0,0,3.4,1,4.7,2,1.8,4.0,2,1,7.3,80.8,0,0,1,7.3
7.61,80.4,0,1.2,1,3.2,0,1.5,8.5,1,0,1.3,34.0,3,1,1,7.13
5.88,76.4,0,2.4,4,6.0,0,4.4,5.1,1,0,3.1,62.9,5,1,1,4.65
7.48,99.1,0,4.8,1,0.0,1,4.5,6.7,0,0,5.4,83.0,0,0,1,6.28
5.75,91.5,2,2.9,3,6.1,1,5.8,5.6,2,0,1.8,43.9,0,0,1,6.62
8.14,73.5,0,2.2,1,6.2,0,3.3,9.8,2,0,3.2,49.0,0,1,1,7.07
6.94,78.1,3,2.2,2,5.0,1,6.5,4.6,1,1,4.4,84.0,0,1,1,8.72
6.76,80.7,2,4.2,4,5.3,1,0.5,7.6,4,2,0.5,90.6,0,0,1,8.15
6.11,83.1,1,6.0,1,2.7,1,5.3,5.6,2,1,0.0,0.0,0,0,1,7.2
8.59,59.0,0,0.0,1,8.5,2,6.3,6.9,3,2,3.3,84.0,0,1,1,12.64
6.8,56.4,1,7.7,3,4.8,1,6.3,9.0,5,0,1.2,13.5,1,1,1,9.18
6.44,65.6,0,3.5,1,3.4,0,5.1,1.8,3,0,6.1,58.7,3,1,1,7.66
6.54,64.5,0,4.1,1,6.7,1,4.0,5.7,4,1,3.3,32.3,0,1,1,7.52
7.69,69.0,0,2.5,4,5.7,0,5.1,4.0,0,1,3.0,49.0,2,1,0,6.84
7.48,86.9,0,3.2,2,4.7,0,8.3,6.7,3,1,2.8,62.1,3,0,1,9.6
7.54,75.6,2,3.5,3,4.5,0,4.1,7.2,4,0,5.8,70.6,1,0,1,8.86
7.56,80.7,0,1.5,1,5.5,0,7.7,4.9,0,1,6.9,88.6,0,1,1,7.84
9.78,60.9,0,1.9,1,8.5,0,8.1,4.8,3,1,5.3,33.1,0,1,1,8.47
6.47,71.5,0,5.1,2,6.5,0,1.5,6.2,3,2,5.3,83.1,0,0,1,7.1
6.33,86.2,5,0.7,3,5.4,1,5.2,3.3,3,0,5.3,54.4,1,1,1,7.29
5.94,86.3,1,3.9,1,7.4,1,3.3,6.5,0,0,6.1,54.9,3,0,1,7.92
7.8,67.9,0,2.6,3,5.6,0,2.0,4.2,0,0,4.3,94.0,3,0,1,3.98
8.47,80.3,0,1.7,3,6.4,0,7.3,7.3,5,1,0.0,76.8,1,0,1,10.13
6.85,100.0,1,6.4,2,5.8,0,6.6,3.2,4,0,3.8,26.4,0,0,1,6.02
5.91,77.8,2,1.7,2,6.8,1,6.1,4.7,3,2,3.2,58.4,1,1,1,8.33
5.93,68.3,1,1.4,2,4.5,0,3.0,4.3,2,2,7.4,45.0,2,1,0,6.02
7.85,75.6,0,2.9,3,3.0,0,6.0,5.2,2,0,3.1,51.3,1,0,1,9.44
7.97,79.3,0,2.0,1,7.5,1,2.5,8.6,1,1,4.4,57.4,0,0,1,8.29
7.71,75.9,0,3.2,3,8.8,0,5.7,7.5,2,0,5.3,69.3,0,0,1,7.59
6.13,77.6,1,3.4,2,3.1,0,4.0,4.8,2,2,1.5,34.9,0,1,1,6.64
7.3,57.8,0,3.6,4,5.9,2,7.9,4.8,2,1,2.8,55.6,0,1,1,10.96
7.15,64.5,0,3.0,4,4.5,0,4.7,7.6,1,0,0.0,52.1,1,0,1,5.2
7.28,75.9,1,2.1,1,7.4,0,6.0,3.5,1,1,4.3,67.7,2,0,1,7.8
8.13,75.7,0,4.2,2,6.0,1,6.0,5.8,1,1,3.9,58.9,1,0,1,8.02
7.29,70.1,0,3.0,2,10.0,2,5.3,4.6,3,0,8.4,78.8,2,0,1,8.39
7.88,75.5,0,2.4,2,4.8,1,5.7,5.5,0,0,4.7,65.2,1,1,1,7.93
7.09,78.9,0,5.6,3,8.9,0,6.2,7.4,2,0,2.0,72.1,1,0,1,6.34
7.38,90.5,0,3.0,1,9.1,0,3.4,4.5,1,1,5.7,64.7,2,1,1,4.71
7.82,76.6,0,4.9,2,6.7,0,6.4,7.7,2,1,8.3,37.0,0,1,1,9.54
5.11,83.6,0,5.2,4,5.6,0,7.5,10.0,0,0,0.0,52.5,0,0,1,6.91
6.58,70.4,1,5.3,4,5.7,1,6.4,7.0,2,0,4.8,46.6,2,0,1,8.35
6.39,86.0,0,4.3,1,5.5,1,4.7,5.6,4,0,6.9,75.2,0,1,1,8.13
6.17,83.3,2,3.2,4,8.0,0,5.9,8.1,4,0,2.7,77.0,0,0,1,6.75
6.64,90.1,2,3.1,1,3.6,0,4.7,3.6,0,0,5.3,58.4,2,1,1,4.93
8.94,88.0,0,2.8,2,5.1,1,5.2,8.8,2,0,8.3,62.9,2,0,1,8.57
5.87,86.2,0,0.0,1,4.9,0,2.8,4.3,1,1,7.7,28.4,2,1,1,2.67
8.26,76.6,0,4.4,2,1.7,1,8.7,10.0,1,0,2.6,52.2,2,0,1,10.34
4.81,81.4,3,3.6,1,7.4,0,10.0,4.4,2,1,6.1,10.0,0,1,0,7.79
6.56,92.9,1,4.5,1,7.8,1,3.9,7.1,0,2,8.9,76.2,1,1,1,7.76
7.21,68.9,0,3.0,2,4.1,2,7.3,2.7,2,0,6.2,100.0,3,0,1,9.28
7.76,69.2,1,4.3,4,7.8,0,8.9,5.4,1,3,3.6,49.3,1,0,1,7.63
7.92,80.5,1,1.0,2,2.0,1,3.3,3.6,0,2,2.0,64.6,3,1,1,5.16
8.03,83.8,0,1.3,3,5.6,0,0.5,2.9,3,1,9.3,68.3,3,1,1,5.12
6.55,66.5,1,0.0,3,5.2,1,9.0,8.2,1,1,5.7,37.3,0,1,0,9.87
6.4,77.0,1,3.0,2,5.7,1,5.5,3.3,2,1,9.1,57.4,1,0,1,6.84
8.12,76.7,0,2.0,1,5.7,0,4.3,4.3,1,2,6.7,69.4,2,1,1,6.5
6.75,47.0,1,1.8,1,5.3,0,5.6,4.1,1,0,6.0,63.4,0,1,1,8.06
5.34,74.9,0,3.7,2,4.6,0,4.7,8.1,1,1,3.5,61.2,0,1,1,7.11
5.53,75.8,2,2.5,4,5.3,2,10.0,7.8,2,0,5.2,54.1,4,1,1,10.91
5.8,75.8,2,0.9,1,8.5,1,4.3,8.3,2,2,9.4,43.7,0,1,1,8.21
7.65,97.8,0,7.3,3,4.2,1,6.3,4.2,4,1,6.4,73.5,1,0,1,7.98
7.19,61.0,0,3.1,3,10.0,0,8.5,8.5,3,0,9.2,95.2,0,0,1,10.34
7.9,66.5,0,1.5,4,4.1,0,8.5,4.2,2,2,3.3,19.9,1,1,1,12.04
6.44,41.4,3,2.1,1,6.0,0,8.0,4.3,4,0,4.6,16.9,0,1,1,9.06
7.21,71.3,1,2.9,4,6.8,1,4.5,4.4,2,1,3.6,35.7,1,0,1,7.56
7.81,72.5,0,2.9,2,4.9,0,5.2,4.5,2,0,6.8,51.2,2,1,1,5.69
6.6,70.9,1,5.3,2,8.5,0,0.5,5.6,1,0,4.4,54.8,2,0,1,3.85
7.59,93.5,0,3.1,3,6.7,0,5.3,4.1,2,1,3.9,62.5,0,0,1,8.28
6.14,90.0,2,6.2,1,5.0,1,5.6,6.3,1,0,6.5,61.4,0,1,1,8.06
6.53,79.1,2,2.5,3,8.5,0,7.2,0.6,1,2,5.1,57.2,2,1,0,5.82
6.5,72.8,1,3.9,2,3.3,2,9.6,6.3,1,0,5.3,85.4,1,1,1,10.43
5.45,92.4,0,4.8,3,4.3,0,7.1,3.6,2,1,4.5,41.5,1,1,1,5.93
7.63,77.7,0,5.1,3,6.7,1,8.0,4.5,1,0,5.5,78.1,0,0,1,9.76
6.39,66.5,0,5.3,2,7.3,0,5.5,4.5,1,1,6.8,99.7,0,0,1,7.35
7.02,54.0,0,2.8,1,6.2,0,8.5,7.7,1,0,4.9,30.6,2,1,1,9.75
7.62,71.8,1,3.2,1,5.2,0,5.5,6.8,2,2,1.8,21.0,0,1,1,7.86
7.58,88.6,0,0.0,3,4.9,2,8.1,5.5,0,0,1.6,63.7,1,1,1,10.2
7.87,100.0,0,2.9,2,8.0,2,7.4,4.4,1,1,6.1,72.9,1,0,1,9.69
6.87,78.9,0,4.9,3,6.0,2,6.4,7.4,0,0,2.3,60.7,3,0,1,9.1
6.45,67.3,0,4.6,2,3.6,0,2.0,9.4,1,1,5.6,17.5,0,1,1,6.29
6.9,61.4,0,3.1,2,3.5,1,8.0,5.7,3,4,4.9,26.3,1,1,1,9.33
4.81,85.7,2,5.9,3,8.8,0,6.4,2.6,2,1,4.2,49.8,2,1,0,6.47
5.12,53.3,1,2.6,3,3.9,0,7.1,4.4,3,1,5.1,68.3,1,1,1,7.76
5.28,85.7,1,2.1,2,6.1,1,6.2,6.9,3,1,7.7,52.9,2,1,1,6.91
5.7,89.4,1,2.5,1,8.5,2,6.6,4.9,0,0,6.0,64.3,1,1,1,8.25
7.52,84.1,0,1.4,3,6.7,1,8.5,4.1,4,3,1.6,63.7,1,1,1,11.11
5.82,74.9,1,4.2,3,3.8,0,4.4,4.0,0,1,4.7,78.6,1,1,0,4.79
6.51,85.9,3,3.7,2,3.3,0,6.6,6.0,4,0,6.6,36.8,0,1,1,8.45
8.69,80.4,0,4.2,2,9.6,0,3.7,2.7,3,0,0.0,61.8,1,0,1,6.53
6.54,67.1,4,2.5,1,3.2,2,6.8,5.7,2,1,4.3,88.8,1,1,1,9.83
7.96,100.0,2,3.1,2,4.3,1,6.1,6.0,3,0,5.1,44.2,1,0,1,8.12
5.79,73.1,1,0.0,1,6.3,0,4.0,4.9,1,1,4.9,47.5,1,1,1,7.29
6.73,88.9,0,3.8,1,5.0,0,5.7,3.7,0,2,6.3,61.7,1,1,1,8.17
5.76,44.1,0,3.4,3,6.8,1,4.2,7.8,0,2,2.6,38.9,0,0,1,7.97
6.56,95.9,3,1.4,2,2.3,1,4.6,3.1,1,1,7.2,36.7,1,1,1,8.95
8.09,98.6,0,3.0,3,5.0,1,6.3,6.1,4,1,4.1,53.1,2,0,1,11.43
4.75,78.4,0,2.8,2,7.0,0,6.1,7.3,5,1,0.9,55.1,1,0,0,8.84
7.56,85.8,2,6.0,1,7.0,1,1.1,6.1,1,2,7.7,75.0,1,1,1,8.43
7.31,85.8,1,1.5,2,4.2,0,6.4,8.3,1,1,6.8,42.1,2,1,1,8.18
6.23,69.0,2,3.7,1,3.3,0,4.8,3.5,1,0,5.9,60.6,3,1,1,5.26
5.12,85.7,0,1.5,3,6.0,1,4.5,4.2,1,3,0.0,84.7,1,1,1,7.77
7.09,66.7,2,2.3,4,2.6,1,2.9,4.9,4,1,5.1,83.5,2,0,1,7.5
6.31,69.5,1,3.6,3,8.3,1,5.4,10.0,2,1,1.6,57.8,2,1,1,9.68
7.3,93.8,0,2.9,3,5.8,0,4.3,6.8,1,0,3.2,63.8,4,0,1,6.06
7.03,91.6,0,3.2,3,4.0,1,8.4,7.2,3,0,2.7,41.9,0,0,1,9.09
9.08,68.1,0,3.7,3,3.2,1,1.5,7.1,5,1,0.7,65.8,3,0,1,7.26
6.69,67.7,1,2.4,2,4.1,1,3.3,6.0,0,1,5.0,90.6,0,1,1,5.35
5.67,69.0,0,4.6,3,2.1,0,3.1,7.9,1,4,4.5,86.0,0,1,1,7.11
7.23,88.3,0,2.7,2,6.6,0,6.1,2.1,3,0,5.3,59.6,0,0,1,5.72
7.29,64.0,0,3.0,1,3.7,0,8.2,6.4,1,3,5.5,66.9,0,1,1,8.11
8.77,83.0,0,3.8,3,6.4,0,6.7,6.7,6,1,2.3,45.3,0,0,1,9.54
8.09,88.5,0,3.6,3,6.7,1,3.0,7.8,1,1,7.4,41.4,0,1,1,7.44
7.46,76.8,0,4.2,1,7.6,0,4.5,3.5,0,1,6.4,52.7,1,1,1,6.47
8.9,92.1,0,3.7,4,6.1,0,3.6,3.6,0,0,0.8,65.4,1,0,1,8.73
5.45,73.7,3,4.0,1,8.0,1,6.7,3.8,2,0,7.0,74.4,1,1,1,8.1
6.17,75.0,3,2.7,3,8.5,1,4.5,6.8,1,1,4.8,58.4,1,0,1,6.61
5.8,64.3,1,1.5,4,6.1,1,2.3,6.9,1,2,4.4,68.8,1,1,1,6.41
6.49,92.2,1,0.9,2,6.2,1,6.8,3.9,0,0,4.9,9.0,0,1,0,6.71
5.21,67.3,1,0.5,4,4.3,0,8.4,9.6,2,0,1.6,63.4,0,0,1,9.32
7.83,82.9,0,6.0,3,3.3,2,5.1,6.4,3,0,0.9,47.6,0,0,1,9.96
6.71,77.0,1,0.0,3,8.3,0,5.8,6.0,0,2,2.8,35.0,0,1,1,6.66
5.09,63.3,0,5.1,4,6.8,1,2.0,5.4,1,2,0.0,69.1,1,1,0,6.03
5.68,69.5,0,1.9,3,7.0,1,0.8,7.7,1,1,4.7,88.9,1,1,1,6.1
7.41,97.4,0,5.1,2,4.2,0,1.2,6.6,1,0,1.3,59.7,2,0,1,5.7
8.09,80.8,0,0.0,3,9.1,0,5.4,9.6,4,1,3.2,77.6,0,0,1,9.94
9.6,63.9,0,2.8,2,5.0,0,4.8,3.4,1,0,6.7,51.6,2,0,1,8.33
10.0,82.3,0,5.5,2,3.7,0,6.8,2.7,1,0,4.4,100.0,2,0,1,10.95
7.54,76.0,1,4.3,1,4.2,0,5.0,4.3,2,0,5.9,28.5,1,1,1,8.47
5.71,100.0,2,2.7,2,9.0,1,7.8,6.9,3,1,6.0,58.0,2,1,1,7.96
4.23,82.0,2,0.1,3,3.1,1,7.5,4.9,1,0,5.2,75.0,3,1,1,7.12
7.35,72.7,1,1.1,4,3.8,1,4.8,8.3,3,1,5.4,59.4,1,1,1,11.27
5.94,97.9,1,5.4,4,10.0,1,3.2,5.0,1,1,4.3,87.5,1,0,1,6.64
6.46,52.2,0,2.6,1,7.6,2,1.1,8.0,1,1,6.8,18.5,0,1,1,8.91
6.2,79.3,2,3.1,2,3.9,0,8.8,4.1,3,1,0.5,57.8,2,1,1,11.39
6.82,100.0,0,3.7,2,3.1,0,3.3,8.2,4,1,5.6,55.0,0,1,0,6.64
8.39,76.4,0,1.1,1,1.8,1,2.1,8.5,2,2,9.8,57.8,2,1,1,8.28
7.2,53.7,1,3.9,2,5.7,2,5.8,4.7,3,1,6.5,28.3,0,1,1,9.29
6.79,72.5,1,2.5,2,7.1,0,2.1,6.8,1,0,7.2,54.2,2,0,1,4.26
5.65,98.4,2,3.7,4,8.8,0,5.8,6.3,1,1,1.4,53.2,4,0,1,8.32
4.82,83.3,1,2.3,1,1.3,0,4.7,6.8,1,1,5.8,64.9,2,0,1,6.36
6.37,66.3,2,0.7,3,2.6,0,7.6,8.4,2,0,5.3,82.0,3,1,1,6.59
6.93,68.4,1,2.5,3,5.2,0,7.4,7.7,2,0,5.0,62.2,0,1,0,8.86
9.3,70.2,0,4.2,3,10.0,2,8.0,6.8,1,0,5.8,68.4,0,0,1,10.01
7.17,83.1,0,3.8,1,7.4,0,6.0,7.1,0,1,3.4,85.2,0,0,1,7.53
8.28,96.7,0,3.2,1,6.3,1,3.5,3.3,3,3,4.2,83.8,1,0,1,5.67
6.35,92.7,3,4.6,4,2.8,1,3.1,5.7,3,0,0.0,12.3,4,1,1,6.72
5.46,84.4,0,2.9,1,0.8,3,4.3,3.6,2,0,6.6,75.9,1,1,1,8.42
5.75,59.4,1,3.3,1,5.6,1,10.0,5.8,0,0,5.6,75.8,0,1,1,8.12
6.06,59.4,0,2.4,4,5.3,1,4.9,8.0,2,4,2.6,54.8,1,0,1,6.73
9.77,85.5,0,4.7,3,4.9,0,5.9,5.8,0,1,2.4,50.8,1,1,1,8.61
5.93,59.2,0,3.7,3,4.7,1,9.0,0.8,2,2,2.1,37.4,0,0,1,8.15
8.09,74.8,0,2.3,1,3.9,0,6.1,3.7,1,3,6.0,21.2,1,1,1,9.95
5.83,82.3,0,0.8,2,3.3,0,3.8,7.0,1,2,7.5,77.0,1,1,1,6.89
8.21,62.1,0,5.0,3,8.6,0,7.2,4.7,2,0,7.6,75.3,1,1,1,8.25
7.5,63.7,0,2.0,2,3.5,0,4.5,7.4,5,0,8.6,58.0,1,1,1,7.1
6.8,76.7,0,3.3,1,4.9,1,6.2,3.4,4,0,4.9,74.2,1,0,1,8.23
6.95,85.1,1,7.0,1,5.4,2,6.7,6.6,2,3,3.3,80.5,1,0,1,12.14
6.15,92.9,2,4.5,2,7.1,1,4.4,6.7,3,1,7.0,24.1,2,1,0,8.19
7.58,86.5,1,5.8,1,3.6,1,5.9,7.4,3,0,8.9,65.0,1,0,1,9.83
6.41,79.0,3,2.3,3,7.7,0,9.2,4.5,0,3,5.0,55.1,0,1,1,5.73
5.41,67.6,0,4.9,1,4.2,0,4.1,7.4,0,1,5.9,68.6,3,1,0,6.83
5.34,63.0,2,3.2,1,5.1,1,8.5,8.8,2,1,4.6,63.7,0,1,1,9.31
7.22,70.8,0,3.8,4,9.1,0,4.1,1.3,1,0,4.4,75.4,0,0,1,5.71
9.05,83.7,0,6.4,4,3.4,1,9.6,5.9,1,1,4.3,28.3,0,0,1,11.03
7.21,82.7,0,2.8,3,7.1,1,3.5,2.2,4,1,4.7,86.3,1,1,1,7.63
6.85,48.6,1,3.2,4,7.7,0,4.6,4.1,0,2,0.5,49.5,2,1,0,6.15
7.37,67.0,1,1.8,1,6.2,0,9.0,4.2,0,1,3.7,57.3,1,1,1,7.8
8.7,94.9,2,4.6,2,5.2,0,9.1,5.7,2,0,4.8,24.8,2,1,1,8.21
7.29,79.1,1,2.3,1,10.0,2,7.4,6.6,1,0,8.4,57.9,1,0,1,9.04
6.47,58.2,0,4.8,2,5.5,1,3.0,7.6,1,0,7.1,59.6,1,1,1,7.94
8.44,100.0,0,0.6,3,5.9,0,5.7,6.3,0,0,3.1,58.4,2,1,1,7.11
7.56,77.6,0,4.1,3,4.8,0,5.5,7.1,1,0,0.0,45.3,3,0,1,8.5
9.0,83.4,0,2.2,1,5.8,1,3.5,3.6,3,0,9.1,35.6,0,1,1,6.96
7.24,83.6,0,4.4,2,7.6,1,7.1,7.9,2,0,7.9,72.8,4,0,1,7.73
5.41,72.9,0,3.2,4,4.9,2,3.7,0.0,0,1,3.3,25.3,3,1,1,5.04
5.22,67.8,1,2.3,2,0.9,0,2.5,8.9,3,0,4.0,76.1,0,1,0,7.05
9.15,100.0,0,2.6,1,6.6,1,1.8,8.5,2,2,5.3,93.9,1,0,1,7.03
9.24,92.0,0,1.8,2,3.1,0,9.4,7.3,0,1,7.1,100.0,0,1,1,12.13
6.77,89.5,2,4.5,2,7.1,1,4.3,10.0,2,2,6.2,38.3,0,0,1,11.06
6.5,86.1,2,1.5,2,5.5,1,4.4,2.2,0,1,4.0,71.8,0,0,1,6.95
8.9,64.0,0,2.8,2,7.6,0,3.1,7.4,4,1,10.0,48.7,1,1,1,7.97
5.56,95.9,1,3.8,2,3.4,1,8.6,6.1,3,3,1.5,84.5,0,0,1,9.11
5.84,66.2,0,5.8,2,4.3,0,2.3,6.3,1,2,3.6,67.9,2,0,1,4.91
7.84,82.0,1,3.2,2,4.8,0,2.7,3.5,2,3,3.7,54.2,0,1,1,6.17
6.49,55.0,0,2.8,1,2.2,0,4.8,6.6,2,1,6.2,41.8,2,1,1,6.92
6.99,49.4,1,3.6,1,7.9,0,5.5,6.5,3,0,8.6,52.6,2,1,1,5.75
6.79,82.5,0,0.0,2,1.9,1,7.0,4.4,3,1,6.9,46.5,2,1,1,9.17
7.44,66.7,0,1.3,3,7.9,1,3.9,5.7,3,0,4.3,59.5,2,1,1,6.61
8.83,50.2,0,2.6,3,6.4,0,9.1,3.2,3,1,0.9,60.5,0,0,1,8.92
7.12,85.6,0,2.1,1,5.1,1,4.0,5.0,1,2,8.2,48.9,3,0,1,6.62
7.84,100.0,0,0.6,2,6.3,0,3.2,7.7,2,1,2.4,47.1,1,0,1,7.86
4.33,97.5,1,4.6,2,6.2,0,3.0,7.8,3,0,4.1,72.5,2,1,1,6.72
6.94,74.4,3,3.6,2,4.6,0,3.7,7.3,3,1,4.8,74.0,0,1,1,6.3
5.9,78.1,1,3.4,3,6.2,0,2.8,7.7,1,3,2.1,43.7,3,0,1,7.77
5.42,90.4,0,2.1,4,7.1,1,7.2,7.7,0,0,1.1,58.9,1,0,1,6.4
5.86,93.7,0,3.3,1,3.4,0,3.2,4.5,2,0,8.0,42.7,0,1,1,4.69
6.57,73.2,2,4.0,2,6.3,0,5.2,6.5,0,0,8.3,100.0,2,1,0,7.5
8.19,78.5,0,2.8,2,0.0,1,3.1,8.0,1,1,4.8,41.2,3,0,1,6.21
5.28,82.2,0,3.9,2,1.3,1,2.8,3.0,1,0,0.9,65.1,1,0,1,4.45
7.04,85.8,0,1.9,1,6.7,0,8.0,3.0,1,4,6.6,68.9,2,0,1,7.56
6.37,76.1,1,3.4,2,4.6,0,9.2,2.9,0,5,3.4,46.7,4,1,0,8.12
6.57,76.3,1,5.0,1,3.6,1,8.4,2.2,4,1,6.8,42.8,0,1,0,8.37
8.3,97.3,0,5.2,3,5.4,1,2.1,3.7,4,2,4.7,54.4,1,0,1,6.06
7.7,94.9,0,5.3,3,4.6,1,2.4,4.7,1,1,0.0,42.7,3,0,1,7.5
8.74,84.7,0,3.7,2,3.3,0,10.0,8.8,2,0,4.1,63.8,0,0,1,11.18
6.8,100.0,0,3.3,4,1.9,1,4.9,4.9,2,1,4.4,43.0,1,0,1,8.7
6.1,72.6,0,2.5,3,1.2,0,2.3,2.8,2,2,3.8,62.9,2,0,1,4.96
6.71,100.0,1,0.3,2,7.1,1,8.0,6.1,2,1,2.5,18.7,4,0,1,9.09
7.32,85.6,0,1.0,4,4.6,1,5.7,5.4,1,1,4.5,43.9,2,1,1,9.09
7.23,100.0,0,2.9,3,7.6,1,6.8,4.2,3,0,0.2,51.6,2,1,1,8.91
5.59,61.3,0,3.0,1,4.5,1,0.4,4.6,1,1,6.5,80.0,0,1,1,5.77
7.12,68.3,1,5.5,2,6.3,2,4.7,7.9,3,1,3.8,23.0,0,0,1,10.29
7.3,83.9,0,5.3,2,5.2,0,7.7,3.0,3,3,6.0,80.3,2,0,1,8.96
10.0,83.6,0,2.1,3,5.6,0,4.0,2.5,3,2,3.5,73.2,1,0,1,8.61
9.44,100.0,0,4.5,4,5.7,0,8.3,6.7,2,2,4.1,24.3,2,0,1,10.49
5.89,68.6,1,2.4,2,4.5,1,2.5,4.6,0,4,8.1,70.8,2,0,1,6.37
6.63,90.7,1,4.3,1,2.8,0,5.2,8.9,2,1,7.6,41.4,2,1,1,7.3
5.1,94.3,0,4.5,2,7.2,2,9.3,5.5,1,1,6.6,71.4,1,1,1,9.45
6.23,87.9,2,5.2,3,9.0,0,2.9,5.6,2,1,5.3,72.6,2,1,0,6.22
7.41,64.5,0,2.4,2,9.2,0,6.1,7.4,1,1,1.1,75.9,1,1,1,7.43
8.57,97.7,0,4.8,1,4.3,0,6.8,2.5,0,0,6.2,48.6,2,0,1,7.93
6.05,95.2,0,0.2,2,3.9,0,5.7,6.5,2,2,5.6,73.6,1,0,1,8.9
6.15,86.4,0,5.3,3,4.3,0,4.9,5.1,2,1,5.3,90.8,0,0,1,6.75
4.21,80.9,1,3.2,1,5.1,1,3.5,7.9,4,1,5.8,54.2,1,1,1,6.95
6.79,81.2,0,3.2,2,5.4,0,6.0,4.5,2,0,6.6,56.7,3,0,1,7.36
5.62,76.9,3,0.0,1,3.3,1,5.3,6.2,2,2,3.8,74.2,2,1,1,5.61
6.31,87.0,1,2.6,2,2.2,0,2.2,5.1,2,0,9.6,3.1,3,1,0,5.03
5.86,78.4,3,5.4,1,5.6,0,8.0,6.6,1,2,7.3,40.4,1,1,1,10.69
6.88,66.1,0,2.5,1,0.0,0,3.4,5.3,1,1,3.9,80.1,0,1,1,6.29
4.71,63.3,1,4.3,3,5.3,0,2.3,6.3,5,0,7.1,63.1,0,1,1,4.74
5.09,67.5,0,3.3,1,3.4,0,4.1,9.3,4,0,3.4,55.7,1,1,1,6.98
9.77,81.1,0,4.9,1,7.2,0,3.4,5.2,1,2,6.0,41.2,0,0,1,7.47
5.33,77.6,0,3.5,2,7.8,2,4.9,6.6,0,0,5.3,60.5,0,1,1,7.22
5.57,81.0,0,1.7,1,7.9,1,2.6,10.0,1,0,5.1,49.4,2,1,1,6.75
9.39,85.0,0,3.3,1,4.7,0,6.5,6.6,0,1,5.7,25.1,0,1,1,8.83
10.0,69.2,0,5.8,2,3.0,0,8.7,0.9,1,1,5.1,86.1,2,0,1,10.29
5.48,98.5,0,4.0,2,3.7,0,5.7,4.5,3,1,2.5,46.1,1,1,1,5.56
6.52,74.3,0,3.0,2,6.1,0,2.2,3.4,1,1,5.6,54.6,1,1,1,5.52
7.44,71.9,0,6.8,4,1.9,1,3.4,7.6,2,2,3.0,24.3,2,0,1,9.37
9.25,84.8,0,5.1,2,8.6,0,6.0,5.6,1,2,9.5,49.3,2,0,1,8.65
5.72,52.3,0,4.5,2,4.8,0,1.0,7.9,2,0,8.4,80.1,2,1,1,6.06
6.68,66.9,1,3.7,4,6.6,1,2.7,7.0,1,1,1.3,78.6,1,1,1,6.57
8.01,91.7,0,4.4,2,1.6,1,1.7,7.0,0,1,4.7,60.5,0,0,1,5.65
7.57,53.7,0,4.4,3,3.5,1,5.8,3.4,2,1,2.4,47.5,0,0,1,6.09
6.51,93.6,0,0.0,2,1.3,0,10.0,6.8,3,3,4.4,60.5,2,1,1,9.61
6.83,99.2,0,3.8,2,7.7,0,2.6,8.5,0,0,7.0,70.1,2,0,1,5.63
5.21,72.8,1,2.9,4,5.1,0,7.4,2.9,5,0,2.8,30.1,0,1,1,9.88
6.69,82.1,2,2.4,1,6.8,0,4.2,5.2,0,1,4.9,65.0,4,1,1,6.2
6.65,93.7,0,2.9,4,5.6,0,2.5,6.5,2,1,4.4,75.3,0,0,1,5.65
7.3,71.5,0,0.7,2,6.5,1,9.1,6.0,1,2,0.5,58.8,1,0,1,10.5
6.28,90.1,0,0.3,2,4.8,0,10.0,8.7,1,1,4.1,59.6,2,0,1,8.93
7.61,68.6,0,5.2,2,5.1,1,6.4,7.3,2,2,8.2,45.5,2,0,1,10.66
8.32,71.3,0,3.9,1,5.3,1,6.3,6.6,1,0,9.3,65.9,0,1,1,10.63
7.2,66.8,1,0.0,1,6.4,0,5.6,7.4,2,3,9.0,92.2,1,1,1,8.77
7.46,82.8,0,2.3,4,6.5,3,5.2,7.3,2,1,0.2,88.1,0,0,1,8.0
7.07,94.2,0,4.6,2,10.0,2,6.3,5.9,3,0,2.2,48.5,1,1,1,9.22
7.0,75.4,0,2.8,3,9.2,0,7.1,5.1,1,3,2.9,52.5,0,0,1,8.13
6.06,60.2,0,5.2,1,1.6,2,9.3,7.8,1,1,6.0,87.3,1,1,1,11.88
7.41,62.8,0,4.9,1,5.2,0,4.3,4.3,4,2,4.3,71.9,0,1,1,8.36
6.87,83.5,1,1.0,2,4.6,1,5.8,5.7,0,1,1.1,71.5,0,0,1,7.24
9.72,100.0,0,3.0,1,8.3,1,5.3,3.5,2,2,8.1,23.8,2,1,1,10.98
9.05,83.5,0,2.5,2,4.8,0,7.9,7.3,0,1,6.8,78.3,2,0,1,9.27
7.5,72.6,1,1.0,4,6.5,2,10.0,8.3,2,0,1.6,54.4,1,0,1,11.16
6.01,88.7,1,0.9,3,0.4,0,7.9,3.9,3,0,5.6,64.7,0,1,1,7.2
5.55,74.6,2,1.9,2,2.2,0,7.3,5.5,0,1,7.2,45.9,2,1,1,8.19
8.55,72.7,1,2.2,2,10.0,0,7.6,4.8,2,1,0.0,93.0,2,0,1,8.54
7.34,64.6,0,3.7,2,5.6,1,8.4,8.0,1,2,6.5,40.5,3,1,1,10.75
7.62,97.7,1,4.9,2,3.3,2,10.0,8.6,0,1,4.9,99.1,2,0,1,11.54
4.73,42.5,0,4.0,3,6.0,0,1.6,4.8,3,3,0.0,60.6,2,0,1,5.4
8.21,89.2,0,4.4,2,3.2,1,6.9,0.0,0,1,7.3,56.7,3,1,1,8.73
7.59,71.5,0,2.8,1,4.9,1,0.0,8.1,3,1,6.2,42.3,3,1,1,8.72
5.56,72.3,1,4.2,1,2.3,0,7.7,5.9,2,1,2.3,49.5,3,1,0,6.38
6.39,100.0,1,3.0,4,3.8,0,6.8,5.9,3,0,3.9,55.9,1,0,1,7.68
7.34,68.0,0,2.5,3,4.6,0,4.2,7.7,0,3,4.4,62.7,2,1,1,7.27
7.07,68.5,0,6.2,4,8.0,1,0.0,5.1,1,0,4.2,70.8,0,1,1,5.39
6.62,76.2,1,0.0,2,6.5,0,5.5,4.5,3,0,0.6,55.8,3,1,1,6.53
6.87,83.8,2,0.2,2,6.9,0,6.0,5.1,0,1,4.3,70.8,2,1,1,5.86
6.67,71.8,0,3.8,2,5.4,0,5.4,6.8,2,0,2.7,83.7,1,1,1,7.18
7.2,56.0,2,2.8,4,7.3,2,4.1,7.6,3,1,2.6,81.2,2,0,1,10.17
8.91,65.9,0,0.9,1,3.6,1,3.4,9.1,1,1,2.1,72.5,4,0,1,8.56
3.66,95.9,1,1.5,3,3.9,0,5.4,6.6,2,3,1.4,70.0,0,1,1,6.83
6.69,79.0,1,1.7,1,6.4,0,3.7,5.5,0,2,9.5,38.8,2,1,0,7.93
7.23,84.3,0,4.6,1,4.9,1,7.4,7.6,0,2,8.7,64.2,1,0,1,9.34
7.38,74.3,0,5.1,1,5.5,1,5.3,3.9,0,0,8.2,38.3,4,1,1,8.23
6.52,68.8,1,5.8,2,5.1,0,1.5,8.6,2,0,8.4,80.3,1,0,1,7.17
4.72,100.0,2,0.7,3,8.3,0,5.9,6.2,1,2,0.0,65.8,1,0,1,7.91
7.43,75.4,2,1.0,4,8.4,1,6.5,5.3,2,0,2.9,82.6,0,0,1,10.83
9.25,71.8,0,0.9,2,4.1,1,9.2,3.9,2,3,5.6,83.5,0,0,1,11.02
5.01,93.3,1,5.3,2,1.6,0,7.6,7.1,2,1,4.1,68.8,1,0,1,8.65
8.12,67.9,0,3.9,3,3.9,1,3.4,5.2,0,1,0.0,46.5,2,0,1,7.52
6.57,69.7,1,3.3,1,3.5,1,8.8,5.6,4,1,8.0,15.1,3,1,1,10.5
6.92,78.1,0,3.6,3,7.3,1,2.3,2.5,3,3,5.4,70.9,0,0,1,7.45
5.63,78.0,0,3.1,3,7.5,0,5.6,4.9,5,1,2.6,56.6,6,0,1,8.91
6.57,81.6,0,1.4,2,3.2,1,7.2,4.7,3,1,6.9,76.0,2,0,1,8.25
8.69,100.0,0,4.0,1,3.8,1,8.9,6.6,1,3,6.3,74.0,0,0,1,11.38
7.76,82.7,4,2.9,1,2.2,0,9.8,5.3,3,1,7.5,72.0,2,0,0,8.63
9.25,44.7,0,1.3,2,5.8,0,8.4,0.5,0,1,2.9,64.9,1,1,1,7.53
8.53,82.6,2,4.1,4,5.4,1,5.2,5.0,1,0,3.5,26.8,3,0,1,7.6
7.57,78.5,0,2.5,2,7.2,0,6.8,2.9,0,0,5.6,85.3,0,0,1,7.69
9.27,78.6,2,3.6,2,6.6,0,6.0,3.7,0,1,4.5,34.9,1,1,1,8.5
7.57,81.4,0,3.0,2,6.8,0,3.9,7.8,1,5,0.0,47.1,0,0,1,9.87
8.08,77.6,0,4.6,3,2.1,2,5.2,2.4,4,1,4.4,53.4,1,0,1,10.39
6.61,77.3,1,3.6,2,4.1,0,9.6,6.4,1,1,5.6,60.4,2,0,1,8.92
7.09,86.6,0,1.8,1,7.6,0,7.0,4.8,1,2,3.8,53.6,1,0,1,11.33
6.09,70.4,2,3.7,3,4.3,1,10.0,4.4,4,0,5.3,48.9,1,1,1,9.91
8.29,64.7,0,3.8,2,1.9,0,3.0,3.8,1,2,5.6,76.1,1,1,1,5.28
5.47,100.0,0,4.0,2,7.3,1,4.6,6.4,1,1,5.9,33.4,2,1,0,5.47
8.02,68.0,0,4.9,2,4.2,0,6.5,6.7,2,0,4.1,51.7,1,0,1,9.25
6.75,79.4,2,2.2,1,7.8,0,7.2,2.3,0,0,2.1,18.1,0,0,1,4.92
8.52,57.1,2,4.3,4,5.5,0,5.2,8.1,1,0,0.0,39.4,1,0,1,8.43
7.98,79.6,0,0.4,3,4.9,0,7.3,3.4,0,1,5.6,28.7,2,0,1,7.46
9.37,64.9,0,3.0,4,8.5,0,7.3,6.6,1,0,0.5,74.7,0,0,1,11.37
7.95,71.8,0,2.8,4,2.6,0,2.3,3.4,1,0,1.2,63.7,2,0,0,4.47
4.96,92.6,0,5.5,2,8.7,0,7.2,4.9,2,0,6.9,43.8,0,1,1,7.86
6.91,84.6,2,2.9,2,4.1,0,8.0,3.2,1,3,0.1,0.0,2,1,1,7.89
5.48,86.0,0,4.2,3,5.9,0,6.2,4.7,1,0,0.3,29.5,1,0,1,5.8
6.33,53.2,0,0.4,1,5.9,1,1.3,5.4,0,1,7.8,38.0,2,1,1,7.09
8.96,100.0,0,2.6,4,4.6,0,4.9,3.5,2,1,3.2,52.8,1,0,1,7.38
7.83,61.3,0,1.8,1,3.8,0,6.5,6.4,2,1,1.4,75.2,0,1,1,7.61
6.09,99.4,1,7.2,2,4.7,0,3.5,6.7,0,1,4.0,31.2,0,0,1,5.32
5.68,92.3,1,2.1,3,3.3,0,7.6,10.0,1,0,4.4,33.0,3,1,1,6.94
7.04,86.1,0,3.3,4,9.8,0,7.2,7.7,1,0,0.5,26.5,1,1,1,6.46
5.42,66.0,1,3.4,2,4.4,0,5.8,8.2,3,1,1.7,60.1,0,1,1,6.77
6.13,80.1,1,0.7,2,8.0,0,5.5,2.3,0,0,1.1,16.6,0,0,1,3.8
7.41,71.4,0,2.4,2,7.8,1,5.9,1.9,2,1,6.9,24.7,1,1,1,6.92
8.5,78.4,0,3.8,2,6.3,0,5.5,5.2,1,0,7.4,69.4,0,0,1,6.77
7.79,74.5,0,3.3,3,5.2,0,2.5,9.4,0,1,5.7,90.5,2,0,1,7.18
4.02,49.5,2,0.0,2,5.9,2,4.5,10.0,1,2,7.8,61.3,1,1,1,6.21
7.4,93.7,0,2.3,3,6.8,1,5.7,4.4,4,0,6.9,53.7,0,0,1,9.26
7.09,76.9,0,4.8,1,5.7,0,8.8,4.6,1,0,2.5,100.0,0,1,1,5.86
7.54,71.2,1,4.1,2,2.1,1,7.1,6.9,3,4,7.3,49.6,1,1,1,9.46
9.1,70.2,0,5.1,4,1.5,1,8.9,5.4,2,2,3.3,49.6,1,1,1,10.76
4.32,83.0,1,1.6,2,8.8,0,2.3,5.5,3,1,9.4,49.3,1,1,1,4.55
6.23,65.5,0,5.2,2,0.0,0,4.7,7.1,2,1,10.0,90.0,0,1,1,7.14
7.77,46.4,0,3.1,2,5.9,0,10.0,10.0,3,1,4.6,70.8,2,1,1,9.57
4.94,83.7,0,5.7,4,5.0,1,3.8,8.4,2,0,2.3,70.6,0,0,1,8.76
8.92,85.3,0,3.2,1,5.9,0,3.7,9.5,2,0,5.1,66.5,2,1,1,10.19
7.48,75.2,0,0.0,1,3.0,0,4.9,2.1,1,1,6.2,50.9,3,1,1,3.7
8.1,61.9,0,4.6,3,6.3,2,10.0,7.9,1,0,4.5,53.5,2,1,1,11.93
6.26,79.2,1,2.5,3,6.0,0,4.0,3.9,4,0,10.0,40.7,0,1,1,6.12
8.06,57.5,0,2.6,2,10.0,0,6.8,9.2,2,2,5.3,52.1,1,0,1,9.5
8.39,63.6,0,0.9,2,5.8,0,6.4,8.5,1,1,4.0,65.7,1,0,1,8.87
7.3,67.5,0,5.8,2,8.5,0,1.1,7.0,3,2,5.0,56.1,1,1,1,5.81
7.3,89.8,0,2.4,4,2.2,0,5.5,4.3,1,0,1.1,76.2,1,0,1,6.77
7.35,72.9,0,5.7,3,7.7,1,4.2,4.8,3,1,0.1,65.3,0,0,1,9.69
5.88,71.7,1,2.5,4,6.0,0,7.1,5.0,2,2,2.7,63.8,0,1,1,9.72
6.81,100.0,2,1.7,4,6.1,0,9.5,7.3,0,3,8.4,42.6,1,1,1,9.24
6.8,82.9,1,5.3,2,6.1,0,4.7,6.6,0,0,7.0,35.5,2,1,1,4.67
7.5,82.7,0,3.1,2,9.3,0,4.7,8.6,3,1,3.9,37.5,0,0,0,8.12
8.3,72.8,0,3.1,3,6.1,1,10.0,9.0,1,0,4.8,81.8,1,0,1,10.6
5.62,69.7,2,1.1,3,3.8,2,3.9,4.1,2,0,9.8,25.5,3,1,1,8.44
6.84,47.4,0,2.5,3,4.1,2,2.4,6.8,0,1,4.5,63.8,2,1,1,5.76
8.93,91.6,0,3.9,1,7.3,2,8.7,6.7,1,1,4.0,63.8,0,0,1,9.09
6.03,84.3,0,1.1,4,6.5,0,5.4,5.6,0,1,3.2,46.3,0,1,1,5.59
5.93,75.5,3,2.3,3,2.1,0,6.2,7.7,3,0,5.5,59.3,2,1,1,8.42
7.26,76.1,0,2.5,3,6.6,2,10.0,6.8,2,0,5.0,63.4,1,1,1,9.83
8.1,88.3,0,3.3,2,3.1,0,2.3,4.7,1,1,8.3,36.9,3,0,1,6.02
7.01,56.2,0,5.6,2,6.5,0,5.1,5.5,4,0,5.2,44.2,0,0,1,8.51
8.73,69.7,0,2.7,3,3.7,0,2.7,5.1,2,2,0.0,57.3,2,0,1,5.75
8.11,62.1,1,2.1,3,4.9,1,6.3,4.3,5,3,5.1,57.9,0,1,1,10.15
8.09,100.0,0,7.6,1,4.3,0,4.2,5.6,2,1,6.9,31.6,2,0,1,7.87
7.72,90.3,0,2.5,2,8.8,1,2.8,3.2,0,2,5.8,60.1,1,1,0,7.33
10.0,47.2,0,2.9,3,6.4,1,7.2,6.7,2,0,2.0,60.8,0,1,1,10.06
6.73,56.8,1,2.6,4,8.3,0,5.5,8.6,2,1,7.6,78.3,1,1,0,9.69
4.4,76.1,2,2.8,1,10.0,1,2.6,5.9,4,1,3.5,57.9,3,1,1,5.66
9.09,71.4,0,3.3,1,5.6,0,2.8,7.7,2,1,3.7,50.3,1,0,1,8.84
6.4,59.5,1,4.7,2,8.8,0,6.0,6.1,0,1,4.5,73.7,4,1,0,8.14
7.14,100.0,0,3.8,1,4.0,1,1.7,3.8,2,0,9.1,80.6,1,0,1,3.22
8.7,82.4,0,4.9,1,8.3,0,6.0,9.8,1,0,9.2,30.6,1,1,1,10.68
4.92,84.6,0,4.9,2,3.7,0,8.6,1.0,5,1,6.5,47.8,2,1,1,6.46
5.37,68.3,1,3.5,2,5.5,1,7.0,5.8,3,0,7.1,16.0,0,1,0,7.55
4.92,88.1,3,3.8,2,6.7,2,4.1,4.3,0,0,2.0,39.0,2,0,1,7.17
5.97,72.7,1,5.0,2,7.0,0,6.1,9.0,0,1,1.1,87.9,1,0,1,6.82
7.57,74.0,0,1.4,4,2.7,0,2.6,6.2,1,1,2.1,36.7,1,1,0,6.37
7.68,86.6,0,7.2,2,3.6,4,5.8,10.0,4,1,7.0,67.5,2,1,1,13.14
7.36,55.2,0,2.4,3,6.8,0,4.7,5.9,0,1,6.1,66.4,0,0,1,7.05
5.16,100.0,3,2.6,1,4.7,1,3.1,4.3,2,1,4.0,46.5,0,1,1,4.8
4.0,80.6,1,1.3,3,2.4,2,6.9,2.4,2,1,1.8,49.1,0,0,1,8.45
7.07,95.9,2,1.3,3,5.3,0,1.0,8.0,0,1,6.7,86.0,2,1,0,5.92
6.39,62.9,1,4.8,1,5.2,2,2.8,4.1,4,0,6.4,77.0,1,1,1,5.69
7.6,65.1,0,6.8,3,5.9,0,3.0,5.0,0,0,0.0,100.0,2,0,1,5.72
7.91,61.7,0,2.3,3,6.7,2,4.3,8.3,3,1,1.4,7.1,1,0,1,10.05
7.18,81.5,0,3.8,2,6.5,1,8.5,7.9,1,1,6.1,68.9,1,0,1,9.26
7.99,78.9,0,3.6,3,3.8,0,7.2,4.6,1,2,1.3,10.5,3,0,1,6.76
7.3,71.5,1,4.8,2,4.6,1,5.7,4.9,2,1,2.7,57.3,1,0,1,6.78
7.69,63.8,1,6.7,2,7.5,0,5.6,2.3,0,1,2.8,53.7,1,1,0,5.97
6.08,60.3,1,5.6,4,4.3,0,5.5,1.7,2,0,5.0,35.2,1,1,0,6.38
6.77,77.3,1,2.8,1,4.6,0,8.7,7.3,3,1,6.0,46.0,0,0,1,10.65
7.26,71.5,0,4.0,1,2.2,0,1.3,7.5,1,1,9.9,52.1,2,1,1,4.46
8.07,68.4,0,4.2,1,5.4,1,7.3,6.5,2,2,5.0,66.8,0,0,1,9.31
6.49,99.7,2,3.2,4,6.3,1,4.3,6.2,3,1,2.5,35.1,1,1,1,5.51
7.68,76.8,0,1.4,1,1.2,1,6.7,4.4,0,2,6.8,43.3,1,1,1,8.41
6.65,95.8,1,1.9,1,3.1,0,6.7,8.7,1,1,4.6,68.4,1,1,1,9.82
6.85,70.5,3,5.0,3,2.4,0,7.2,2.2,2,2,0.3,72.4,0,0,0,8.86
8.08,81.4,0,5.2,3,7.2,2,9.1,4.9,2,0,3.2,100.0,0,0,1,10.25
4.41,77.2,3,2.9,2,1.3,0,2.3,6.1,2,2,3.3,61.4,2,1,1,4.76
5.31,54.2,2,3.6,4,5.3,0,7.8,5.8,3,1,2.7,70.7,0,1,1,7.51
5.07,98.0,0,5.1,1,7.1,1,5.4,5.8,0,1,4.6,53.5,0,1,1,6.16
3.97,76.1,0,0.5,2,5.9,2,4.4,4.8,1,0,6.0,86.1,1,1,1,6.02
6.12,88.4,0,2.5,2,4.5,0,10.0,6.9,3,0,4.2,39.4,3,1,1,8.84
7.97,67.5,0,6.4,2,6.3,0,7.1,3.4,1,1,1.3,56.7,1,0,1,7.98
6.63,75.7,2,3.7,3,7.8,0,4.5,5.5,0,0,2.6,63.0,1,0,1,4.81
7.26,65.9,1,1.4,2,5.3,2,7.7,6.7,2,1,2.2,67.8,0,1,1,10.59
8.42,95.3,0,3.4,1,0.6,1,5.4,5.1,1,0,10.0,76.7,0,0,1,8.95
8.73,82.4,0,4.8,1,8.0,0,4.5,5.8,0,2,6.1,53.9,4,0,1,10.48
6.91,83.1,0,0.0,1,6.4,0,4.1,6.2,2,2,7.5,75.9,1,0,1,7.81
8.76,97.0,0,3.5,3,5.4,1,6.2,2.3,3,2,3.8,29.7,0,1,1,9.15
7.12,94.2,0,2.6,1,1.1,0,4.1,2.5,1,1,10.0,63.0,1,1,0,7.84
5.91,88.7,0,0.6,4,4.8,0,5.9,6.1,3,1,0.1,20.3,3,0,1,9.02
6.23,58.1,0,3.3,1,3.6,0,7.5,4.6,1,2,4.2,53.5,1,1,1,6.92
5.08,68.3,2,3.0,4,2.8,0,5.8,4.7,2,0,5.6,100.0,0,1,1,8.06
5.85,63.9,0,3.2,3,5.2,0,10.0,6.9,3,0,2.8,63.3,1,0,1,9.48
6.53,88.2,3,2.6,1,4.3,2,5.5,3.8,0,3,4.3,48.5,1,1,1,6.6
8.04,80.4,1,1.6,1,4.5,3,8.6,1.0,2,1,4.7,68.3,3,1,1,9.64
9.24,58.5,0,0.9,3,7.1,1,7.7,9.1,1,2,8.4,57.1,1,1,1,10.34
5.2,75.4,1,2.1,1,6.1,0,9.0,8.2,2,1,10.0,35.5,1,1,1,10.19
7.51,57.1,0,4.6,1,4.4,1,10.0,8.2,0,0,6.9,21.1,1,1,1,10.23
5.65,77.3,2,3.6,3,4.1,1,1.4,3.6,1,1,4.5,57.8,3,0,1,5.15
7.62,54.8,0,3.1,4,4.5,0,6.1,5.6,3,1,4.8,54.1,3,1,1,8.39
6.83,85.4,0,1.5,3,5.0,0,5.2,3.3,2,1,4.9,52.9,0,0,1,9.06
4.62,83.3,2,2.6,3,6.8,1,5.8,5.7,0,2,4.4,74.9,2,0,1,6.44
8.21,100.0,0,4.4,2,3.2,2,4.6,5.1,3,0,4.0,85.8,2,0,1,8.62
6.21,89.9,2,4.0,3,8.7,0,4.3,3.6,1,2,2.6,72.9,1,0,1,7.46
6.31,72.1,0,2.4,2,6.8,2,3.0,6.8,1,1,6.1,51.7,1,1,1,7.53
5.61,89.5,1,0.0,3,0.0,0,5.7,5.3,1,1,4.3,61.1,2,1,1,8.07
6.15,58.4,0,2.1,3,5.7,0,7.6,9.2,2,0,7.4,80.7,2,1,1,8.01
7.56,64.5,0,2.4,2,7.8,1,4.4,6.0,1,2,4.4,76.2,1,0,1,8.25
6.75,82.7,0,1.7,4,6.4,0,4.7,0.7,1,3,0.9,70.2,3,1,0,8.29
7.43,47.8,0,2.5,2,4.6,0,3.9,2.2,4,0,1.6,49.0,2,1,1,6.23
7.47,77.5,0,4.5,2,5.4,1,3.2,10.0,4,1,3.2,80.7,0,1,1,10.05
8.72,63.7,0,3.1,2,5.9,1,5.0,5.1,2,1,1.7,86.9,0,1,1,7.11
6.55,79.4,1,4.8,1,7.2,1,6.3,6.3,1,0,8.6,76.4,2,0,1,8.68
5.08,62.9,0,0.8,2,2.4,2,8.4,5.8,1,0,4.0,100.0,0,0,1,7.78
8.39,83.9,0,2.7,4,4.2,0,2.8,8.6,3,1,1.2,75.0,0,0,1,9.04
6.57,78.3,0,0.1,2,9.1,0,5.4,2.0,0,2,6.1,82.9,1,1,1,4.97
8.45,97.6,0,2.5,3,5.6,0,8.2,8.5,3,2,8.5,72.8,2,1,1,11.73
7.5,78.1,0,1.5,2,8.9,1,2.8,8.3,1,0,4.0,57.4,1,1,0,7.25
6.83,67.2,1,5.3,3,10.0,1,8.4,5.8,2,1,1.4,36.5,4,0,1,9.81
7.45,74.5,0,3.9,3,4.4,2,4.5,6.6,3,1,3.1,44.6,4,0,1,9.3
9.54,59.2,0,4.8,1,2.9,0,7.1,5.1,2,3,1.7,44.8,2,1,1,9.9
9.7,83.7,0,2.5,2,4.9,2,5.0,2.4,2,0,6.2,35.8,3,0,1,8.5
7.09,86.3,1,1.6,3,7.9,2,6.6,7.0,2,0,5.3,54.3,1,1,1,8.29
7.21,100.0,0,1.5,1,8.2,0,9.2,6.3,5,2,5.0,60.1,3,0,1,11.26
8.4,69.3,0,3.6,2,10.0,0,5.2,6.3,2,1,2.4,83.8,0,0,1,7.08
5.9,74.3,0,6.1,2,5.4,0,7.8,6.8,1,1,10.0,35.9,0,1,1,7.65
7.43,69.9,0,3.9,1,6.6,2,6.1,4.6,0,0,3.2,77.8,2,0,1,7.17
6.97,81.0,4,2.6,4,3.9,1,3.7,8.8,1,2,1.3,65.4,2,1,1,7.61
7.41,83.3,1,2.9,4,0.0,0,5.2,5.8,2,1,3.1,67.5,2,0,1,5.59
5.92,77.3,1,3.1,3,5.4,1,5.0,6.9,4,0,6.0,58.1,2,1,1,9.29
4.93,93.2,1,6.4,1,3.0,0,2.3,5.3,0,0,5.7,100.0,3,0,1,4.9
4.31,69.4,1,5.2,4,6.9,0,6.6,7.9,2,0,3.1,44.3,0,0,1,6.65
5.55,91.8,1,3.6,2,1.4,1,7.0,6.0,4,1,6.4,48.8,2,1,1,8.9
6.4,85.5,1,3.4,4,3.9,0,7.4,5.6,2,0,10.0,62.4,2,1,1,9.04
6.62,77.8,1,3.7,1,6.1,3,8.8,8.2,1,0,4.7,67.9,2,0,1,10.04
9.52,73.6,0,4.0,1,6.3,1,7.7,2.4,1,3,4.8,64.5,0,0,1,11.48
8.44,100.0,0,2.5,3,5.4,0,4.1,5.2,3,2,3.8,59.0,0,1,1,7.44
5.75,66.6,1,1.8,4,9.6,0,4.6,4.6,2,2,4.6,70.5,1,1,0,6.47
7.45,82.2,0,4.9,1,9.0,0,7.4,6.5,1,1,10.0,72.0,1,0,1,6.95
6.47,67.5,1,3.2,2,4.0,0,6.4,6.4,5,1,4.7,59.2,1,1,1,10.2
6.63,100.0,0,4.7,2,9.0,2,5.5,5.8,1,2,6.3,96.7,0,0,1,8.29
7.24,90.4,0,5.8,4,9.4,0,3.5,4.4,2,1,0.0,68.8,2,0,1,6.95
7.8,68.5,0,4.0,3,5.2,0,4.3,5.8,0,0,4.1,54.5,3,0,1,5.8
6.56,85.2,2,3.8,4,5.6,0,6.8,6.4,5,1,3.0,84.9,0,1,1,8.7
8.38,81.6,0,8.3,3,5.4,0,1.0,5.4,2,2,6.3,19.4,1,1,1,5.52
5.52,70.8,0,3.5,3,4.1,3,0.1,8.0,2,4,2.8,37.5,1,1,1,6.71
7.01,88.6,0,1.5,2,4.3,2,7.1,7.0,3,2,2.2,55.9,0,0,1,8.55
10.0,83.5,0,2.8,1,8.4,0,4.3,5.8,0,1,6.5,36.4,3,1,1,7.82
7.29,81.0,0,5.7,3,6.5,0,6.6,1.1,1,1,0.4,76.1,3,0,1,6.16
8.86,77.4,0,1.1,2,4.3,0,9.1,5.4,0,1,3.2,75.4,2,0,1,11.86
7.12,84.0,0,2.0,2,3.5,3,3.2,7.1,2,1,5.1,92.6,3,0,1,7.61
7.76,81.2,0,5.0,1,3.8,0,1.7,5.2,1,0,0.5,48.4,1,1,1,4.93
6.93,78.8,0,2.8,3,5.1,0,4.9,6.4,3,0,3.4,71.3,3,0,1,8.25
6.78,69.0,1,3.0,3,7.5,0,3.9,5.4,1,1,7.6,85.6,1,1,1,5.28
5.99,100.0,0,4.9,2,3.6,1,5.4,6.3,1,1,1.3,63.3,3,0,1,7.25
7.56,63.3,2,2.1,4,7.5,0,6.7,8.6,4,2,1.4,79.7,3,0,1,10.56
5.89,84.0,1,0.9,2,5.9,0,6.3,7.4,3,2,6.4,58.0,0,1,1,8.81
7.87,73.5,0,1.0,1,5.8,1,5.6,3.2,4,0,7.9,86.3,0,1,1,8.57
8.41,100.0,0,4.1,1,7.8,0,7.9,2.5,1,1,6.1,44.8,3,0,1,8.25
7.48,65.4,2,3.6,2,7.4,1,7.0,6.7,2,0,4.6,29.0,1,1,1,10.07
6.63,67.7,1,2.1,1,2.4,1,5.1,8.1,4,1,9.8,52.4,1,1,1,10.19
7.59,64.4,0,1.3,3,3.1,0,7.0,2.5,2,1,4.5,58.2,1,1,1,7.86
6.6,82.5,1,2.8,3,5.0,0,1.9,5.4,0,1,1.6,68.8,2,1,1,5.68
8.22,58.8,0,5.0,2,6.3,0,7.9,10.0,0,0,5.3,69.0,2,1,1,8.63
4.62,71.3,1,1.9,3,8.5,0,5.6,5.3,2,0,3.7,45.8,0,1,1,7.12
6.56,47.9,0,2.1,4,5.6,1,2.7,10.0,1,0,2.0,40.0,1,1,1,7.9
4.41,81.4,1,1.3,2,9.2,0,4.5,4.2,0,1,1.1,92.5,0,0,1,4.4
5.06,71.0,2,2.6,1,3.9,1,7.9,4.5,2,1,6.0,57.2,1,1,1,7.26
8.77,57.2,0,3.7,1,4.3,2,3.7,4.4,1,1,7.3,50.5,1,0,1,10.45
8.16,93.2,0,6.6,3,4.8,0,6.4,3.2,5,2,5.7,66.4,1,0,1,8.63
6.06,59.7,0,3.5,2,3.7,1,7.5,2.4,4,1,5.0,40.6,1,1,0,8.18
5.05,89.2,2,3.1,3,8.1,0,5.6,5.4,5,0,4.1,45.7,5,1,1,5.64
3.5,68.2,0,4.6,3,0.0,2,3.5,6.1,2,3,2.7,75.8,3,1,1,7.73
6.29,100.0,0,4.3,2,4.4,1,5.4,4.4,1,2,7.2,39.7,2,0,1,6.81
10.0,88.5,0,2.3,1,8.0,1,2.3,4.8,1,0,3.3,33.4,1,0,1,7.73
7.57,63.9,3,6.9,1,4.8,1,4.4,8.7,0,1,4.8,52.9,0,1,1,7.91
6.27,65.2,1,3.2,2,7.9,0,3.0,7.7,3,0,3.1,65.2,1,1,1,9.09
7.6,86.5,0,3.6,3,10.0,1,5.4,5.3,3,0,3.7,87.5,0,0,1,10.37
4.97,74.3,1,4.1,3,5.7,0,2.6,6.7,2,1,7.0,66.8,0,1,1,5.71
6.61,75.6,4,3.8,2,8.1,0,5.7,2.5,3,0,2.3,70.3,2,1,0,6.08
7.13,95.8,0,5.6,3,10.0,2,8.1,6.3,1,0,4.6,39.5,0,0,1,9.69
6.89,67.5,3,2.3,2,6.4,2,8.3,5.7,1,1,5.7,63.7,0,1,1,9.53
8.03,79.3,0,4.5,1,5.4,1,2.6,5.1,4,2,3.8,37.6,1,1,1,10.0
7.45,91.4,0,3.5,1,7.5,1,4.0,5.9,2,2,5.6,78.3,0,0,1,10.88
7.87,89.3,2,4.8,1,8.1,1,7.5,5.5,1,2,3.9,62.3,1,1,0,9.75
6.11,75.8,1,2.9,1,5.4,0,7.1,3.2,3,0,6.2,59.0,3,1,1,8.13
8.17,74.0,0,2.6,2,4.4,2,4.1,9.2,2,0,4.7,70.1,3,0,1,11.47
9.12,53.7,0,4.4,3,9.3,1,4.4,7.7,4,0,7.5,50.2,2,1,1,10.2
5.74,63.2,1,3.8,1,4.9,0,5.7,5.0,2,1,4.2,50.3,0,1,1,5.89
5.85,82.5,2,1.9,1,8.1,0,1.3,2.3,0,3,5.6,41.0,2,0,0,4.22
8.74,76.1,0,5.4,1,6.1,0,6.7,0.9,1,0,5.1,95.6,1,1,1,7.48
6.75,79.0,3,4.4,1,9.5,0,8.0,9.8,1,0,9.1,55.4,0,1,1,7.92
8.82,92.5,0,3.1,1,3.6,1,4.6,5.5,3,1,4.9,53.7,1,1,1,9.11
6.42,61.4,2,2.5,1,3.6,0,2.2,7.3,2,1,4.0,73.9,1,1,1,4.5
8.89,74.7,0,3.8,1,7.4,0,8.7,3.9,0,1,4.2,60.2,1,0,1,6.81
7.17,80.6,0,4.3,4,3.0,1,6.0,5.2,2,2,1.2,13.6,0,0,1,8.58
7.34,68.1,2,0.6,2,5.8,0,7.1,5.3,2,2,3.7,100.0,0,0,1,8.33
9.03,98.0,0,3.8,1,8.9,1,2.5,6.3,1,2,4.0,50.4,3,0,1,10.07
6.53,90.7,0,4.2,2,1.6,1,2.5,6.0,2,0,5.0,43.2,0,1,0,5.95
5.78,82.1,1,0.0,1,6.4,1,6.5,4.0,2,2,3.0,56.7,1,1,1,8.17
6.42,100.0,0,3.5,2,8.2,0,7.9,3.9,1,0,6.3,49.7,1,0,1,6.86
7.59,57.0,3,4.3,2,5.4,0,2.9,5.6,2,1,5.1,50.1,1,1,1,4.76
4.96,77.9,1,4.1,3,3.5,1,5.3,2.3,0,0,7.7,62.3,0,1,1,5.4
7.83,83.1,1,4.5,4,4.9,0,1.8,4.2,0,1,4.1,22.8,3,0,1,5.82
6.3,65.2,0,2.7,3,3.7,1,3.9,5.5,0,2,4.8,74.7,3,0,1,6.16
8.49,82.2,0,1.5,1,5.7,2,4.9,6.6,2,0,10.0,79.1,2,0,1,9.15
3.89,62.5,1,0.3,2,4.9,0,6.6,8.8,1,0,6.0,26.2,1,0,1,7.44
5.98,87.7,0,4.9,2,4.4,2,0.7,4.8,0,2,4.5,69.1,1,1,1,5.45
4.81,92.8,1,4.3,3,6.5,0,8.5,5.9,3,1,2.0,42.9,1,0,1,9.38
5.93,81.8,2,5.1,1,9.0,1,5.1,2.1,2,0,9.3,51.2,3,1,1,6.73
7.32,52.1,0,2.0,3,6.2,4,8.5,6.5,0,1,1.7,67.0,0,1,1,12.32
6.77,64.5,0,4.5,2,8.5,1,7.1,4.0,1,2,2.4,77.3,1,0,1,10.12
6.67,85.9,1,0.8,2,9.0,0,7.5,5.2,2,1,2.4,66.6,3,1,1,7.12
6.79,78.3,2,1.8,2,4.2,0,10.0,6.8,2,1,3.3,32.2,2,1,0,10.74
7.26,40.3,0,3.4,2,6.1,0,3.7,6.8,0,1,5.1,61.3,1,1,1,8.05
5.69,95.4,1,4.3,3,4.6,0,5.8,2.9,0,2,3.4,69.8,0,1,0,7.25
7.92,79.9,0,5.9,2,2.2,0,3.2,7.4,3,1,6.2,44.5,0,1,1,7.47
7.86,66.5,0,2.8,1,6.3,0,5.3,5.7,0,0,3.5,43.1,3,0,1,4.08
7.5,91.9,1,1.8,1,3.2,0,7.2,8.3,2,0,4.0,58.6,2,1,1,11.52
7.72,68.5,0,1.7,3,6.6,0,8.1,8.7,2,1,4.4,71.5,2,0,1,7.94
7.39,68.4,0,2.1,2,2.1,1,4.6,9.0,2,2,2.8,48.7,1,0,1,11.18
9.65,83.0,0,6.8,2,5.9,2,2.7,3.0,0,0,1.9,64.8,3,0,1,6.48
6.89,100.0,1,4.4,2,2.0,0,5.7,6.6,2,1,1.5,34.8,3,0,1,6.38
6.6,100.0,1,5.0,2,7.0,0,3.5,2.6,3,0,4.9,65.4,0,0,1,6.06
6.02,83.0,0,2.8,2,4.6,0,4.2,8.4,2,0,4.8,23.6,2,1,0,6.7
5.66,84.5,0,3.2,1,4.4,0,7.0,8.7,3,0,5.7,66.2,0,1,1,10.54
5.38,89.1,2,4.3,2,8.0,1,6.6,7.8,3,1,7.8,77.6,3,1,1,7.8
5.84,60.4,1,2.4,2,4.8,1,7.4,5.0,2,4,5.7,56.7,3,1,1,10.01
6.91,87.0,2,2.7,1,5.7,1,4.7,6.9,2,0,6.0,71.1,0,1,1,8.4
7.43,67.7,0,2.1,3,5.1,2,7.8,4.7,1,0,7.1,64.9,2,1,1,8.36
7.07,82.5,0,2.5,1,6.6,0,5.5,5.8,3,2,8.2,32.5,2,1,1,8.82
6.0,74.8,0,3.3,1,7.8,1,4.8,5.6,1,1,4.3,36.4,0,1,1,7.0
8.17,85.0,0,1.9,3,7.3,0,3.0,1.8,3,1,5.9,52.8,1,1,1,7.98
7.96,79.7,0,3.7,3,4.5,2,0.7,4.2,1,0,8.1,57.0,2,1,1,6.3
6.79,35.0,1,3.7,1,8.2,0,1.9,10.0,3,2,10.0,44.3,3,1,1,9.0
6.15,80.5,1,2.9,3,3.5,0,6.0,5.6,0,0,6.2,35.6,2,1,1,6.87
7.71,87.0,0,1.9,1,3.9,1,3.4,6.1,2,1,6.9,2.9,0,0,1,6.5
7.24,84.2,1,3.4,3,5.2,0,1.7,5.8,2,0,4.7,93.5,3,1,1,3.94
5.12,76.6,2,2.4,2,7.8,0,4.5,5.0,2,1,8.4,94.1,1,1,0,8.01
6.91,100.0,3,3.3,3,2.9,1,6.1,5.9,1,1,0.9,43.1,1,1,0,8.13
7.34,82.4,0,5.0,2,7.5,1,6.5,5.0,2,1,7.9,31.2,1,1,1,8.61
5.83,84.1,1,1.2,2,5.4,1,5.4,1.2,1,0,5.3,89.1,1,1,1,6.4
7.25,92.6,1,6.7,3,4.5,2,5.4,7.4,2,1,1.9,17.6,0,1,1,9.25
5.11,83.1,3,3.1,1,7.9,0,4.3,9.0,2,1,3.3,80.6,1,1,1,6.82
8.74,65.4,0,3.9,1,3.7,1,7.0,3.5,1,0,2.1,72.7,0,1,1,7.01
8.62,43.9,1,2.0,2,10.0,2,5.1,5.0,1,1,6.3,53.0,2,1,1,10.19
6.67,71.3,1,5.0,2,5.1,0,5.3,8.8,1,0,9.4,87.9,1,1,1,7.59
7.47,88.7,0,3.0,1,5.8,0,7.9,4.3,0,0,4.9,46.8,1,1,1,8.48
3.87,73.1,0,2.6,2,8.9,1,7.3,6.6,1,0,3.0,76.8,1,1,1,6.29
5.5,89.2,1,2.3,2,5.9,1,5.1,10.0,5,1,7.8,55.0,5,1,1,8.98
6.62,80.1,2,2.8,2,8.1,1,4.7,7.1,0,0,5.3,35.7,0,1,0,5.55
5.61,96.0,3,3.9,4,1.2,0,4.7,5.9,4,0,5.9,100.0,0,0,0,8.12
7.93,73.9,0,3.5,2,4.5,0,0.9,7.6,4,0,2.8,45.8,2,0,1,6.73
9.6,84.5,0,3.1,2,6.4,0,8.0,7.4,2,2,6.5,51.4,0,0,1,8.01
5.47,85.1,0,2.1,2,7.9,0,3.9,4.5,3,3,9.2,76.3,0,1,1,6.24
5.91,99.0,2,2.0,1,7.2,1,7.5,2.3,0,0,3.6,84.8,1,1,0,7.36
7.31,54.1,2,2.5,3,7.0,0,5.6,7.0,2,1,3.3,33.6,4,0,1,9.67
9.09,71.6,0,3.9,3,7.8,1,8.7,7.3,3,3,3.2,88.8,0,1,1,10.24
5.41,89.9,1,4.3,3,6.5,0,6.7,5.2,2,2,5.7,59.9,3,0,1,8.81
7.32,99.6,0,4.5,4,0.8,0,7.6,9.1,1,0,5.9,58.2,1,0,1,9.55
9.37,81.4,0,3.2,2,8.7,0,4.1,8.7,1,1,3.4,56.7,1,0,1,8.11
4.85,73.9,2,3.8,3,3.7,0,2.5,7.3,1,1,9.7,59.7,0,1,1,6.17
5.33,88.6,0,2.9,1,6.2,0,5.8,5.2,2,1,6.1,28.8,0,1,1,7.06
6.45,90.2,0,0.4,4,5.9,0,1.1,1.6,0,0,1.7,68.1,3,0,1,3.15
6.32,73.0,3,2.9,2,5.6,2,4.4,5.5,4,2,8.3,64.1,1,1,1,10.07
8.06,82.6,1,2.6,1,3.1,0,2.8,2.1,6,0,6.3,52.7,1,1,1,8.78
7.31,94.5,0,1.5,3,1.2,1,3.6,1.1,1,0,3.1,64.1,2,0,1,4.57
4.69,100.0,1,2.3,2,3.3,2,6.9,7.1,1,2,3.8,55.9,0,0,1,8.81
7.67,88.4,1,3.4,4,7.3,1,6.7,8.1,4,1,7.8,58.5,0,1,0,10.02
6.25,78.6,1,1.4,3,2.3,2,5.1,1.9,2,1,1.7,68.4,0,0,1,8.07
8.66,77.2,0,2.1,3,3.6,1,6.2,5.3,2,1,6.6,55.5,2,1,1,9.0
6.18,85.8,1,5.7,2,6.4,0,4.3,5.8,3,0,3.1,44.5,0,1,1,8.34
6.17,76.4,2,0.6,2,3.2,0,10.0,5.2,2,1,3.6,75.2,0,1,1,6.85
7.7,80.7,1,2.9,3,4.3,1,6.2,3.0,0,0,3.8,38.5,1,0,1,7.72
7.99,63.2,2,1.3,1,5.7,1,4.1,8.5,0,1,7.1,81.0,1,1,1,7.57
7.58,96.2,0,2.0,1,6.1,0,7.5,3.1,4,2,2.2,53.1,0,0,1,8.81
4.81,62.0,1,2.9,4,3.2,0,8.4,1.9,3,0,1.7,77.5,1,1,1,4.73
7.7,72.0,0,1.6,4,5.8,0,3.7,3.1,3,1,5.4,88.8,1,0,1,8.38
5.66,79.4,0,4.1,4,6.4,1,2.2,6.8,0,0,5.4,58.8,1,1,1,3.93
7.31,100.0,0,5.4,1,2.7,0,2.7,5.3,2,2,5.3,77.4,2,0,1,7.23
5.15,72.1,2,4.5,1,6.0,1,4.0,4.3,2,0,3.3,72.6,0,1,1,5.41
7.58,68.7,0,4.8,4,3.9,1,5.4,6.9,1,2,3.5,63.7,1,1,1,8.37
5.95,70.3,0,1.0,1,5.8,0,1.8,6.5,3,2,7.9,72.1,0,1,1,6.77
5.33,100.0,0,2.8,2,7.1,1,4.5,1.2,0,2,5.4,54.4,0,1,1,7.01
7.93,38.6,2,3.9,2,5.1,0,5.0,6.8,2,1,8.2,92.8,1,1,1,6.65
7.31,64.0,0,4.6,3,7.5,0,6.2,8.2,5,1,3.4,61.7,1,1,1,9.0
6.2,100.0,0,6.0,2,7.2,0,6.9,5.6,1,1,2.0,45.4,1,0,1,7.7
8.89,86.3,0,4.9,1,7.5,3,6.4,5.3,3,1,4.6,51.3,2,0,1,11.13
6.43,62.5,0,4.6,2,6.4,4,9.6,9.6,1,1,5.0,77.8,2,0,1,13.0
7.04,77.4,0,7.4,1,7.9,0,8.0,4.4,1,2,4.4,41.6,3,0,1,10.0
7.35,78.9,0,3.4,3,6.3,0,6.0,5.5,2,0,2.8,97.8,1,0,1,6.95
6.19,89.8,1,2.7,2,1.8,0,3.3,6.5,3,3,7.2,86.1,0,1,0,6.23
7.61,100.0,0,3.5,2,3.8,3,3.9,5.9,1,0,3.1,35.4,1,0,1,9.31
6.31,83.4,0,1.7,2,5.0,1,2.2,5.3,1,0,1.9,75.5,0,0,1,4.52
6.46,70.4,0,3.3,1,5.3,0,5.9,6.0,3,0,7.9,40.6,2,1,1,8.06
8.77,89.0,1,0.4,1,6.3,1,6.3,8.9,2,1,7.5,43.3,0,1,1,10.11
5.65,68.2,2,2.4,4,3.7,1,7.6,7.4,1,2,0.6,50.6,1,1,1,8.45
3.86,63.5,3,3.0,2,9.9,0,6.1,5.7,3,2,6.6,45.2,1,1,0,7.43
9.09,53.4,0,4.7,2,5.3,1,7.9,4.1,1,0,2.4,74.5,0,0,1,8.98
10.0,56.1,0,5.0,2,5.5,2,8.0,4.3,1,1,3.3,65.1,2,0,1,14.6
6.47,65.4,3,1.7,4,4.0,1,3.1,7.7,3,1,0.5,68.5,1,1,1,7.32
4.48,61.5,0,6.5,3,3.3,0,4.3,2.6,1,0,2.9,60.1,1,0,1,3.7
6.6,82.4,0,3.4,1,5.2,0,5.5,10.0,2,1,7.3,49.4,1,1,1,10.7
6.63,61.2,0,3.6,2,5.6,2,3.9,5.7,0,1,5.6,49.6,1,1,1,7.37
6.75,34.0,1,0.6,2,5.3,3,4.9,3.0,1,0,3.1,82.1,0,1,1,6.9
5.55,63.4,2,2.2,3,9.1,0,6.2,6.2,1,0,4.4,53.0,0,1,1,6.43
7.75,71.4,0,4.9,4,5.2,0,5.2,4.2,0,1,3.9,87.9,0,0,1,8.98
7.68,69.5,0,3.5,3,5.3,1,5.5,5.0,2,0,6.2,47.3,3,1,1,8.48
5.06,99.3,1,3.4,3,7.3,0,3.3,2.8,1,0,4.8,60.9,1,1,0,3.45
7.91,69.4,0,3.6,2,5.1,1,6.7,5.3,3,1,6.7,66.2,2,1,1,10.49
9.67,90.3,0,0.9,2,6.7,2,6.5,1.6,2,2,5.1,83.6,0,0,1,10.88
7.22,77.7,0,3.0,2,2.7,0,3.7,4.6,1,1,3.1,79.4,3,0,1,7.11
6.56,77.4,1,5.5,3,2.7,0,2.5,4.1,6,0,4.4,66.1,1,0,0,4.92
6.82,66.3,2,4.9,1,5.8,1,8.3,4.8,6,3,8.8,61.5,3,1,1,9.67
7.8,77.2,0,3.0,2,5.0,0,9.5,4.3,0,0,7.9,41.8,1,1,1,6.87
4.75,67.3,0,5.7,1,3.7,0,6.0,5.9,1,1,0.1,56.2,0,1,1,5.92
7.21,80.4,1,1.2,1,5.8,0,4.7,7.6,0,1,7.4,100.0,0,0,1,8.73
6.49,74.7,1,1.6,3,6.0,1,7.9,6.5,1,2,2.9,40.8,2,1,1,7.02
9.4,64.8,0,6.2,1,3.9,3,6.6,8.4,1,2,6.9,48.7,0,1,1,10.48
6.77,91.9,0,4.1,3,4.4,0,5.0,4.8,5,1,0.9,32.4,0,0,1,6.08
9.17,84.0,0,2.7,2,6.0,0,7.7,6.4,2,3,4.0,45.1,1,0,1,11.21
5.57,71.7,1,3.1,3,3.3,0,3.6,6.5,4,0,0.3,36.3,2,1,1,8.58
7.76,80.0,2,1.9,4,4.2,0,3.9,8.1,3,2,2.0,35.5,1,0,1,8.64
7.42,76.8,0,3.6,3,6.7,1,6.3,4.3,0,1,5.4,66.5,1,0,1,8.45
5.87,65.9,1,3.5,3,5.4,0,5.8,7.4,2,1,5.0,74.6,0,1,1,7.36
7.23,79.0,2,3.2,1,4.5,3,7.0,4.1,1,0,10.0,67.1,2,1,0,9.19
8.58,69.3,0,1.3,2,3.5,1,8.2,4.7,3,0,3.8,39.6,0,1,1,10.85
6.58,64.8,2,3.6,3,3.3,1,1.9,5.1,0,0,2.0,26.3,1,1,0,4.51
4.8,55.3,0,2.4,3,5.2,1,5.6,6.7,0,2,7.2,19.1,2,1,1,7.6
6.98,73.0,1,1.6,3,10.0,1,9.9,3.6,2,0,0.1,35.6,2,1,1,9.03
5.83,85.9,1,5.2,3,6.7,0,4.1,3.9,0,3,4.4,39.5,0,1,0,5.85
6.55,68.3,0,6.7,1,2.6,1,3.9,4.5,0,0,7.2,50.8,1,0,1,5.58
6.89,100.0,0,6.3,1,7.1,0,0.3,5.9,3,1,0.7,65.2,2,0,1,3.36
4.78,90.4,0,4.2,4,3.8,0,5.7,3.9,2,1,0.5,52.3,2,0,0,6.91
4.9,96.3,1,2.8,2,5.5,0,6.8,6.3,1,0,1.9,91.7,1,0,1,6.42
7.63,89.1,1,3.1,3,4.2,0,6.8,5.1,3,0,5.9,100.0,0,0,1,8.33
6.32,100.0,0,3.8,2,10.0,1,3.1,7.1,1,2,3.5,57.9,1,0,1,9.16
3.67,67.0,2,2.5,4,3.0,4,5.5,5.9,1,2,2.4,21.7,1,1,1,8.48
8.02,42.1,0,5.3,3,6.2,0,6.0,9.3,2,2,0.3,49.3,1,1,1,8.49
7.35,71.8,0,0.0,1,4.0,1,5.6,6.0,2,2,4.1,54.7,2,1,1,7.08
6.07,85.8,1,2.7,3,7.1,0,3.0,3.4,4,1,2.2,73.7,0,0,1,5.78
5.29,80.1,1,4.5,2,6.1,1,5.7,5.4,2,0,4.5,33.3,1,1,1,7.49
8.09,81.9,0,1.8,2,8.3,2,3.6,5.8,0,2,4.3,27.5,1,0,1,6.76
7.45,96.5,0,2.8,3,7.1,0,1.2,4.0,1,2,7.4,65.2,2,0,1,6.8
10.0,83.3,0,4.1,2,4.0,0,7.1,8.8,1,0,6.6,49.1,0,0,1,9.51
7.55,89.2,0,5.6,1,10.0,0,5.8,5.2,2,0,1.9,48.7,0,0,1,7.46
7.5,64.8,0,1.1,3,6.7,0,6.9,4.5,1,1,6.3,42.4,3,1,0,7.85
6.78,62.7,0,1.0,4,4.3,1,4.3,6.2,1,0,5.0,51.9,2,0,1,5.55
8.06,100.0,1,1.7,1,6.0,1,6.9,4.0,3,2,6.2,64.0,0,1,1,9.02
7.81,79.4,1,0.7,3,6.9,0,7.9,7.7,5,1,6.3,11.9,0,1,1,10.75
8.63,69.3,0,0.9,2,6.8,0,9.5,7.3,1,1,7.8,60.3,3,1,1,10.08
6.32,69.3,2,1.6,2,6.6,1,7.4,6.1,5,1,3.9,73.8,0,1,1,9.04
6.43,68.9,1,5.2,3,7.6,0,6.4,7.0,1,2,1.2,68.9,2,0,1,7.45
6.38,68.1,0,2.7,2,7.4,1,2.3,4.8,0,2,6.3,100.0,1,1,1,6.6
8.03,60.0,0,3.3,3,3.6,0,5.3,2.8,2,1,2.1,51.2,2,0,1,8.98
8.95,57.0,0,1.7,3,10.0,0,2.2,5.1,2,2,4.6,58.1,2,0,1,7.19
6.4,75.3,1,4.2,4,9.8,0,3.6,4.8,1,1,0.6,85.5,1,0,1,4.98
6.45,69.7,0,6.2,3,7.3,1,10.0,1.7,2,1,6.2,61.1,0,1,1,11.7
7.41,93.5,1,1.8,1,5.6,1,3.1,3.7,1,0,4.3,90.1,0,0,1,7.61
6.68,82.1,1,6.0,3,5.6,0,0.1,3.3,2,3,3.5,76.3,0,1,1,5.01
8.24,81.7,1,3.8,2,4.8,0,7.4,3.7,3,0,4.4,62.9,1,1,1,8.01
4.07,67.6,0,3.2,1,5.1,1,4.0,8.5,2,5,2.7,59.8,0,1,1,9.39
5.93,76.3,1,3.8,2,0.7,2,7.3,6.8,2,0,7.5,55.3,2,0,1,8.05
5.98,83.1,0,3.8,3,8.9,0,2.8,7.7,5,0,7.0,59.3,0,1,1,6.94
3.98,88.0,2,6.2,1,8.1,1,4.5,6.8,0,2,5.7,43.1,1,0,1,6.77
5.75,76.7,4,4.0,2,1.8,0,8.3,8.0,1,0,3.3,73.5,0,1,1,8.15
5.81,93.1,0,4.1,2,7.5,2,2.5,5.9,3,1,4.5,98.3,2,0,1,6.21
6.74,78.1,0,2.5,2,5.5,0,5.1,8.8,3,2,3.8,23.8,0,0,1,7.99
8.45,89.1,2,4.5,3,5.1,0,6.2,3.3,0,0,3.9,83.6,1,0,1,7.3
6.68,71.1,0,1.7,1,6.6,0,3.8,5.7,0,0,5.3,64.8,2,1,1,4.55
5.66,52.6,1,3.4,3,1.7,1,6.1,3.8,4,0,1.9,80.9,2,0,1,7.48
6.93,81.8,2,7.8,3,5.5,1,5.5,8.3,2,0,6.6,48.3,1,1,1,10.07
8.36,88.2,0,0.0,2,5.7,0,6.7,6.6,0,1,4.5,56.4,0,0,1,10.41
5.73,86.1,1,3.6,2,5.7,0,9.7,8.2,0,1,9.4,85.3,1,1,1,8.3
5.82,83.9,1,3.6,1,2.5,1,10.0,3.0,6,1,6.2,59.0,2,1,1,10.04
7.73,73.1,1,2.8,1,6.5,3,6.6,4.6,0,4,5.1,76.5,2,1,1,10.06
6.71,66.7,1,2.9,2,7.8,1,5.2,2.2,1,3,4.4,48.2,0,1,1,5.14
7.84,85.7,1,3.3,1,6.4,0,6.5,6.5,0,2,5.2,56.0,1,1,1,8.76
6.98,84.0,0,2.8,3,5.0,0,5.0,4.9,3,1,3.8,70.2,1,1,1,7.76
7.91,70.1,2,3.6,2,10.0,1,1.8,7.3,3,1,5.5,68.1,1,1,1,8.93
5.65,93.5,0,2.4,1,3.5,0,5.4,5.9,3,1,3.4,76.5,3,0,1,8.27
6.98,65.6,2,6.4,2,7.2,1,8.0,1.5,5,1,2.7,53.2,0,1,1,9.99
6.73,69.8,1,2.8,3,6.0,0,2.1,2.5,2,1,5.8,60.0,0,0,1,6.04
5.42,100.0,1,4.1,1,9.9,1,3.2,6.0,0,2,7.2,79.4,1,0,0,4.95
4.97,90.2,5,2.1,3,6.4,0,4.2,6.7,2,1,0.4,88.9,3,1,0,6.28
7.89,73.0,2,4.7,1,6.8,1,6.4,1.4,1,0,7.2,43.2,2,1,1,6.09
6.54,82.0,0,4.4,4,6.6,2,10.0,5.6,1,1,4.9,83.8,0,0,1,9.76
5.67,80.2,2,3.9,2,3.2,0,3.6,3.8,4,1,5.6,44.6,1,1,1,8.05
6.87,39.6,1,1.6,2,3.6,1,5.7,3.6,2,1,1.2,64.2,0,0,1,8.38
8.47,65.3,0,2.0,2,4.9,2,5.5,4.5,2,2,1.9,65.6,1,0,1,10.0
4.04,77.3,1,5.9,2,7.6,0,4.8,6.0,1,2,4.9,50.3,3,1,1,5.62
5.05,73.0,0,2.0,3,6.0,0,5.4,4.4,3,1,8.3,56.4,2,1,1,6.46
5.8,81.5,0,4.2,1,5.0,0,4.4,1.8,2,0,4.8,24.6,1,1,1,5.6
8.9,93.8,0,1.7,1,8.5,0,10.0,6.0,4,0,7.4,74.5,1,0,1,11.0
7.37,73.5,0,4.8,1,1.1,4,7.2,5.1,0,1,4.5,54.4,2,0,1,11.09
8.0,63.2,0,2.1,2,2.6,0,4.5,3.9,1,0,8.9,59.2,3,0,1,9.0
5.52,82.5,1,1.7,3,0.0,0,8.2,5.2,2,1,4.1,48.6,0,1,1,9.37
5.54,73.4,1,2.1,1,8.2,2,6.1,5.1,0,1,3.2,74.6,1,1,1,7.11
7.58,75.8,0,2.3,3,5.3,1,5.6,5.9,1,2,2.1,63.7,3,0,1,7.9
7.08,73.9,0,3.8,3,7.6,0,5.1,5.3,2,3,1.9,37.0,2,0,1,7.27
7.71,100.0,0,3.3,1,5.3,0,4.9,6.1,2,4,6.3,57.8,1,1,1,7.86
6.76,46.6,0,1.4,1,7.8,1,2.7,5.7,2,2,4.4,39.3,0,1,1,5.24
7.36,72.6,0,3.2,2,5.2,1,1.7,7.4,2,1,3.9,60.4,0,1,0,7.27
7.21,77.9,0,1.4,1,6.4,2,6.4,9.0,2,4,10.0,73.7,3,1,1,10.29
8.01,67.1,0,4.2,3,6.1,1,5.1,5.8,1,0,2.7,63.9,1,1,1,8.03
8.05,90.6,0,4.5,2,6.2,1,7.5,4.6,0,1,5.4,68.7,0,0,1,8.27
4.89,89.4,3,3.2,2,9.2,1,3.5,2.9,0,1,4.4,81.1,1,1,1,5.11
4.08,77.3,1,3.6,3,1.9,0,3.0,7.1,2,1,3.9,43.6,2,1,1,4.46
8.3,74.2,0,6.0,1,5.3,0,7.3,4.0,1,3,7.5,51.2,0,0,1,8.19
8.54,76.4,0,2.9,3,5.9,1,4.8,10.0,2,2,0.0,24.0,1,0,1,12.09
5.67,76.5,0,1.7,3,5.6,1,7.5,10.0,2,2,4.3,52.4,2,1,1,8.08
4.58,76.9,1,4.1,2,4.6,0,5.6,5.4,3,2,4.1,47.7,1,1,1,10.19
7.13,75.4,1,1.4,2,4.3,1,9.8,2.5,4,2,5.4,73.1,1,1,1,8.82
8.21,81.5,0,2.9,1,8.9,0,7.2,7.1,3,1,5.5,69.2,2,0,1,8.64
9.34,88.5,0,2.2,4,5.3,0,6.4,10.0,2,0,2.6,90.0,1,0,1,8.47
7.67,60.8,0,2.1,2,10.0,0,7.3,3.2,0,0,5.7,50.0,3,1,1,6.93
6.52,63.3,2,2.8,3,6.7,0,4.9,9.6,2,1,2.7,67.9,1,1,1,4.09
5.84,53.5,2,4.6,4,4.9,1,1.7,2.1,0,0,7.5,74.8,0,1,0,5.51
7.01,90.1,0,5.0,2,6.7,0,6.3,2.9,1,0,2.8,100.0,1,0,1,5.91
6.61,81.5,1,4.7,3,5.7,0,10.0,6.4,1,1,7.3,68.7,0,1,1,9.43
5.68,85.1,0,3.7,2,8.5,1,0.2,7.8,2,0,2.1,59.0,0,0,1,7.36
9.66,58.0,0,2.8,1,2.9,0,6.6,5.7,1,1,5.4,62.5,3,1,1,8.61
9.32,100.0,0,0.0,4,1.5,0,2.0,6.7,5,1,3.7,69.3,1,0,1,8.89
8.48,69.5,1,3.8,2,6.3,2,5.4,8.0,3,3,2.9,87.5,1,0,1,9.92
5.8,80.4,2,0.0,3,7.3,0,5.7,8.2,3,2,1.7,51.5,1,1,0,8.96
8.11,90.0,0,0.1,3,6.1,1,7.2,4.6,1,1,3.4,45.8,1,0,1,9.41
7.83,64.2,0,2.9,1,7.0,0,6.0,4.1,2,0,8.1,100.0,0,1,1,6.28
7.58,70.4,0,3.6,2,6.7,1,8.7,7.9,1,1,5.2,37.5,1,1,1,11.5
8.62,80.5,0,2.5,1,2.2,0,8.2,6.7,1,1,10.0,77.1,0,1,1,9.38
7.83,100.0,0,5.7,1,6.1,1,5.0,7.0,3,0,7.3,68.3,1,0,1,8.61
7.96,82.2,0,3.9,3,8.4,0,8.0,4.5,1,1,2.9,66.4,2,0,1,9.37
7.83,100.0,0,2.8,1,5.9,0,4.8,7.1,0,0,0.0,35.4,0,0,1,8.28
7.44,94.9,0,5.4,4,2.6,0,4.4,3.6,1,0,0.0,100.0,1,0,1,5.24
4.68,83.2,0,5.7,2,4.8,0,2.7,6.3,2,2,4.4,63.5,0,0,1,6.53
7.11,64.2,1,4.0,2,6.7,0,8.5,6.0,3,1,1.4,49.7,1,1,1,9.31
6.28,92.8,1,2.0,1,9.5,0,4.8,6.0,3,1,5.6,33.4,1,0,1,6.98
5.34,57.0,2,2.3,1,1.2,0,0.0,7.4,3,0,6.5,19.8,2,1,0,4.02
9.19,100.0,0,0.9,2,6.3,0,6.7,3.8,1,1,4.3,74.1,1,1,1,8.86
9.25,80.8,0,3.1,2,3.4,0,4.5,7.2,1,1,4.4,43.2,0,0,1,6.83
8.77,40.9,1,1.5,2,6.6,1,4.8,5.8,2,1,9.5,54.6,1,1,1,8.02
7.33,73.2,0,2.7,2,6.8,2,5.0,4.2,1,2,5.2,48.0,0,0,1,6.63
8.76,87.2,0,3.6,1,5.0,0,4.7,3.2,1,0,5.7,70.8,1,0,1,8.08
7.02,74.7,0,0.0,2,6.9,1,10.0,9.6,3,1,2.7,67.8,0,0,1,11.38
7.26,88.0,0,1.2,2,8.0,2,9.3,5.7,2,1,5.0,75.0,0,0,1,10.88
5.58,66.1,1,2.4,1,5.1,2,7.1,5.1,2,1,4.9,75.8,0,0,1,8.14
7.52,59.7,0,3.1,3,2.6,0,6.1,3.5,2,2,8.1,45.7,1,0,1,7.69
7.08,77.0,0,2.4,1,8.6,0,8.1,8.0,6,2,7.3,33.1,0,1,1,10.4
5.31,78.4,0,2.8,1,7.3,1,6.1,7.8,4,0,9.3,57.0,2,1,1,8.68
6.93,73.1,0,2.1,2,6.7,0,7.4,7.4,1,2,5.5,70.3,1,0,1,6.94
6.9,95.2,0,0.9,2,4.0,0,6.8,5.7,2,0,7.9,62.2,2,1,1,7.91
9.34,66.1,0,2.3,4,7.7,0,5.8,7.3,2,0,0.7,22.6,1,0,1,9.55
8.16,82.4,0,2.9,3,10.0,1,7.7,4.2,1,0,4.6,61.1,1,0,1,9.46
7.01,79.0,0,2.7,3,5.2,2,4.5,6.2,1,1,2.0,40.0,0,1,1,10.49
7.32,56.2,0,3.4,2,5.7,1,5.6,5.7,1,2,4.0,60.4,1,0,1,8.7
7.06,59.5,1,3.9,2,3.2,2,3.2,6.3,2,0,5.1,79.3,0,1,1,8.8
6.74,78.2,0,4.3,1,3.9,1,3.5,2.2,2,0,3.8,10.1,2,0,1,7.34
5.59,100.0,2,2.2,3,3.1,0,0.0,9.5,1,1,0.6,90.1,1,0,1,4.14
6.8,86.1,1,0.7,2,5.8,1,6.6,9.0,5,0,7.3,39.1,0,1,1,10.75
6.03,53.8,0,5.2,2,4.8,0,7.2,3.5,2,0,1.1,79.9,1,0,1,4.95
5.37,34.5,1,3.8,2,6.3,0,8.0,7.0,2,0,8.9,76.8,0,1,0,6.84
7.66,88.3,0,1.7,3,3.5,0,3.0,2.8,1,3,2.1,54.0,0,0,1,7.26
7.51,76.7,0,3.6,2,5.1,0,6.5,6.0,1,1,6.3,69.1,0,1,1,6.8
4.68,94.0,0,4.9,1,3.4,0,5.5,1.4,1,0,7.4,46.0,1,1,1,6.09
6.84,65.7,0,6.0,4,5.9,0,7.2,5.2,1,1,0.5,25.5,2,0,1,8.95
8.29,82.9,0,3.6,1,1.9,0,4.0,4.8,2,2,7.1,82.8,1,1,1,8.22
8.38,89.8,1,4.9,4,5.8,0,4.7,8.1,2,2,3.4,46.3,2,0,1,9.07
8.33,71.7,0,1.3,2,4.9,1,1.9,9.1,3,1,6.5,96.0,0,1,1,8.2
7.05,72.0,1,3.1,4,5.9,1,3.9,9.2,1,1,5.8,77.7,0,0,1,8.17
5.9,78.4,2,2.7,4,1.9,0,5.5,8.1,2,1,4.9,43.1,1,1,0,8.59
5.59,85.6,3,3.7,2,6.9,0,5.9,6.0,3,2,3.0,71.8,2,1,1,8.85
7.45,77.8,0,5.8,3,4.8,0,1.6,6.6,2,4,3.7,70.6,1,0,1,7.24
7.49,91.6,2,3.6,1,6.0,0,4.3,6.6,2,0,4.1,94.5,3,0,1,5.82
8.67,71.5,0,1.7,1,1.4,0,5.9,3.4,1,0,4.7,50.2,0,1,1,7.34
8.43,59.4,0,1.2,2,2.8,0,8.7,8.1,1,1,6.1,55.4,1,0,1,10.2
6.83,100.0,1,5.8,2,4.6,1,3.6,7.2,0,0,6.4,68.7,1,1,1,7.65
5.38,69.5,2,4.0,1,8.5,0,6.6,7.3,2,1,7.3,60.4,1,1,1,7.96
6.59,70.0,1,3.9,2,6.7,1,4.2,1.2,2,0,5.7,32.2,0,0,1,7.74
7.28,77.1,0,2.7,4,5.8,0,4.5,6.7,0,1,4.0,80.3,0,1,0,6.16
6.74,78.9,1,3.6,3,3.5,1,3.5,7.8,3,2,3.0,92.0,1,0,1,7.47
6.25,72.6,0,1.6,1,3.1,1,3.1,5.8,3,0,9.1,63.1,1,1,1,7.97
7.33,77.8,0,3.8,2,6.1,0,4.4,4.8,0,2,6.5,34.5,1,1,1,5.77
6.34,77.4,0,1.3,1,7.0,0,7.9,3.1,1,2,6.0,57.7,1,1,1,6.52
6.18,80.4,2,2.6,1,6.0,1,3.8,2.9,3,0,8.6,41.8,1,1,0,6.62
7.4,45.0,0,2.2,4,9.3,2,3.4,6.1,1,1,1.8,54.8,2,0,1,8.84
6.48,100.0,1,0.0,4,4.0,1,6.0,5.3,1,2,3.3,63.7,1,0,1,8.27
7.32,75.9,0,2.6,1,5.9,0,5.5,5.3,0,0,8.1,73.1,0,1,1,3.95
7.36,86.1,0,1.8,1,1.8,0,5.3,8.9,1,2,3.2,88.1,2,0,1,8.14
5.52,58.7,1,2.9,2,6.0,0,6.1,3.3,3,1,10.0,72.5,4,1,0,6.01
6.37,71.4,1,3.2,2,8.7,1,3.2,5.1,2,1,3.6,38.8,0,1,1,8.11
8.87,68.6,0,6.0,1,3.2,1,3.4,9.2,3,2,5.0,73.6,0,0,1,7.94
5.49,98.6,0,3.7,1,7.4,0,7.8,5.2,4,2,6.0,54.3,0,0,1,9.08
4.25,69.8,0,3.7,2,8.7,0,5.2,5.9,2,0,6.7,56.5,2,1,1,5.74
4.58,88.6,2,4.0,1,4.0,0,6.9,5.4,3,1,7.9,59.7,1,1,1,7.36
7.04,68.9,0,4.6,3,6.5,0,8.3,7.2,0,0,7.4,62.7,2,0,1,9.11
7.04,71.7,0,3.9,3,9.0,0,7.4,1.7,3,0,3.9,80.3,1,1,1,7.44
6.85,74.6,0,3.7,2,6.0,1,2.3,5.4,3,0,5.8,69.9,0,1,1,6.91
8.58,96.0,0,4.3,2,7.2,1,5.2,5.9,1,1,1.5,36.3,1,0,1,10.64
3.53,51.5,0,0.0,3,1.6,0,7.9,3.8,2,0,1.5,30.0,0,1,1,7.14
7.51,59.6,2,6.5,1,6.8,1,6.7,6.5,4,1,5.8,73.0,1,1,1,10.8
9.03,50.7,0,5.7,3,6.6,0,5.9,7.4,0,0,4.8,70.8,1,0,1,9.34
5.53,62.8,0,3.5,1,2.6,1,1.7,6.7,1,3,5.9,85.2,0,0,1,8.33
6.51,66.6,3,0.9,4,3.4,0,4.1,9.4,3,2,4.2,58.0,1,1,1,8.63
6.02,55.4,3,5.1,1,6.8,0,5.7,4.9,2,1,5.9,65.6,1,1,0,7.09
5.84,67.7,0,2.1,3,4.8,1,2.2,6.8,1,2,3.5,69.5,0,0,1,7.08
6.58,49.8,1,4.1,1,7.9,2,7.3,6.8,0,1,10.0,28.9,2,0,0,8.41
8.86,63.7,0,1.1,3,6.2,0,5.2,5.3,2,1,3.4,27.8,1,1,1,9.34
9.39,94.8,0,6.8,2,5.6,1,0.9,8.1,0,0,7.3,74.7,5,0,1,8.38
6.56,83.7,1,0.9,1,5.1,3,4.2,6.4,0,1,3.0,67.4,3,1,1,7.91
9.48,80.6,0,3.3,3,6.1,1,4.8,3.4,1,0,4.3,86.9,1,0,1,8.16
7.05,64.0,0,0.0,1,7.3,0,5.2,7.3,3,0,4.4,96.9,1,1,1,8.24
9.28,56.5,0,3.1,2,6.7,1,8.8,4.8,0,3,9.6,54.0,6,1,1,9.88
6.88,62.1,1,2.5,2,4.6,0,6.8,5.2,3,2,3.7,53.0,2,1,0,7.37
7.17,77.4,0,5.0,3,8.2,2,2.4,5.3,2,0,3.9,32.9,7,1,1,7.06
7.48,90.2,0,2.5,3,6.9,0,2.1,7.3,2,3,2.1,70.4,3,0,1,7.3
10.0,90.6,0,5.0,2,6.3,1,4.9,8.0,1,1,3.0,18.8,1,0,1,10.5
8.11,86.8,0,1.6,3,5.7,1,5.8,5.5,2,2,3.8,40.6,2,1,1,9.78
6.08,67.7,0,2.7,4,6.6,0,7.8,5.4,1,1,3.8,66.2,1,0,1,7.62
8.26,78.3,0,2.8,3,1.5,1,9.5,1.7,1,1,6.4,46.8,2,0,1,10.13
6.53,73.5,2,4.0,2,6.0,0,9.6,4.4,2,1,3.7,59.1,0,1,1,8.2
6.36,75.2,1,3.8,2,9.1,1,4.5,3.9,3,0,3.6,55.9,2,1,0,5.48
8.18,100.0,0,4.4,1,6.0,0,7.6,6.4,2,0,9.0,37.8,1,1,1,8.8
7.04,53.3,0,3.6,2,5.7,1,6.5,5.6,1,0,8.7,18.7,2,1,1,8.36
7.36,74.7,0,4.3,1,4.2,0,3.0,4.0,2,0,5.8,74.0,1,1,1,5.49
7.02,95.0,0,1.8,3,6.6,1,1.2,6.1,0,0,5.1,56.4,3,1,0,4.03
7.44,57.5,2,3.8,2,5.1,0,5.8,5.7,2,1,8.8,66.8,0,1,1,7.0
7.55,69.0,1,5.8,2,8.4,0,2.1,0.7,1,2,10.0,58.8,1,1,1,4.07
4.48,70.6,0,0.5,1,3.6,1,3.5,8.0,4,0,7.0,58.5,0,1,1,5.33
7.87,74.9,0,4.0,1,4.5,1,3.9,7.8,1,0,7.7,63.3,2,1,1,7.98
5.72,55.7,1,4.3,3,4.2,2,6.0,5.3,2,0,4.3,56.2,2,1,1,9.37
5.13,86.3,0,5.5,2,9.5,1,8.4,6.5,5,0,1.6,53.2,2,1,1,9.29
6.92,87.3,3,4.4,4,5.1,0,5.5,5.1,1,1,3.8,39.9,2,1,1,8.43
7.11,85.1,0,3.4,2,4.3,0,4.3,2.6,1,3,8.2,100.0,2,0,1,3.83
6.1,65.8,0,3.9,1,0.9,0,0.7,10.0,2,1,4.3,80.1,4,0,1,6.16
8.08,79.2,0,2.0,3,3.5,0,6.6,7.3,3,2,0.0,89.8,2,1,1,10.1
5.26,65.4,1,2.6,3,6.7,1,5.6,7.7,2,1,5.4,85.4,2,0,1,6.85
6.47,73.3,0,1.1,1,6.7,2,4.2,5.2,1,2,2.0,54.4,0,1,1,6.94
6.24,100.0,1,5.6,3,4.1,0,8.2,8.1,1,1,0.4,56.4,1,0,1,8.07
6.94,79.3,0,3.9,1,4.2,1,2.8,3.1,1,0,2.2,60.1,0,0,1,6.95
7.36,61.4,0,1.7,1,9.6,0,3.9,5.3,3,1,1.4,52.7,0,1,0,6.04
5.69,80.5,0,3.6,1,10.0,0,4.9,7.3,3,1,8.4,77.6,1,1,1,6.33
7.94,59.1,1,5.1,2,8.0,1,4.2,4.5,1,2,5.3,43.7,0,1,1,6.48
7.08,61.2,0,4.8,3,8.9,0,6.8,7.6,1,2,8.7,38.7,1,1,1,9.15
4.54,63.4,1,1.7,1,9.4,0,6.6,6.4,0,0,7.7,34.1,2,1,1,5.19
4.45,71.8,2,0.0,3,10.0,0,7.9,6.2,4,1,8.7,53.5,2,1,1,7.79
6.98,91.1,0,3.8,3,4.8,0,6.7,4.4,4,2,2.5,50.6,0,1,1,9.16
6.71,86.1,0,1.8,2,3.6,1,5.2,6.6,2,2,5.8,47.6,2,0,1,7.84
6.87,85.3,0,4.2,1,9.5,0,4.7,9.7,1,0,3.1,61.7,1,1,1,5.8
6.96,62.6,2,4.7,1,3.4,2,6.5,6.2,0,0,5.4,36.7,0,1,1,9.09
7.29,70.4,2,5.0,1,3.2,2,5.1,6.9,1,3,9.3,74.8,2,1,1,9.93
8.23,81.8,0,6.0,4,3.3,0,5.6,7.2,2,2,2.9,38.1,2,0,1,10.62
5.56,69.2,0,5.2,3,5.2,1,6.7,3.5,3,1,3.5,36.5,3,0,1,8.13
5.48,74.1,0,6.0,1,1.1,0,5.8,5.5,4,0,5.9,47.1,5,0,0,7.27
5.58,84.2,1,5.4,2,2.3,2,6.2,5.5,1,0,5.3,57.2,1,1,1,8.1
7.38,73.1,0,5.5,1,4.1,0,3.7,1.6,2,3,6.3,77.2,1,1,1,6.49
8.62,81.2,0,3.1,1,2.9,0,8.6,7.4,2,4,9.1,58.5,0,1,1,10.82
6.44,100.0,0,1.1,2,7.8,2,3.0,3.9,2,0,3.3,27.9,1,0,1,6.24
3.75,75.6,1,7.2,1,5.5,0,6.5,7.2,0,2,5.5,69.8,2,1,1,6.45
4.78,94.5,2,3.3,1,6.8,1,4.4,4.3,2,1,6.2,69.4,2,1,0,6.57
5.92,85.8,0,5.2,2,6.5,0,8.0,9.9,2,0,2.9,48.4,0,1,1,8.43
6.27,57.5,0,2.3,2,5.0,1,7.5,5.2,3,0,4.0,63.4,1,0,1,7.6
6.47,62.6,0,4.7,2,7.7,1,5.5,9.6,2,2,6.8,88.7,3,1,1,7.34
7.05,66.3,1,0.0,2,6.5,1,9.1,5.5,2,1,3.1,42.7,0,1,1,9.12
6.59,66.0,0,2.5,2,4.8,0,5.1,5.7,1,1,10.0,79.2,1,1,1,6.17
8.36,76.7,0,3.0,2,1.8,1,7.5,8.9,4,2,8.8,85.3,0,0,1,10.89
6.12,86.6,0,3.9,2,6.6,1,3.8,4.0,2,1,5.4,63.5,4,0,1,6.19
5.88,95.6,1,4.9,4,2.7,1,6.4,5.9,3,1,4.3,35.4,1,1,1,10.23
7.62,82.3,1,1.4,1,6.3,0,3.4,6.9,1,4,7.8,86.1,2,1,1,7.27
5.0,71.8,1,4.3,2,5.7,0,5.5,6.6,1,1,6.3,78.3,1,0,1,4.91
7.51,48.8,0,5.2,1,2.5,0,5.4,5.9,1,0,6.2,71.0,0,1,1,7.31
7.13,79.0,0,7.0,2,6.1,0,7.5,5.6,4,2,10.0,59.0,0,1,1,8.91
6.81,78.4,1,4.3,2,5.9,0,4.0,7.5,1,0,3.3,83.1,0,0,1,8.67
9.06,80.6,0,2.5,3,5.9,0,10.0,6.2,1,1,3.1,43.0,1,0,1,10.72
6.19,100.0,1,1.2,4,5.8,1,2.3,7.7,3,0,3.2,77.1,1,1,1,7.89
9.68,95.4,0,6.1,2,4.1,2,6.0,6.6,1,1,6.5,53.6,1,1,1,10.48
6.71,89.0,2,4.4,1,6.8,1,6.2,7.1,2,1,10.0,26.5,1,1,1,8.83
5.34,64.5,4,3.2,3,4.0,0,6.7,8.1,2,1,4.0,39.9,1,1,0,7.07
7.09,70.8,0,0.6,1,3.1,1,4.3,5.2,1,1,7.3,68.1,1,1,1,7.32
5.6,76.7,1,1.7,2,7.0,0,6.1,8.0,1,1,5.9,64.4,5,0,1,6.21
6.02,67.1,1,4.2,3,7.6,2,4.2,5.5,1,2,3.8,68.9,3,0,1,7.22
7.52,85.0,0,3.8,2,6.8,0,9.8,3.0,1,1,7.9,52.7,0,1,1,9.17
7.72,83.0,1,0.1,2,5.0,2,4.0,5.1,4,0,6.0,64.2,0,0,1,9.32
6.19,62.8,0,4.2,1,1.2,1,5.2,4.4,3,0,8.3,72.5,0,1,1,7.66
8.28,94.8,0,0.7,1,8.8,0,4.0,6.6,2,1,5.3,100.0,2,1,1,7.14
8.5,79.4,0,5.4,4,1.2,2,3.7,5.2,3,0,1.8,52.2,2,0,1,11.32
8.87,53.8,0,3.5,1,6.8,1,2.3,6.1,3,0,5.2,80.5,0,0,1,7.92
7.69,77.3,0,2.5,2,10.0,0,7.0,7.8,2,1,5.7,72.9,0,1,1,9.3
8.77,81.9,0,4.8,2,5.8,1,4.0,8.8,1,1,7.6,62.5,1,0,1,10.25
4.55,91.6,3,3.8,2,6.1,0,3.7,6.4,2,0,9.8,34.0,1,1,1,4.32
6.59,73.3,0,5.3,1,6.3,0,3.3,8.0,6,2,6.4,87.8,0,1,1,8.12
5.87,89.6,2,3.3,1,5.9,0,6.2,5.4,2,3,10.0,65.0,0,1,1,9.72
7.15,80.6,0,3.4,2,10.0,1,5.5,2.7,2,0,6.4,48.2,2,1,1,7.98
6.26,59.6,0,2.7,2,3.6,0,5.6,3.4,3,2,3.5,42.3,2,1,1,8.16
6.78,58.2,2,3.6,3,3.4,2,3.7,5.4,2,2,4.3,65.2,3,1,1,7.8
9.45,93.7,0,5.9,2,4.8,2,6.5,7.4,2,0,6.8,41.2,1,1,1,10.28
6.78,94.7,2,2.4,4,9.3,0,4.0,5.4,0,0,4.9,48.6,1,1,0,4.72
7.54,82.5,1,4.2,1,4.2,0,5.7,8.2,3,0,4.9,48.2,3,0,1,10.68
6.7,98.9,0,1.8,2,6.4,0,5.2,9.5,1,1,4.2,60.9,1,0,1,7.23
7.1,92.8,0,0.0,4,7.9,1,1.6,4.0,1,4,2.2,72.0,0,0,1,5.28
7.01,87.6,2,3.5,3,7.2,1,10.0,10.0,2,2,3.5,53.6,1,1,1,12.52
7.58,65.2,0,3.8,2,7.7,1,6.8,2.5,1,0,5.7,55.7,1,1,1,7.18
8.51,100.0,0,3.0,2,8.6,0,5.9,9.5,0,2,9.3,62.2,3,1,1,9.77
9.14,85.5,0,0.8,3,6.2,1,6.3,5.7,1,1,3.0,45.0,5,0,1,10.18
7.4,72.6,0,3.7,1,4.5,1,10.0,5.3,2,0,2.2,48.3,1,0,1,11.15
7.77,68.6,1,3.6,1,5.8,0,8.1,5.8,2,1,2.1,50.7,1,1,1,7.58
5.5,81.6,0,1.8,2,4.8,1,6.3,4.2,2,0,6.9,65.8,1,0,1,7.6
6.89,54.6,1,1.0,3,10.0,1,3.9,8.8,0,0,2.7,92.2,1,1,1,6.05
8.22,87.8,0,2.8,2,4.3,0,4.2,4.4,2,0,5.6,35.1,1,1,1,7.27
8.13,64.7,3,4.2,2,6.6,1,1.4,4.7,1,0,3.4,64.8,1,1,0,7.29
7.28,83.2,0,3.9,4,2.2,1,4.7,3.0,3,1,2.7,55.4,1,0,1,5.9
8.15,70.7,0,1.8,1,5.8,1,7.0,4.3,5,1,5.3,56.6,0,1,1,9.64
7.64,74.3,0,3.4,3,4.9,0,7.0,4.4,2,1,2.4,50.2,0,1,1,7.24
8.56,67.4,0,4.6,1,7.0,1,6.9,4.3,0,0,8.8,82.8,1,1,1,8.72
7.38,75.7,0,1.3,3,7.0,2,4.3,5.4,3,1,7.0,11.5,2,0,1,7.6
6.54,100.0,2,3.3,2,8.6,0,6.8,3.6,2,2,6.5,37.3,3,0,1,8.43
7.44,97.4,0,5.3,1,8.4,1,7.4,9.0,2,1,10.0,81.8,0,0,1,9.65
3.5,83.0,0,1.2,2,5.4,1,0.4,5.5,1,2,2.0,83.3,2,1,1,4.0
7.5,77.6,0,5.0,3,3.4,0,6.2,6.5,2,0,3.5,95.2,0,0,1,8.32
3.5,89.8,0,5.8,2,3.7,2,10.0,7.5,1,1,4.2,66.1,1,1,1,5.83
4.76,93.8,0,2.8,1,6.2,1,4.8,9.8,1,1,7.6,69.6,1,1,1,6.07
7.59,66.4,0,2.7,1,5.8,1,0.0,7.6,1,0,3.1,22.7,1,0,1,7.68
7.62,76.9,0,4.9,2,6.1,0,3.6,5.3,1,2,6.5,60.1,2,1,1,5.65
5.49,52.5,0,2.9,3,4.3,0,1.3,3.7,1,0,0.7,71.2,0,0,1,2.87
6.07,93.7,1,0.0,2,8.7,0,4.0,6.5,2,0,6.7,50.2,0,1,1,5.96
8.78,100.0,0,3.0,1,2.3,1,2.7,7.9,1,0,8.7,58.2,1,1,1,8.78
6.37,79.1,0,4.0,3,4.2,1,7.6,6.1,2,2,1.4,84.6,1,0,1,7.58
9.92,48.2,0,4.4,2,3.1,1,7.3,5.9,1,1,4.2,89.1,1,1,1,10.04
7.0,86.5,0,1.8,1,5.0,0,6.3,6.2,2,0,8.7,65.0,0,1,1,9.1
7.53,65.3,1,2.8,2,8.2,1,8.3,2.1,1,1,8.2,59.0,1,1,1,9.02
9.1,68.7,0,4.8,2,4.9,0,4.2,6.1,3,2,1.7,74.6,0,0,1,7.72
7.17,86.8,0,3.1,4,5.7,0,5.7,7.3,1,1,3.9,52.6,1,1,1,8.89
5.7,81.6,1,0.8,2,7.0,2,10.0,5.7,1,1,6.5,80.9,2,1,1,9.38
6.86,71.2,0,5.2,1,4.8,0,6.8,8.0,1,0,6.0,49.5,0,1,1,8.49
6.95,68.9,2,2.9,3,6.3,1,6.8,8.1,1,0,7.3,75.0,1,1,1,7.84
5.23,79.8,0,4.9,1,6.1,1,3.7,4.8,3,1,4.7,59.6,0,0,1,7.71
6.67,72.3,1,1.0,4,3.0,0,4.5,6.7,2,2,2.0,47.6,2,0,1,7.07
6.04,62.5,2,3.0,2,4.5,0,3.2,5.9,4,0,3.5,67.2,1,1,0,6.71
8.2,73.3,0,4.0,4,6.3,0,9.4,1.7,2,0,3.6,52.2,3,0,1,6.81
7.04,82.8,0,3.1,3,8.3,0,1.9,5.4,0,2,3.4,79.9,2,0,1,7.34
6.63,75.5,0,1.3,3,8.3,1,7.6,3.7,2,2,6.0,40.1,1,1,1,10.2
6.86,58.2,2,0.0,1,10.0,1,6.8,6.1,1,1,5.2,64.5,2,1,1,7.18
7.29,91.8,0,5.6,3,6.6,0,1.8,7.2,3,2,3.6,45.4,4,0,1,8.72
7.8,39.7,0,3.6,3,4.6,0,8.1,5.4,6,0,4.6,84.0,0,1,1,8.53
5.7,71.8,1,5.1,2,5.4,1,4.9,4.0,2,0,3.2,74.3,1,1,0,5.28
5.65,69.3,4,4.7,2,5.2,1,2.5,6.3,1,1,7.5,59.1,2,1,0,5.79
8.44,80.1,0,4.2,2,4.6,0,6.3,10.0,2,0,6.7,59.7,1,1,1,9.53
6.46,85.9,1,2.7,4,6.3,0,3.6,1.5,2,1,4.6,93.7,3,1,1,6.61
5.16,93.8,0,4.0,3,6.4,1,5.0,6.3,2,3,1.8,75.2,0,1,1,7.53
7.58,68.0,0,5.5,2,2.9,0,4.3,4.7,3,0,8.7,44.9,1,1,1,6.09
7.6,86.2,0,3.3,2,7.9,0,3.5,4.9,1,1,0.9,78.7,2,0,1,7.79
5.01,80.7,2,6.2,1,1.5,0,2.8,5.6,1,2,7.8,48.7,0,1,0,5.07
7.3,54.0,0,0.8,2,5.0,0,7.3,5.1,4,0,5.4,63.1,2,0,1,9.45
7.96,100.0,0,0.6,3,8.0,1,6.2,7.0,1,2,5.7,18.0,1,1,1,10.33
7.49,57.9,0,4.8,2,6.8,0,6.1,5.3,2,1,4.6,76.3,2,1,1,7.41
7.82,83.9,0,1.9,3,4.7,0,4.7,1.5,2,0,4.3,46.6,1,1,1,6.31
5.17,83.5,1,6.5,2,9.8,0,5.6,8.4,1,0,6.7,55.8,1,0,0,7.32
7.43,81.9,0,5.3,2,4.5,2,3.8,8.1,4,1,5.1,32.1,1,1,1,10.54
6.61,71.1,0,5.7,3,1.1,1,3.8,4.6,2,2,4.6,63.6,2,0,1,6.64
6.37,89.6,1,4.6,1,6.5,0,9.4,5.9,2,1,6.7,61.4,0,1,1,8.89
8.13,56.2,0,1.7,4,1.6,2,7.5,8.2,2,0,8.2,34.5,0,1,1,9.09
8.92,77.1,0,0.5,4,3.7,2,4.2,7.9,1,1,0.0,60.7,2,0,1,9.08
9.33,70.1,0,5.6,3,6.9,0,2.1,8.5,0,1,7.1,54.7,0,0,1,9.01
8.71,68.5,0,0.8,3,4.5,0,1.6,6.5,2,1,5.2,84.5,3,1,1,5.03
6.86,84.0,2,5.7,2,6.8,1,4.0,7.3,1,2,5.9,45.8,1,0,1,9.81
7.46,93.1,0,4.3,2,3.0,0,5.7,8.6,2,1,2.2,69.6,0,1,1,10.54
8.0,73.2,0,3.1,3,7.4,0,5.8,5.1,1,0,6.8,30.6,1,1,1,6.26
7.16,88.9,0,3.9,1,1.8,0,5.8,6.7,8,1,3.5,61.6,2,0,1,8.65
7.17,78.7,0,3.9,3,8.4,1,6.3,1.5,4,1,7.5,67.2,3,0,1,8.42
8.07,65.5,0,2.9,1,4.5,2,3.1,2.6,0,0,4.9,68.1,2,0,1,6.56
6.92,74.4,0,5.5,3,8.9,1,9.0,6.8,1,2,7.5,57.6,2,0,1,10.98
6.05,73.8,1,5.4,2,3.7,1,5.0,7.1,1,3,3.5,94.6,2,1,1,8.85
6.46,68.2,2,3.4,3,9.7,0,6.2,5.0,1,1,2.0,52.8,4,0,1,7.05
7.82,84.0,0,2.2,2,3.4,0,4.0,4.6,2,0,4.9,69.6,3,0,1,5.48
7.0,81.3,0,5.3,2,1.6,0,6.2,5.1,1,2,3.4,53.7,0,0,0,7.42
7.44,55.7,2,0.0,4,5.6,0,10.0,6.2,2,1,2.6,43.2,2,1,1,12.61
7.87,54.9,2,3.9,2,8.2,1,3.2,1.2,2,0,9.0,36.2,0,1,0,6.86
6.51,83.9,0,4.4,1,7.2,0,2.9,6.7,1,0,4.8,41.7,0,1,1,7.48
7.98,66.6,0,1.9,1,8.1,1,3.5,5.9,1,1,6.5,72.1,2,1,1,8.09
7.49,82.2,0,4.8,2,7.3,2,4.7,6.3,3,2,8.8,86.5,2,1,1,11.42
5.39,88.9,2,3.2,2,3.7,0,4.3,5.6,4,2,5.7,72.0,1,0,0,6.96
8.87,60.2,0,2.3,2,7.2,3,3.1,3.0,1,0,7.7,53.3,1,0,1,9.82
6.35,58.2,1,4.7,1,5.7,0,5.4,3.6,0,2,7.4,47.4,0,1,1,7.49
4.85,100.0,1,1.5,1,3.9,0,9.1,8.8,0,1,8.4,63.3,2,1,1,8.05
5.64,82.9,0,4.6,3,5.9,1,5.2,4.5,1,2,4.0,39.2,0,1,1,7.17
5.67,72.1,1,0.0,3,5.4,0,5.3,7.4,3,1,5.5,77.7,0,1,1,5.8
7.07,64.9,0,3.7,1,8.6,0,6.3,3.6,1,1,10.0,67.4,0,1,0,6.84
6.64,70.9,0,3.3,1,4.4,2,7.0,5.8,1,2,5.4,40.6,0,1,1,12.03
6.56,61.3,0,2.3,1,4.3,0,8.7,4.9,1,1,7.1,89.8,0,1,1,10.21
7.81,90.4,0,3.8,3,4.0,0,6.1,5.2,1,0,2.6,35.9,1,0,1,7.54
7.44,67.1,0,3.1,3,9.7,0,5.5,5.1,2,0,6.5,61.0,1,1,1,6.54
7.41,93.3,0,4.9,2,4.1,1,3.2,8.7,0,3,1.3,76.7,0,0,1,9.38
7.53,72.4,3,4.1,2,8.4,1,7.2,9.7,0,1,4.4,74.7,0,1,1,9.77
7.8,63.4,0,3.9,3,3.2,1,3.6,6.3,2,0,6.4,47.5,1,1,0,8.27
4.26,72.0,1,3.7,2,6.6,1,3.5,5.0,0,1,4.8,51.8,0,1,1,4.83
6.53,41.3,1,2.4,2,6.1,2,5.9,3.1,2,0,1.0,40.9,3,1,1,9.72
4.17,76.3,2,2.7,2,8.2,2,9.0,3.0,3,0,3.3,64.4,1,1,1,8.63
7.05,75.6,0,3.6,4,7.9,0,7.2,8.7,2,1,1.5,76.4,0,1,1,9.62
6.99,89.5,0,2.9,2,5.7,0,5.4,2.9,1,1,8.7,21.8,3,0,1,5.54
8.36,51.6,0,5.0,2,4.3,2,3.2,4.9,2,2,6.9,71.1,2,1,1,7.94
8.54,94.3,0,3.3,3,9.1,1,9.0,6.1,3,0,6.2,50.2,0,0,1,9.44
7.26,89.5,0,3.8,1,4.1,0,5.4,0.6,1,0,3.3,58.1,2,1,1,6.61
6.35,95.5,2,1.0,2,0.5,1,4.8,3.3,2,3,5.1,38.7,2,1,1,7.72
7.63,77.3,0,4.7,2,1.4,0,6.8,3.1,3,1,8.7,47.6,0,1,1,6.8
6.31,92.2,0,2.3,4,1.9,0,4.5,4.5,1,0,5.2,99.8,1,0,1,6.33
7.0,57.4,0,1.5,1,6.8,0,3.8,6.3,3,1,4.9,53.2,1,1,1,7.43
8.28,88.0,0,5.8,2,10.0,0,4.0,7.9,1,0,6.9,59.8,0,1,1,5.48
6.27,67.2,0,4.3,4,1.0,0,4.0,4.5,1,3,0.2,41.7,0,1,1,5.71
8.05,54.9,1,4.8,3,3.8,0,2.9,4.9,1,0,2.1,100.0,2,0,1,6.63
7.88,62.3,0,3.9,2,5.7,1,2.7,5.6,5,0,0.8,69.3,1,0,1,7.0
5.76,78.1,0,3.1,1,8.9,2,7.7,4.2,2,1,5.9,59.6,1,1,1,8.55
8.27,66.5,1,2.8,1,3.8,0,7.0,6.6,1,0,7.6,78.4,0,1,1,7.74
7.91,83.3,0,4.4,2,6.8,0,3.6,6.7,4,1,2.9,67.1,1,1,1,6.34
7.13,52.7,1,5.0,1,4.9,2,7.5,0.4,1,2,5.9,56.6,2,1,1,6.36
6.01,48.2,0,3.1,3,10.0,0,6.2,7.1,2,1,2.2,57.4,0,1,1,6.31
5.88,97.2,2,6.5,3,5.8,0,4.8,6.1,4,0,2.8,29.2,1,1,1,9.25
6.3,90.7,2,2.9,3,6.3,1,2.7,6.3,4,1,1.7,52.7,0,1,0,6.02
7.71,63.3,0,1.0,1,5.7,0,6.3,8.2,1,1,9.0,49.9,0,1,1,8.29
5.76,78.0,2,0.4,2,4.6,1,9.8,2.2,1,1,3.5,66.4,1,1,1,8.27
7.57,92.3,0,0.5,3,7.6,0,5.5,3.3,1,1,3.5,55.8,0,1,1,9.25
5.39,83.9,1,2.5,1,3.0,0,7.8,5.7,2,2,4.9,73.7,2,1,1,5.61
6.73,80.1,0,2.8,1,1.1,0,5.0,1.2,4,0,6.8,62.0,0,1,1,5.87
7.14,93.3,0,4.3,2,5.2,1,7.6,5.4,3,2,10.0,43.2,1,1,1,9.99
10.0,67.8,0,3.2,1,7.3,0,5.2,7.5,1,1,10.0,89.8,0,0,1,8.99
5.21,78.4,2,4.5,1,4.2,0,0.0,6.6,2,2,5.6,52.3,1,1,1,4.23
8.91,77.8,0,3.3,2,5.9,1,3.8,6.0,2,1,6.1,71.1,1,1,1,9.22
7.19,74.2,0,3.2,3,2.8,1,5.8,5.3,1,1,6.3,33.8,0,1,1,5.74
7.53,72.5,0,2.3,1,7.8,2,8.0,4.9,1,2,9.0,75.4,2,1,1,9.67
7.15,79.0,0,5.5,2,6.9,0,5.1,4.8,2,0,6.6,27.3,0,1,0,6.43
7.58,78.5,0,0.7,2,5.5,3,5.6,6.3,1,0,7.7,98.7,3,1,1,10.38
6.8,63.3,1,3.7,2,5.9,1,4.1,2.7,2,2,6.1,73.7,2,1,0,4.83
8.89,89.2,0,2.9,2,2.4,1,9.1,8.7,2,2,3.7,55.6,0,0,1,11.35
6.41,64.3,1,4.5,1,2.5,0,9.0,4.3,2,0,8.6,71.4,1,1,1,7.94
8.47,74.9,0,3.2,1,5.2,0,3.9,6.9,2,0,6.4,34.7,0,1,1,7.21
6.16,73.9,3,3.2,2,6.6,0,2.0,6.0,4,2,5.9,56.0,5,1,1,5.85
6.92,83.0,3,2.8,4,6.7,0,1.3,3.5,2,1,0.0,74.9,1,1,1,5.14
5.61,48.3,2,5.4,2,4.7,4,6.9,8.4,3,2,3.4,71.5,0,1,1,12.23
7.59,90.5,0,3.2,2,7.1,0,5.8,8.0,1,2,4.2,59.8,2,0,1,9.09
8.88,68.5,0,6.4,4,8.6,1,3.7,2.7,1,2,4.3,66.3,0,0,1,6.99
6.9,95.1,1,3.6,3,5.3,1,6.1,5.7,5,4,8.3,81.6,1,0,1,9.21
6.74,71.3,1,3.2,3,6.2,0,2.7,6.2,3,0,5.9,74.5,2,1,0,5.13
5.55,77.3,1,3.0,2,5.0,0,7.3,1.7,3,1,4.7,22.4,2,1,1,8.08
6.7,100.0,1,4.1,3,5.2,1,4.6,1.6,1,1,1.8,59.8,1,0,1,5.84
4.93,74.1,2,2.3,2,5.9,0,3.0,4.1,0,1,8.0,60.4,1,1,0,3.05
5.81,95.3,2,3.4,3,9.2,1,4.7,3.2,2,1,4.9,35.0,4,1,0,6.73
7.29,78.5,0,3.2,3,7.5,0,4.6,3.7,3,1,0.0,38.9,3,0,1,7.47
8.71,83.8,0,3.7,2,7.3,1,6.3,3.2,1,0,7.5,89.9,0,1,1,8.07
10.0,79.0,0,3.8,4,4.5,1,8.2,5.6,3,0,4.0,45.5,3,1,1,11.05
6.24,89.9,2,3.8,4,3.5,4,8.1,4.0,0,1,0.0,51.5,1,1,1,9.61
8.87,68.4,0,3.4,2,6.4,0,5.9,8.0,4,0,6.6,44.0,3,1,1,10.03
7.32,64.2,0,5.7,1,8.2,1,5.1,6.2,2,0,6.3,68.3,1,1,1,8.26
6.8,69.1,0,3.9,3,9.3,0,4.2,7.4,1,1,1.1,65.6,1,0,1,6.15
7.56,79.4,1,7.4,2,0.1,0,1.4,2.4,0,0,9.8,98.8,1,0,1,5.29
7.08,74.9,0,3.3,2,10.0,1,5.5,4.5,0,0,6.1,49.3,0,1,1,6.13
7.14,87.9,0,4.7,1,6.4,1,3.5,6.1,3,1,5.0,70.5,1,0,1,6.58
6.47,96.3,2,2.0,3,7.5,0,8.3,6.7,1,3,2.3,22.3,2,1,1,8.95
5.18,64.3,2,5.4,4,1.7,0,5.0,4.5,2,0,2.7,31.6,1,0,1,6.21
4.99,67.7,2,2.1,1,5.0,1,7.2,4.8,2,1,5.8,86.6,0,1,1,8.51
7.85,57.9,0,3.9,3,7.3,1,4.4,5.0,2,1,5.4,82.1,0,0,1,10.03
6.64,100.0,2,2.8,3,2.9,0,3.9,5.2,3,1,3.6,68.9,2,0,1,4.81
6.23,82.3,1,3.9,1,0.0,0,6.9,10.0,3,1,5.2,82.5,1,1,1,8.15
7.01,84.7,0,2.8,1,6.2,0,6.1,6.4,0,0,6.5,38.5,1,1,0,7.19
8.03,59.2,0,1.9,2,5.4,0,6.2,5.9,4,0,4.1,93.1,2,0,1,10.61
7.23,78.0,1,2.8,3,8.7,0,5.3,3.3,4,1,3.8,39.3,1,1,1,7.2
6.15,85.1,1,5.7,2,5.1,1,7.3,3.3,1,2,8.3,66.5,2,0,1,6.1
8.59,74.5,0,3.9,1,5.3,0,7.0,5.4,5,0,5.0,100.0,3,0,1,8.36
9.05,93.1,0,1.1,1,7.0,2,0.5,8.1,2,1,5.7,42.4,2,0,1,8.06
7.64,100.0,1,5.0,2,7.8,0,4.9,5.4,0,0,3.2,87.0,2,0,1,7.11
8.27,64.7,0,1.8,1,3.9,0,7.8,5.5,3,0,8.5,79.3,0,1,1,11.59
8.61,63.7,0,4.4,2,7.6,1,3.2,4.3,1,2,1.1,49.3,0,1,1,6.98
8.47,65.7,0,4.1,1,4.4,0,1.6,2.3,3,1,4.1,100.0,0,1,0,6.86
7.8,100.0,0,4.2,3,5.5,0,5.2,6.7,2,0,5.6,41.8,0,1,1,8.87
7.78,92.6,1,6.2,3,7.0,0,6.7,5.3,1,2,3.7,59.3,1,0,1,7.64
7.68,76.1,0,1.9,3,7.4,0,4.4,6.7,2,1,6.0,72.8,3,1,1,9.44
5.57,78.5,1,4.2,1,6.2,2,8.5,6.1,3,2,5.6,58.1,1,0,1,9.23
7.91,66.6,0,5.2,2,3.1,0,9.7,3.9,1,0,3.5,100.0,0,1,1,7.7
5.24,90.5,1,2.2,3,1.4,0,1.1,6.3,3,0,3.7,34.8,4,0,1,6.5
5.97,72.7,1,2.0,2,5.1,0,4.6,3.2,3,2,2.0,92.4,1,1,1,6.53
8.69,74.4,0,2.7,1,7.6,2,0.3,6.2,1,0,4.1,14.8,0,1,1,5.82
8.09,86.5,0,3.7,1,6.5,0,7.0,5.7,7,1,8.1,2.2,0,0,1,9.72
8.93,75.4,0,0.9,2,6.0,2,3.9,8.9,2,0,4.4,61.1,1,0,1,8.77
6.65,74.7,1,4.1,2,5.5,2,4.4,4.1,1,2,4.9,74.7,1,0,1,7.12
5.5,78.1,1,0.9,4,6.2,0,8.1,3.1,1,1,3.3,89.8,1,0,1,7.14
6.69,89.1,1,5.3,3,3.3,0,2.4,5.0,1,3,0.4,92.2,4,0,1,5.68
7.13,100.0,1,4.0,3,7.2,1,1.9,7.0,2,0,0.4,64.0,0,0,1,8.94
7.1,86.2,0,6.3,4,7.4,1,0.3,0.2,1,1,3.9,70.0,0,0,1,4.18
8.47,89.2,0,4.3,3,4.7,0,8.4,7.6,1,0,3.1,64.9,0,0,1,9.15
6.53,75.2,1,2.7,1,6.5,1,7.9,5.4,2,2,5.5,90.5,0,1,1,10.67
7.46,68.1,0,1.9,1,1.7,0,4.8,3.5,4,2,7.4,35.3,1,1,1,9.21
5.71,87.2,0,3.6,3,5.9,1,2.6,5.1,0,0,1.9,46.7,2,0,1,6.02
7.59,80.4,0,3.2,2,5.2,1,7.4,4.3,2,0,3.7,77.1,0,0,1,8.27
7.0,58.1,1,5.1,4,8.3,1,10.0,3.3,0,1,2.2,81.1,1,1,1,10.52
6.03,73.4,0,1.7,1,5.1,1,5.0,1.9,5,1,6.8,86.9,1,1,1,7.07
6.69,76.8,1,6.4,1,7.4,0,2.7,7.3,2,1,5.2,58.6,2,1,1,5.27
6.76,70.9,1,5.2,3,4.6,0,8.4,4.7,1,0,2.5,50.0,0,0,1,7.12
6.65,98.7,1,2.9,3,0.5,0,2.9,5.0,1,0,7.9,74.1,1,1,1,6.37
9.3,84.7,0,6.1,3,5.0,0,4.7,7.5,3,0,4.1,38.1,1,0,1,8.49
6.87,97.2,1,1.9,1,5.9,1,0.0,5.9,4,0,7.5,93.3,1,1,1,6.35
6.68,81.7,1,3.5,2,5.8,2,4.8,2.7,2,0,0.8,49.9,1,1,1,6.36
4.27,79.1,0,1.2,2,5.9,1,2.6,7.1,1,0,2.0,54.5,1,1,1,6.02
5.84,64.9,1,6.2,4,4.4,1,8.4,8.8,3,1,4.3,75.0,1,0,1,8.79
6.66,78.2,0,0.6,1,4.8,0,3.3,6.8,1,0,5.4,45.5,3,1,0,5.03
6.11,78.2,2,0.9,2,3.0,1,7.3,4.1,1,0,4.1,37.0,1,1,1,7.27
8.8,58.9,0,2.2,1,1.1,0,5.3,2.9,1,0,3.8,83.1,2,1,1,5.8
6.79,70.4,1,5.3,3,5.3,0,5.8,4.0,2,1,6.2,39.1,3,1,0,6.11
8.67,73.5,0,4.7,1,3.9,1,6.7,6.0,3,1,7.5,65.2,2,1,1,8.94
7.08,83.8,1,3.4,4,7.9,2,5.4,8.7,1,0,2.9,60.4,0,0,1,9.05
7.05,84.5,1,4.8,1,0.7,0,4.0,4.3,3,1,6.6,22.0,0,1,1,6.1
6.88,69.9,1,3.0,3,6.1,0,3.6,4.5,3,0,3.3,39.1,0,1,1,6.76
7.0,84.6,0,3.9,3,10.0,0,6.7,7.8,4,2,2.4,67.1,1,0,1,9.06
9.23,75.5,0,5.8,1,5.1,0,1.1,4.9,3,2,4.8,84.7,1,0,1,6.73
3.98,37.8,2,2.8,1,5.5,2,9.4,9.2,2,0,7.8,44.8,1,1,1,10.54
4.4,71.2,2,2.0,2,6.4,0,5.8,5.5,1,1,4.1,42.3,2,1,1,4.01
6.29,93.1,2,4.0,2,6.6,0,4.7,8.1,0,1,5.1,72.6,1,1,1,7.31
7.02,54.5,0,4.4,3,4.6,0,6.1,6.6,2,2,3.0,76.0,2,1,1,6.91
7.9,79.6,0,3.4,2,3.3,0,4.1,7.2,1,3,7.2,78.7,3,0,1,6.99
7.62,100.0,0,4.8,1,6.9,1,5.1,5.4,6,2,4.5,64.4,1,1,1,9.2
6.5,67.4,2,2.9,4,1.3,0,2.9,5.6,4,1,6.5,49.4,2,1,1,6.42
8.32,78.0,0,3.4,1,7.3,1,6.4,6.6,1,4,4.7,75.7,2,0,1,9.78
8.34,59.7,0,3.8,2,4.6,2,5.3,7.4,3,2,3.7,58.3,5,0,1,10.43
7.24,100.0,1,3.7,4,5.5,1,5.9,6.9,1,0,7.6,73.4,2,0,1,7.54
8.25,76.8,0,5.8,4,4.3,0,8.9,2.3,3,0,0.5,49.6,3,0,1,6.32
7.35,78.7,1,3.8,1,8.6,0,3.7,6.3,2,1,5.9,55.8,0,0,1,6.19
6.27,97.0,0,2.7,1,6.0,1,5.2,4.5,1,2,8.3,70.7,1,0,1,8.2
7.91,87.3,2,4.0,2,4.8,0,1.7,4.7,1,0,1.5,18.9,1,1,1,6.22
7.14,65.7,0,4.8,2,4.7,0,6.8,6.7,2,2,5.6,86.8,1,1,1,9.17
7.0,68.9,1,4.4,3,5.2,0,5.5,9.2,2,0,0.5,59.0,1,0,1,7.61
8.91,84.9,0,4.4,2,10.0,2,5.5,5.3,1,0,5.1,3.6,1,1,1,9.72
3.81,69.3,1,0.8,1,2.6,0,5.1,9.7,2,0,10.0,63.4,1,1,1,5.59
5.16,48.4,0,0.0,2,7.9,1,4.2,3.6,0,2,0.0,51.3,0,1,0,5.35
5.46,77.3,0,5.2,3,6.7,0,10.0,8.3,1,0,3.8,39.2,4,0,1,7.8
6.53,57.3,1,3.9,3,8.9,0,5.6,6.7,4,0,3.0,99.2,1,1,1,8.82
6.67,100.0,0,3.2,2,6.9,0,6.2,6.2,0,1,2.7,76.7,0,0,1,4.21
5.04,80.5,2,4.3,1,5.5,1,2.9,8.6,5,0,2.5,56.8,1,0,1,7.27
5.72,65.3,3,6.3,2,7.7,0,7.5,4.5,2,1,7.5,61.1,1,1,0,7.49
5.88,68.2,1,5.5,2,6.0,0,5.2,8.4,0,1,5.5,65.3,0,1,1,6.86
10.0,51.5,0,4.7,3,7.2,1,6.5,5.4,2,0,0.0,27.4,2,1,1,9.76
9.34,62.6,0,1.8,3,8.6,1,7.6,4.5,3,0,1.8,100.0,0,0,1,11.42
6.46,92.2,1,2.0,4,5.7,0,5.3,3.1,2,1,1.7,60.9,2,0,1,6.57
6.53,100.0,1,0.0,2,4.6,0,3.9,9.0,1,1,1.4,96.2,3,0,1,6.64
5.51,88.2,2,4.2,3,4.1,0,0.1,8.1,1,1,4.2,43.0,2,1,1,5.26
4.52,76.7,0,5.0,1,6.5,0,4.6,4.8,1,0,6.6,71.7,2,1,1,3.23
6.85,72.0,2,5.1,2,3.6,0,3.9,6.9,2,1,5.6,36.3,2,1,1,6.13
5.7,64.6,2,4.3,2,4.7,0,2.9,6.1,2,0,9.6,2.4,1,1,1,6.6
6.89,100.0,1,3.0,3,3.4,0,8.8,5.1,3,0,1.8,78.1,0,0,1,9.01
4.92,75.4,0,2.3,3,6.6,0,7.8,7.7,0,1,2.9,63.9,1,0,1,5.51
6.01,100.0,1,1.9,1,3.8,1,1.3,4.5,3,1,4.8,49.4,0,0,1,8.73
7.19,97.5,1,2.9,3,2.7,1,5.9,1.4,1,2,6.0,0.0,0,0,1,7.25
7.48,53.6,0,1.6,3,3.1,0,3.6,6.3,2,0,5.7,50.6,0,1,0,5.94
7.54,68.7,2,6.0,4,4.2,0,6.3,5.9,5,1,0.4,65.5,1,0,1,7.46
5.28,68.6,0,1.1,2,4.4,1,3.7,4.6,4,0,8.3,38.5,0,1,1,7.99
8.11,76.9,0,2.9,4,6.1,2,4.3,4.0,4,0,0.9,62.6,0,0,1,7.81
5.96,77.2,1,0.1,3,5.1,0,7.7,2.7,3,0,6.0,47.3,1,0,1,6.82
7.82,100.0,0,3.7,3,6.3,0,7.4,5.1,1,1,5.8,36.0,1,1,1,8.62
6.99,62.9,1,3.2,2,6.5,0,9.0,4.0,2,1,5.9,57.2,4,0,1,6.35
5.21,81.2,2,2.6,3,7.1,2,5.0,7.7,0,2,3.2,16.6,1,1,1,8.5
6.59,86.6,1,1.7,3,1.3,0,2.2,6.8,1,1,3.3,70.0,2,0,1,4.75
7.47,78.0,1,3.2,2,3.0,0,7.6,4.8,3,1,6.1,62.0,4,1,1,9.9
7.8,79.5,0,2.3,4,6.7,1,7.6,6.8,4,0,4.2,72.1,1,0,1,10.32
6.82,63.4,0,3.0,1,6.0,1,6.9,5.6,0,0,7.6,82.6,1,0,1,8.98
8.99,79.5,0,6.3,2,7.6,1,3.8,5.3,1,0,6.6,54.9,0,0,1,8.06
8.31,85.2,2,3.5,2,2.1,0,3.0,5.7,3,0,5.8,6.2,2,1,1,8.3
6.67,82.6,1,4.1,2,4.5,2,6.7,9.3,0,3,8.3,54.9,1,1,1,10.21
7.98,86.0,0,2.5,2,4.8,1,3.5,7.1,2,4,3.6,37.1,0,1,1,8.74
9.51,97.8,0,1.9,2,5.9,0,4.8,5.2,1,2,5.1,88.7,0,0,1,8.75
9.55,91.1,0,3.2,2,5.6,0,10.0,7.6,1,0,3.7,52.6,0,1,1,7.3
5.4,79.0,1,7.2,1,6.5,0,10.0,7.5,4,0,10.0,76.8,1,1,1,8.57
5.8,61.6,1,2.7,1,5.2,1,7.3,6.3,1,3,7.8,89.2,1,1,1,9.82
8.93,69.6,0,3.8,3,8.5,0,4.0,5.1,1,1,6.3,45.0,2,0,1,6.05
5.62,74.9,3,1.9,2,9.2,1,3.8,5.0,2,2,6.0,61.5,1,1,1,6.11
5.28,81.5,2,0.0,1,3.0,0,7.1,3.6,3,0,5.9,60.8,2,0,1,5.16
6.37,71.3,1,1.9,1,5.6,0,8.9,6.2,2,1,10.0,100.0,0,1,1,6.69
7.55,64.9,0,7.0,1,7.3,1,4.3,4.6,3,2,8.8,85.3,3,0,1,7.8
6.87,61.4,0,4.2,1,6.8,3,4.4,4.9,3,2,5.3,38.7,3,0,1,9.72
6.15,54.9,2,5.8,4,4.6,1,5.7,7.0,3,1,2.4,47.8,0,1,1,7.97
6.12,74.7,0,2.6,2,6.1,1,2.3,9.2,0,1,5.5,50.7,3,1,1,4.97
6.07,57.4,3,0.0,2,2.0,0,2.4,6.5,0,0,3.8,43.8,2,1,1,3.62
5.86,64.0,3,1.4,2,5.5,1,2.8,5.6,2,0,4.2,53.7,2,1,0,4.97
9.97,72.5,1,3.8,1,2.3,2,6.8,5.8,3,1,2.5,49.4,1,1,1,10.86
7.39,59.3,0,3.6,3,6.6,0,6.1,8.1,3,1,0.0,60.7,1,0,1,7.62
8.15,83.3,0,3.2,4,3.0,0,8.1,6.6,2,0,7.5,57.7,3,1,1,10.28
6.36,88.4,0,2.4,1,5.9,0,1.5,6.2,2,1,4.8,83.1,1,0,1,4.7
6.76,70.3,1,4.7,1,6.2,1,2.0,6.3,2,0,5.3,44.8,3,1,1,5.81
6.07,71.9,1,2.4,2,5.7,0,6.5,2.9,1,0,5.2,26.6,3,1,1,6.83
3.55,85.5,0,3.7,1,4.1,0,3.5,6.6,3,1,7.6,50.1,4,1,0,2.92
5.21,68.0,0,3.5,1,5.0,0,3.7,4.0,2,0,7.8,47.7,0,1,1,6.75
4.65,67.0,2,2.6,3,8.1,0,7.8,6.6,0,1,6.4,89.5,0,1,1,7.59
4.08,94.8,1,1.8,2,4.6,0,4.2,4.3,1,2,6.3,76.9,1,1,1,5.83
5.45,90.4,3,2.5,1,5.5,1,4.5,7.0,3,0,5.4,86.0,2,1,0,6.28
8.72,86.4,0,6.2,3,4.3,0,4.9,5.5,1,3,6.9,79.3,1,0,1,7.33
6.94,91.0,0,5.0,1,7.7,0,5.1,3.5,2,0,5.6,20.6,1,1,0,5.84
8.68,50.3,0,4.8,2,5.7,1,7.1,5.2,0,1,7.4,42.9,2,0,1,8.53
7.53,97.0,0,1.9,3,3.8,0,2.7,10.0,1,0,0.5,30.0,1,0,1,8.25
8.02,83.5,0,0.9,2,5.5,1,5.1,1.3,2,2,8.0,91.3,1,1,1,5.66
5.83,92.2,1,5.0,2,5.0,2,8.2,6.1,2,0,2.9,76.8,2,1,1,10.47
7.68,83.4,2,4.6,3,8.6,0,10.0,3.8,1,0,0.7,68.0,1,0,1,8.52
7.95,78.7,0,3.4,2,5.4,0,2.4,8.6,0,2,2.0,48.6,0,1,1,8.04
6.25,74.1,1,2.6,3,2.5,1,6.3,7.4,2,2,4.5,50.9,4,0,1,9.0
7.73,83.1,3,0.9,2,6.6,0,5.1,6.2,3,1,10.0,42.8,0,1,0,8.74
7.74,73.6,1,4.6,2,9.4,2,5.3,7.6,1,0,4.5,73.0,2,0,1,9.92
6.29,90.2,3,5.1,3,8.1,1,3.7,6.3,1,0,3.7,62.1,2,1,1,6.35
5.54,55.8,0,2.1,1,3.1,3,7.2,5.8,2,1,7.8,73.9,0,0,1,8.28
5.46,70.4,1,2.0,3,4.9,2,7.1,4.6,2,2,2.7,68.4,1,1,1,7.59
7.11,100.0,0,5.2,1,5.4,0,10.0,5.1,0,0,5.7,76.5,0,0,1,9.46
7.43,69.2,2,2.2,2,5.5,0,2.5,4.9,2,1,4.2,70.3,2,1,1,7.91
5.97,74.7,0,6.0,3,6.3,0,1.5,5.8,1,1,8.5,82.0,1,0,1,4.09
7.03,65.6,0,3.0,2,4.7,1,10.0,2.0,1,1,5.2,74.8,0,0,1,10.17
7.74,82.7,1,2.6,1,3.5,1,5.4,7.9,1,1,7.7,49.7,0,1,1,9.63
7.8,67.7,1,3.3,2,7.6,0,4.4,9.7,4,2,3.4,69.8,1,0,1,7.42
9.02,75.4,0,2.6,3,3.0,0,5.9,4.9,1,0,1.4,66.2,2,0,1,9.04
8.66,89.9,0,5.0,4,3.7,0,2.3,8.1,2,0,4.5,56.2,0,1,1,6.58
5.7,68.2,1,4.6,2,3.0,0,6.4,5.5,3,1,5.6,59.7,0,1,0,9.01
9.19,89.0,0,4.9,1,6.8,1,5.3,4.6,2,2,8.4,80.1,1,1,1,9.51
6.31,89.5,1,3.5,2,5.7,1,8.0,5.0,1,0,3.0,70.8,1,1,1,10.82
8.36,92.8,0,2.5,2,7.4,1,7.5,6.0,2,0,4.8,78.6,1,0,1,9.45
7.09,80.0,0,3.2,1,3.8,0,7.7,4.4,1,0,3.0,60.8,1,0,1,6.92
6.46,100.0,0,2.5,3,2.7,0,5.9,7.0,3,1,2.9,83.0,3,0,1,8.51
4.65,92.8,4,5.5,2,4.5,2,9.2,4.8,1,1,1.7,75.5,1,0,0,9.39
6.78,82.5,2,4.8,2,5.1,1,6.8,3.7,0,0,4.3,43.9,1,1,0,7.93
4.97,65.7,2,3.1,2,6.0,0,4.3,5.8,1,0,8.0,52.8,1,1,1,4.89
8.26,76.6,0,1.7,1,1.8,0,3.6,4.4,1,2,4.0,43.0,2,1,0,7.94
8.97,98.0,0,5.7,2,6.6,1,3.9,5.1,0,1,3.0,38.4,0,0,1,6.54
5.96,100.0,1,3.4,2,3.5,0,6.9,5.7,2,0,4.6,100.0,2,0,1,4.73
7.39,98.7,0,3.0,2,4.1,0,2.4,3.1,4,0,4.6,93.4,0,1,1,6.65
6.06,89.0,2,5.7,3,8.1,0,5.9,8.7,3,0,5.8,83.1,2,1,1,10.22
6.18,60.4,2,2.4,2,0.7,0,3.6,7.4,3,1,2.0,69.0,0,1,1,7.55
8.01,84.8,0,2.7,2,6.2,0,2.6,4.5,0,2,0.0,49.2,0,1,1,5.4
6.95,60.6,0,2.8,3,6.2,2,3.0,5.8,0,2,4.1,37.8,1,1,1,7.01
9.26,57.2,0,1.1,2,3.7,0,5.4,7.1,2,0,8.9,55.8,0,0,1,8.74
6.37,81.3,1,3.7,2,4.5,0,7.3,6.2,6,1,4.6,45.6,0,1,1,8.19
8.3,85.3,0,2.0,3,8.2,1,3.9,9.6,0,2,4.9,74.3,1,0,1,7.53
7.13,90.6,2,2.3,2,9.8,1,0.7,5.3,3,1,4.8,63.0,2,0,1,6.84
8.03,85.0,0,2.1,2,7.8,1,10.0,8.2,3,3,6.7,77.1,1,0,1,12.37
6.42,85.4,1,2.3,3,9.6,1,8.1,3.1,4,6,3.3,64.8,1,0,1,9.21
6.94,64.2,2,1.9,2,4.0,0,7.6,3.4,1,0,4.8,26.2,2,0,1,5.84
6.85,76.5,0,3.6,4,2.0,0,9.2,9.2,2,1,6.8,56.6,2,0,1,9.43
5.91,56.9,1,3.0,2,5.4,1,5.7,4.9,3,1,7.6,67.8,2,1,1,7.29
7.86,50.0,0,3.3,2,7.3,2,5.2,3.5,0,1,3.4,65.5,0,1,1,8.77
7.85,88.4,0,7.0,1,1.4,0,8.6,5.7,3,1,4.5,48.9,2,0,1,8.71
7.77,67.5,0,3.0,1,3.5,0,8.6,8.3,2,1,4.6,50.2,0,0,1,10.07
9.0,90.2,0,4.2,2,3.7,3,6.9,4.3,1,3,2.4,46.7,0,0,1,11.47
8.88,93.5,0,4.3,1,6.3,1,7.5,5.7,2,1,4.7,26.6,2,0,1,10.87
6.51,69.3,2,3.1,2,6.0,1,2.7,2.1,1,0,4.7,59.4,0,1,0,5.28
7.48,86.3,0,3.6,1,3.8,0,4.9,4.9,1,0,4.2,75.6,3,1,1,6.0
6.19,68.7,1,3.2,1,5.9,1,9.4,7.8,1,3,7.2,50.5,2,1,1,9.59
7.03,52.2,0,3.5,2,3.0,1,7.3,4.2,1,1,1.2,35.2,1,1,1,8.1
6.22,79.7,3,2.3,2,4.6,1,2.1,3.3,1,0,2.3,79.9,1,1,0,7.41
9.11,71.4,0,2.4,2,2.7,0,4.3,4.2,4,1,6.5,87.3,1,0,1,7.83
7.47,71.8,0,3.2,3,5.2,0,9.0,4.6,2,1,8.4,51.2,2,1,1,11.06
6.72,100.0,4,0.0,1,3.7,2,6.5,7.3,0,0,6.6,41.2,3,1,1,8.57
8.55,56.6,0,5.6,1,7.0,0,5.9,6.6,1,0,4.1,57.1,1,1,1,7.66
4.18,83.4,0,6.7,4,5.4,0,6.0,6.9,1,0,0.4,65.6,2,0,1,5.07
4.38,64.1,2,3.5,4,5.0,1,5.3,5.9,1,3,2.1,51.0,2,0,1,5.62
8.03,90.7,0,4.3,2,9.4,1,4.3,4.6,1,0,7.9,28.6,2,0,1,7.18
7.08,82.2,0,4.9,2,6.3,0,3.6,4.2,3,2,6.2,79.2,2,1,1,6.87
7.33,83.3,0,1.1,3,4.7,0,7.8,6.7,1,1,1.2,64.8,0,0,1,8.51
5.28,64.8,0,4.7,2,4.2,1,6.0,9.0,0,2,5.8,91.0,2,1,1,10.11
6.97,67.3,0,2.5,1,2.9,0,7.1,3.9,2,0,9.3,60.8,3,1,1,9.03
9.6,91.0,0,6.9,1,5.4,1,6.8,3.8,4,1,8.7,89.4,2,0,1,10.37
8.07,100.0,0,2.9,1,6.2,0,8.7,3.5,3,0,9.1,55.5,2,1,1,8.56
7.22,84.7,0,4.7,3,1.3,0,6.5,7.5,1,1,5.8,47.9,2,0,1,6.5
6.43,65.4,1,2.9,2,2.5,2,7.4,5.7,3,2,2.1,50.0,1,1,1,10.07
6.49,82.7,0,6.7,1,4.4,0,5.9,6.9,3,1,4.1,96.5,1,0,1,8.95
4.23,100.0,2,2.4,1,3.1,0,3.3,4.8,1,0,10.0,56.2,4,1,1,5.71
7.33,79.4,0,5.1,1,5.6,1,5.0,7.0,2,1,5.2,91.6,3,1,1,7.71
8.1,98.5,0,4.2,3,5.9,0,6.9,5.2,3,0,0.0,50.8,1,0,1,7.08
4.95,67.6,0,3.8,3,5.2,0,7.1,2.7,4,1,5.4,32.3,0,1,1,6.98
6.14,77.4,1,3.6,2,6.7,1,8.8,7.6,2,1,7.4,74.0,2,1,1,9.94
5.5,86.7,2,2.1,3,4.2,0,4.4,5.7,0,1,3.8,47.2,2,0,1,5.21
5.75,83.6,1,0.0,1,5.4,0,6.0,5.2,3,1,7.3,66.1,2,1,1,7.69
7.07,67.3,0,4.9,2,3.3,3,5.2,6.4,1,1,3.1,64.0,1,1,1,9.01
4.29,66.7,0,2.4,2,6.1,0,9.2,2.9,0,0,3.9,63.7,2,1,1,6.28
7.8,91.8,0,5.1,1,5.7,0,6.4,6.7,2,1,1.8,93.0,2,0,1,8.7
7.98,94.7,0,3.8,2,2.9,1,6.4,4.6,0,0,2.5,65.0,1,0,1,7.86
6.67,99.2,0,5.1,3,5.2,0,5.4,5.5,1,1,7.3,62.4,1,0,1,5.47
3.78,100.0,1,4.5,1,5.4,0,5.0,8.1,2,2,0.0,52.9,3,0,1,7.51
5.7,79.9,2,0.0,2,6.1,0,2.2,7.1,1,2,4.1,70.8,2,1,0,4.9
8.6,73.6,0,4.2,3,6.2,1,2.6,5.4,0,0,2.8,68.9,3,1,1,4.28
3.5,96.9,1,2.7,3,3.9,0,5.9,5.6,4,4,5.4,52.0,4,1,1,6.88
6.55,88.0,2,5.1,2,7.2,0,5.6,0.7,4,1,0.1,78.8,2,1,1,7.23
5.47,64.2,2,4.1,1,6.7,0,5.9,4.2,6,1,4.2,55.9,0,1,1,8.68
8.05,63.5,0,4.2,3,3.9,0,7.7,6.1,2,0,2.6,71.6,1,0,1,8.96
6.12,84.9,2,2.8,1,3.0,1,5.7,4.3,2,1,6.9,33.5,2,1,1,7.47
7.53,75.5,1,1.7,1,4.1,0,4.7,3.1,2,1,6.0,78.3,4,1,1,7.02
7.74,77.6,0,2.5,1,2.3,0,5.0,6.8,1,2,2.2,45.6,2,0,1,7.0
9.39,93.0,0,0.3,2,6.0,2,6.1,8.4,3,1,4.2,73.5,1,0,1,10.73
6.74,88.6,0,2.3,2,8.1,1,4.6,4.4,2,4,3.2,85.6,2,0,1,9.0
7.49,96.6,0,0.9,3,8.6,1,7.9,7.6,2,4,5.1,68.2,1,0,1,9.92
5.07,51.0,0,0.9,2,3.1,0,5.5,7.2,2,2,4.4,83.1,1,1,1,7.06
8.55,81.5,0,3.4,4,7.2,0,6.1,3.8,1,0,7.0,38.4,0,0,1,7.12
6.01,87.7,2,4.1,2,5.7,1,3.6,4.3,3,0,3.5,58.3,1,1,1,5.82
6.27,56.6,0,3.1,2,0.2,1,7.9,9.4,1,1,3.7,47.0,2,0,1,8.93
6.97,68.8,1,2.4,1,4.8,0,8.8,3.6,0,1,4.8,46.8,1,1,1,7.58
4.97,66.2,2,1.7,1,4.5,2,2.4,4.6,1,0,5.6,28.4,3,1,0,5.36
7.3,78.3,0,2.7,2,8.2,0,6.4,9.7,0,1,6.9,61.6,1,1,1,8.48
8.26,100.0,0,1.9,3,3.6,4,5.3,4.7,3,3,3.0,78.8,4,0,1,9.1
7.38,100.0,3,3.1,1,6.7,0,6.2,8.5,2,1,5.1,85.3,1,1,1,8.0
4.93,66.6,2,0.8,2,5.3,0,6.5,3.8,2,2,5.8,38.9,0,1,1,7.19
6.84,85.4,0,4.3,2,2.3,0,0.4,6.1,1,2,2.8,50.4,3,1,1,6.73
7.96,85.8,0,2.3,2,4.3,0,7.2,8.0,0,0,6.5,45.2,0,0,1,6.97
4.56,83.4,0,3.8,1,8.9,2,8.1,4.9,2,1,5.1,43.8,1,1,1,7.08
5.6,83.6,2,4.6,1,5.1,1,8.3,6.0,3,1,3.9,54.1,1,1,1,9.08
8.14,82.3,0,3.7,2,7.5,0,3.3,7.3,5,0,0.8,60.4,0,0,1,9.22
7.35,100.0,0,4.5,3,7.4,1,5.4,4.0,1,0,1.5,54.2,1,0,1,6.5
7.54,93.4,0,0.0,3,4.5,1,4.3,10.0,1,1,3.5,32.1,1,0,1,6.41
9.42,63.2,0,2.4,1,2.7,0,1.1,7.9,1,1,5.8,79.4,0,1,1,7.29
7.61,89.1,0,5.0,1,3.0,0,4.1,5.1,0,1,5.3,63.6,0,0,1,5.48
7.86,90.5,0,4.0,2,8.7,1,3.0,5.3,4,1,1.6,67.9,1,0,1,9.75
10.0,82.4,0,6.2,1,5.8,0,6.3,9.6,4,0,5.5,69.0,1,0,1,10.39
6.72,93.8,0,5.9,3,1.7,1,1.7,5.1,2,1,0.4,72.3,2,0,1,4.93
5.96,80.6,1,3.7,2,7.3,0,3.2,4.9,1,3,2.1,63.1,3,0,1,4.95
7.56,80.8,2,2.8,3,1.6,0,4.3,8.1,3,3,6.5,43.3,1,1,1,8.65
7.57,79.7,3,1.7,1,3.7,0,7.3,3.0,3,0,5.7,90.3,0,1,1,7.61
6.32,49.7,2,2.4,4,5.7,0,10.0,5.6,0,2,4.0,72.8,0,0,0,8.67
5.66,76.9,1,2.5,3,10.0,0,6.2,6.0,2,1,7.2,42.0,2,1,1,10.23
10.0,68.6,0,2.3,3,7.3,1,3.1,4.4,0,1,3.8,42.3,3,1,1,6.7
7.42,61.4,0,1.7,4,4.4,0,3.9,2.7,2,1,5.1,99.8,1,1,1,7.21
6.05,98.1,0,3.8,2,5.6,0,7.0,5.9,3,1,5.8,56.8,1,0,1,9.32
8.19,85.1,1,5.9,1,7.5,0,2.4,7.2,1,0,4.3,46.4,2,1,1,7.82
6.86,77.6,0,4.7,2,8.6,3,8.0,4.4,1,2,4.6,49.4,0,0,1,8.93
6.67,70.1,2,2.7,3,5.0,2,6.1,3.4,0,3,2.2,69.0,1,1,1,8.35
7.73,82.1,0,4.8,3,5.0,0,5.2,8.3,0,2,5.3,50.5,1,1,1,6.27
5.32,91.9,2,3.8,2,3.7,0,1.6,6.9,1,0,7.2,62.7,1,1,1,5.4
7.46,66.4,2,3.1,3,7.0,1,7.6,5.1,1,0,0.8,100.0,1,0,1,8.01
9.49,77.9,1,3.0,1,7.8,0,3.7,7.6,0,1,3.9,28.6,1,0,1,8.19
7.61,90.2,0,2.9,1,1.2,0,5.9,6.3,4,1,5.1,51.9,1,1,1,10.11
6.51,50.9,1,4.2,2,4.6,0,5.1,9.4,2,0,3.0,61.2,2,1,1,7.74
6.34,77.2,0,3.4,2,2.8,1,1.9,7.1,3,0,4.4,24.7,1,1,1,6.74
6.47,72.0,4,2.0,1,5.8,0,5.0,3.0,2,3,6.8,70.3,0,1,1,6.61
6.67,76.1,2,2.0,3,2.8,2,2.7,4.5,0,1,6.9,77.9,0,1,0,7.9
6.51,71.0,0,3.7,2,2.6,0,4.0,4.6,1,1,3.8,32.2,3,1,0,5.38
8.19,79.9,0,3.9,2,8.0,0,6.5,6.4,0,2,3.7,58.4,0,1,1,8.75
4.75,100.0,0,2.7,1,5.1,0,7.1,5.2,1,1,6.8,63.7,2,1,1,7.09
8.12,73.5,0,1.4,1,5.4,2,5.5,3.5,3,1,5.8,71.5,2,1,1,10.02
6.51,82.1,1,5.2,3,6.4,0,3.5,7.0,1,2,0.3,100.0,2,0,1,6.85
7.49,100.0,1,4.9,3,7.6,0,4.0,7.8,1,3,1.9,45.2,0,1,1,6.59
5.53,70.3,1,0.0,1,4.6,1,4.0,5.6,3,0,5.1,70.7,3,1,1,6.66
8.73,100.0,0,5.3,3,4.6,0,0.6,6.2,4,2,5.7,57.5,2,0,1,5.44
8.62,78.1,0,2.9,3,4.6,0,5.7,3.9,4,4,6.5,54.0,1,0,1,9.1
8.25,100.0,0,3.5,3,7.9,2,1.7,4.8,3,1,1.5,60.3,0,1,1,8.63
5.03,88.5,0,5.0,2,5.4,2,5.7,4.8,0,0,3.1,68.2,1,1,1,7.8
8.08,82.3,0,5.8,2,4.9,2,2.1,6.9,1,0,6.9,60.2,1,0,1,6.92
7.53,77.1,0,4.8,3,6.4,1,2.7,6.3,0,0,2.8,65.5,1,0,1,8.74
4.91,69.3,1,3.6,2,9.5,0,7.0,5.1,2,0,5.7,58.4,1,1,1,4.88
6.97,79.1,0,1.0,1,5.7,0,5.6,5.1,1,2,5.5,41.3,1,1,1,7.79
7.47,90.6,0,0.0,2,4.9,2,1.2,1.9,3,0,5.0,76.5,2,0,1,7.09
7.72,77.8,2,4.6,2,9.8,0,4.2,9.0,3,0,4.0,80.5,1,0,1,8.66
7.23,73.6,0,5.3,2,8.4,0,6.1,1.6,6,3,7.5,79.6,1,1,1,9.16
7.38,74.5,1,1.9,3,8.1,1,4.1,6.6,6,3,0.3,73.5,0,0,1,9.69
8.92,91.9,1,2.8,2,4.4,1,4.7,5.9,2,1,4.0,44.5,1,0,1,10.73
8.59,95.2,0,2.3,1,4.2,0,6.1,5.3,1,0,8.3,40.9,1,1,1,6.79
3.5,68.7,3,2.3,4,1.5,0,5.6,5.8,2,1,2.4,78.3,2,1,0,5.24
6.59,68.6,2,4.9,1,7.6,0,3.2,4.5,1,1,5.6,35.9,2,1,1,5.86
6.79,83.3,3,3.5,1,5.7,0,5.6,7.1,0,1,8.1,46.3,3,1,0,6.89
4.72,99.4,0,2.8,3,1.5,1,4.8,3.2,1,1,5.0,100.0,2,1,0,4.75
7.12,94.0,1,7.5,4,8.1,0,9.5,6.5,5,0,4.8,70.2,0,1,1,10.67
8.62,60.5,0,0.9,3,4.8,1,5.3,4.4,1,0,6.6,63.2,2,1,1,8.38
5.59,74.3,1,4.1,2,5.0,1,5.8,4.9,4,0,1.6,23.0,0,0,1,9.52
7.44,65.0,2,1.5,2,2.2,2,6.1,5.0,1,0,3.8,46.6,0,1,1,9.47
5.81,74.3,1,2.9,3,6.6,0,4.8,5.5,4,2,2.0,76.7,0,1,1,8.5
6.13,100.0,3,3.4,3,6.6,0,3.8,6.8,0,0,4.6,30.3,2,1,1,6.82
8.92,58.1,0,4.6,1,5.4,0,6.6,5.7,2,2,8.3,68.1,2,0,1,8.12
6.29,55.3,4,2.8,3,4.6,0,6.6,7.7,2,3,0.0,32.4,0,1,1,8.07
7.6,66.4,0,2.6,2,10.0,0,10.0,7.9,0,2,1.2,47.5,0,0,1,9.45
4.57,82.0,2,2.8,1,2.9,2,7.2,6.4,3,2,1.1,28.5,0,1,0,10.09
9.42,86.7,0,1.5,1,3.9,2,7.2,7.2,0,3,3.9,61.9,1,0,1,11.25
7.78,84.1,2,4.2,1,7.1,3,7.2,9.8,2,1,5.9,26.0,1,1,1,11.44
6.76,94.5,1,3.7,4,3.3,0,3.9,3.0,0,2,6.5,58.3,1,0,1,5.77
7.75,53.3,0,3.9,2,3.1,1,2.6,8.0,3,0,1.8,72.8,1,0,1,9.06
5.17,94.6,0,3.1,3,8.0,1,3.2,8.9,3,0,9.3,64.0,2,0,1,5.81
8.54,73.6,0,2.9,1,6.8,1,7.1,6.7,5,0,7.0,69.3,2,0,1,10.59
6.58,88.2,0,5.1,3,6.6,1,8.8,9.6,2,0,5.1,64.5,1,0,1,11.51
6.73,59.5,1,4.8,2,5.9,0,7.2,9.3,2,1,6.4,58.2,2,0,1,9.4
6.36,78.1,0,5.5,4,4.0,0,5.1,5.1,3,1,0.0,58.6,1,0,1,6.81
6.25,81.3,1,3.8,2,4.9,1,9.4,5.3,1,2,3.4,65.9,1,1,0,9.57
7.9,94.2,0,5.4,3,5.3,2,4.5,6.9,1,1,1.4,38.2,1,0,1,7.25
7.33,55.8,0,2.5,2,7.4,1,2.9,4.6,1,0,6.3,52.1,1,1,1,5.76
7.85,78.4,0,2.9,2,6.4,0,6.1,10.0,1,0,2.7,100.0,1,0,1,8.23
6.99,62.8,0,5.1,4,3.5,0,8.5,7.4,5,1,2.3,69.7,2,1,1,8.82
7.67,85.1,0,4.5,2,7.2,1,3.6,5.9,3,0,3.2,85.0,1,0,1,8.59
6.46,88.9,2,2.7,3,1.8,0,1.6,3.0,2,0,7.1,66.8,1,0,0,3.52
9.9,96.0,0,1.5,1,4.8,1,5.6,6.3,0,2,4.4,45.4,2,0,1,10.91
4.96,70.5,1,2.9,3,3.0,0,7.3,3.4,4,1,1.2,53.9,0,0,1,7.91
8.64,91.0,0,2.1,4,3.6,1,0.0,7.3,1,2,3.9,25.2,3,0,1,6.35
8.78,97.1,0,6.0,3,9.7,2,7.7,0.8,2,0,3.6,87.5,0,0,1,8.98
5.89,55.0,1,4.4,2,2.3,0,2.4,8.6,1,2,8.0,77.9,2,1,1,6.13
9.9,86.6,0,2.0,2,3.7,0,7.2,5.0,2,0,5.5,43.3,3,1,1,10.43
8.29,91.4,0,1.5,3,6.6,1,0.9,2.4,1,0,4.4,75.3,0,0,1,5.7
8.26,74.4,0,2.0,2,4.5,0,2.1,5.8,2,0,6.8,73.5,0,1,1,7.68
7.04,61.0,3,2.3,4,5.8,0,6.9,5.8,1,2,3.8,61.5,4,1,1,8.13
6.72,91.2,1,2.9,1,8.6,0,8.3,5.7,1,4,7.6,69.5,2,0,1,9.72
6.73,61.2,1,5.0,1,6.9,1,5.5,8.6,2,1,7.4,71.4,3,0,1,10.2
7.51,75.5,0,1.7,3,4.5,1,10.0,6.6,4,2,3.0,67.7,0,0,1,11.63
8.82,77.4,0,6.9,2,5.2,1,3.1,7.4,0,1,2.0,63.0,3,0,1,6.8
7.24,88.0,0,1.7,2,6.7,0,3.1,5.3,2,1,4.4,61.7,0,0,1,6.39
5.82,69.2,2,0.9,2,6.9,0,4.8,6.7,1,3,0.2,48.7,1,0,1,9.13
8.07,68.4,0,5.9,4,5.5,0,4.7,3.2,0,0,1.1,78.2,1,0,1,5.89
8.2,79.4,0,5.3,2,6.3,2,6.2,6.3,2,1,3.9,99.6,1,0,1,7.89
7.85,92.1,0,2.9,4,6.3,0,3.8,4.3,3,1,5.8,37.6,1,0,1,6.27
7.97,100.0,0,3.8,2,5.3,0,6.8,8.4,3,2,4.4,60.7,1,1,1,9.47
6.65,56.9,1,3.9,2,4.2,1,6.8,6.0,1,0,8.8,46.9,1,1,1,8.56
5.79,82.4,0,3.4,1,7.1,0,9.2,7.1,0,2,6.9,71.0,0,1,1,9.64
5.87,62.8,1,1.1,2,6.1,0,4.4,6.3,8,0,1.0,68.5,2,1,1,7.24
4.87,92.3,1,0.0,1,0.9,1,6.3,9.4,3,1,8.4,62.7,5,1,1,9.86
7.31,64.9,0,1.8,1,3.7,2,6.9,2.7,1,1,8.2,48.2,2,1,1,9.49
6.89,68.6,1,6.1,2,4.4,0,5.5,5.6,1,2,0.9,50.5,0,1,1,8.57
6.43,69.8,2,6.2,3,5.1,0,5.0,3.9,2,1,5.4,44.8,0,1,1,7.75
3.5,76.9,0,2.8,2,8.1,1,0.8,1.7,2,1,8.1,25.6,1,1,0,3.06
5.38,82.5,1,1.7,2,10.0,0,5.7,3.7,1,2,0.0,84.6,1,1,1,8.28
8.46,84.8,0,3.6,2,0.1,0,6.9,8.1,1,3,2.3,73.4,1,1,1,11.06
6.14,77.9,0,3.9,2,6.2,1,5.4,5.7,2,3,7.0,85.8,2,1,1,8.28
7.47,59.4,0,4.2,3,5.7,0,3.7,5.4,1,0,3.4,53.0,3,0,1,7.99
5.19,88.2,1,0.0,3,5.1,1,1.6,7.3,2,0,7.2,69.8,1,1,0,8.56
8.87,77.3,0,8.3,3,6.7,0,6.5,6.0,0,0,6.0,43.0,0,1,1,9.34
6.81,94.3,0,5.0,1,5.8,0,5.6,7.0,3,0,7.7,48.6,2,1,1,5.7
7.38,68.1,4,2.9,2,4.7,1,8.7,6.4,2,2,7.5,100.0,0,0,1,8.39
10.0,55.6,0,2.1,3,5.6,0,2.2,6.9,2,0,1.9,52.5,1,0,1,8.13
8.97,77.5,0,4.8,4,6.7,0,4.4,4.9,1,0,2.1,78.9,2,0,1,6.5
6.6,96.1,0,4.0,2,6.5,0,2.5,7.9,3,1,9.3,65.0,3,0,1,6.02
6.23,80.3,1,3.3,2,5.9,0,7.9,3.4,0,1,4.0,32.1,2,1,1,7.34
6.58,75.2,0,3.9,3,4.2,0,8.3,5.6,1,3,6.3,57.3,1,1,1,8.32
7.66,65.8,0,3.0,4,10.0,0,9.9,8.0,2,1,2.4,67.6,1,0,1,11.21
6.86,100.0,0,3.8,2,6.3,0,6.7,5.5,4,1,3.0,74.2,0,0,1,9.65
6.49,63.6,0,4.4,1,7.2,0,7.3,4.9,3,3,3.5,24.3,2,1,1,7.58
8.91,67.8,0,3.7,3,4.4,0,6.5,10.0,0,0,5.1,40.7,0,1,1,9.38
6.85,86.0,0,3.7,3,5.9,0,6.8,8.6,1,0,6.8,66.2,0,1,1,7.55
9.99,52.0,0,5.4,1,5.9,1,5.6,6.1,1,0,6.9,41.2,1,1,1,10.25
7.12,95.8,0,0.6,2,1.3,1,6.9,3.9,0,0,5.4,84.4,0,0,1,7.44
9.32,86.7,0,1.9,2,3.9,0,10.0,1.7,1,1,2.2,58.8,0,0,1,10.68
7.46,90.6,1,3.2,3,3.9,0,6.0,7.2,0,0,3.8,69.7,3,0,1,7.42
8.25,85.8,0,2.0,3,4.2,0,5.6,8.3,4,0,4.2,85.9,0,1,1,10.9
6.06,75.7,0,2.6,1,3.1,1,6.0,6.6,2,0,3.8,35.7,0,1,1,8.12
5.89,63.1,1,5.3,1,5.6,0,5.2,2.4,2,1,6.8,69.2,1,1,1,4.48
7.6,76.0,2,3.0,3,8.6,0,6.1,6.1,2,0,2.2,62.7,1,0,1,8.6
8.29,64.3,1,0.3,1,5.8,0,5.1,4.8,1,1,4.9,63.3,1,1,0,7.3
7.05,84.8,2,2.5,2,2.9,2,8.1,6.1,0,0,6.6,55.5,1,1,1,7.02
5.33,89.3,1,3.3,2,3.2,0,7.9,9.7,2,0,8.5,63.2,0,1,1,7.85
5.23,98.7,3,3.3,2,4.7,0,10.0,7.4,2,0,8.3,1.5,2,1,1,9.19
5.14,83.2,0,4.1,3,2.4,0,5.4,7.0,1,2,3.5,84.9,1,0,1,7.59
4.7,90.9,2,4.0,1,6.2,0,6.2,5.7,4,3,7.1,33.3,1,1,1,8.43
7.14,73.8,1,3.0,3,8.5,0,6.1,6.6,0,0,5.3,95.5,0,1,1,7.21
8.46,71.3,0,1.3,2,4.2,0,6.0,4.4,0,1,6.3,41.0,1,1,1,7.3
6.98,84.6,0,2.5,2,5.7,0,8.1,6.9,1,1,5.1,40.1,1,0,1,7.6
4.06,72.6,1,2.2,3,4.6,0,1.8,5.4,1,0,6.8,68.1,0,1,0,4.71
6.75,81.8,2,2.7,1,4.1,1,6.6,4.2,3,1,4.4,65.4,0,1,1,9.3
6.79,63.1,1,4.3,3,5.9,0,10.0,7.4,0,1,1.2,69.0,1,0,1,8.45
9.72,65.7,0,3.8,1,4.0,1,8.6,1.3,1,0,6.6,67.2,3,1,1,11.24
5.11,86.9,0,4.5,4,3.7,0,8.4,4.7,3,0,2.1,57.2,2,0,1,8.59
6.49,90.4,0,2.6,1,1.9,1,7.4,7.0,0,1,10.0,52.6,3,1,1,9.44
9.22,64.2,0,5.6,2,5.6,2,4.1,8.2,0,4,3.8,71.6,2,0,1,10.16
7.58,87.4,0,4.3,1,7.8,0,3.8,6.7,1,1,8.2,46.2,2,0,1,9.29
7.73,70.5,0,3.4,2,7.1,0,3.8,4.5,2,0,5.9,62.4,1,0,1,5.87
7.15,78.2,0,4.2,1,8.8,1,2.9,5.7,3,1,2.6,26.1,0,1,1,5.17
7.43,97.8,0,2.1,1,4.0,1,7.7,6.4,2,1,7.2,65.1,1,0,1,10.51
8.01,89.3,0,0.0,1,7.4,1,8.9,8.9,2,0,4.3,62.0,3,0,1,11.66
5.95,89.1,2,2.2,1,3.1,1,6.5,7.6,1,0,10.0,59.2,1,1,1,8.84
8.14,100.0,0,4.4,3,7.1,0,7.4,7.7,3,4,2.0,94.1,2,0,1,11.79
5.22,68.1,0,3.3,2,9.1,0,6.2,5.9,1,0,2.7,89.9,2,0,1,7.65
7.43,64.2,0,3.0,1,6.6,0,6.8,3.7,0,2,0.8,78.3,0,0,1,8.94
7.23,67.9,0,1.8,4,9.2,0,0.6,3.0,2,2,1.1,77.8,0,0,1,5.81
6.2,74.4,2,0.1,3,4.2,1,6.2,5.2,1,1,5.5,62.1,2,1,1,8.13
6.97,45.0,1,5.5,1,5.2,1,4.5,7.2,2,0,3.5,66.1,3,0,1,8.02
6.19,75.1,1,2.9,2,3.5,2,5.4,4.8,1,2,6.0,68.7,0,0,1,9.36
5.61,70.4,0,2.5,2,5.6,1,6.0,6.9,3,0,5.4,72.1,2,1,1,7.23
6.54,89.0,0,2.1,2,6.1,1,3.9,4.2,1,1,2.6,61.4,1,1,1,6.55
5.56,82.9,2,5.2,3,5.6,0,3.0,4.5,2,1,3.6,70.8,1,0,1,4.36
7.42,69.6,0,4.6,2,4.5,1,3.8,8.6,0,0,2.7,61.3,0,1,1,8.19
5.5,86.3,1,1.7,4,4.4,2,2.2,7.3,6,2,4.8,68.4,1,1,1,10.25
7.93,88.1,1,5.1,3,6.3,2,2.8,5.2,2,0,0.0,78.4,1,0,1,7.03
5.46,67.2,1,3.0,4,5.1,0,3.2,4.1,1,0,4.5,46.9,1,1,1,3.09
6.26,71.1,1,2.2,2,3.0,0,2.2,7.7,4,1,3.2,62.6,0,1,0,6.72
6.19,46.8,1,2.7,3,1.3,1,6.7,7.6,2,2,4.1,61.5,1,1,1,9.26
8.72,62.7,0,1.9,3,4.2,2,3.4,7.1,0,1,4.9,39.6,1,0,1,8.46
7.43,67.6,1,1.1,3,2.5,1,1.2,5.4,1,3,4.2,87.8,2,0,1,5.5
6.72,79.0,1,4.4,1,3.7,1,4.6,3.6,2,3,10.0,43.5,1,1,1,8.99
7.65,64.8,0,2.8,1,4.6,3,2.9,5.8,0,1,4.9,88.7,1,0,1,8.59
4.26,70.8,1,4.2,1,5.2,0,8.9,8.6,3,2,2.7,33.2,0,1,1,10.6
6.94,60.8,0,3.7,1,4.0,4,5.8,4.0,1,2,10.0,30.1,0,1,1,10.95
9.6,80.4,0,4.1,4,10.0,0,2.1,5.9,1,1,3.7,53.3,0,0,1,6.4
7.17,84.0,0,0.0,3,2.7,1,6.8,9.1,0,1,4.2,68.0,2,1,1,9.48
7.09,83.6,0,1.8,1,8.2,1,5.7,5.2,3,1,10.0,67.8,0,1,1,9.21
7.71,78.2,0,4.1,2,5.1,1,5.0,5.5,1,1,1.8,85.9,0,0,1,9.85
8.16,56.4,0,1.2,1,4.1,0,9.1,3.1,2,0,5.6,44.6,1,0,1,8.34
4.4,69.3,0,3.8,3,6.8,1,3.3,7.0,2,3,1.3,78.5,1,0,1,5.25
4.81,72.3,0,1.0,4,4.5,1,7.9,4.3,2,0,2.6,26.8,2,1,1,7.54
7.27,72.4,0,3.2,1,3.7,1,4.6,2.7,3,0,2.6,40.7,1,1,1,7.21
6.07,79.0,2,5.8,2,9.4,3,5.5,3.9,6,2,5.1,54.7,2,1,1,9.84
8.71,98.0,0,4.4,4,0.7,1,3.8,6.2,2,3,2.9,38.0,0,0,1,9.41
6.59,89.4,0,0.2,3,5.0,1,3.9,2.6,1,0,3.8,70.9,0,1,1,3.09
4.49,64.2,0,4.6,3,5.9,0,4.5,3.0,3,1,0.0,47.0,0,1,0,4.29
5.35,87.5,1,6.1,2,8.6,0,1.1,6.9,0,1,6.6,80.1,2,1,0,4.61
3.5,87.0,0,7.7,1,4.6,1,6.3,5.7,5,0,5.3,77.4,0,1,0,7.19
6.7,66.7,0,4.0,3,10.0,1,5.8,4.0,0,0,9.9,46.5,1,1,1,9.18
6.76,89.9,0,1.0,1,7.2,1,2.1,5.2,1,0,4.8,53.0,1,1,1,6.0
6.45,75.8,0,3.9,3,0.3,0,7.0,9.3,1,0,2.4,58.2,1,1,1,6.58
8.4,58.3,0,5.8,3,2.3,1,8.9,8.4,2,2,4.2,87.1,4,0,1,10.42
8.56,84.4,0,2.9,2,6.0,1,4.0,5.6,3,0,2.0,41.2,1,1,1,9.56
6.78,81.0,1,4.9,2,3.0,1,3.7,7.4,0,0,7.7,12.5,1,1,1,6.56
4.22,74.8,0,1.9,3,6.7,0,8.1,6.0,3,1,1.7,51.5,3,1,1,5.26
7.8,77.5,0,3.8,4,4.5,0,6.4,2.3,1,0,1.0,41.6,2,0,1,7.9
7.72,67.9,2,0.0,2,2.9,1,5.2,1.9,3,2,6.8,29.4,0,0,1,9.54
7.4,86.5,0,1.7,3,3.4,0,7.4,4.0,0,0,4.5,59.3,2,0,1,7.27
8.28,77.4,0,3.2,1,7.4,0,6.1,2.6,1,2,6.4,36.5,1,0,1,7.28
5.49,80.3,1,2.6,4,1.0,0,8.8,6.3,0,3,0.0,66.8,0,1,1,9.09
9.61,83.0,1,1.1,3,7.8,0,5.5,4.7,1,1,6.2,35.9,1,0,1,6.3
5.75,61.8,4,2.4,1,7.9,1,6.5,6.7,0,0,3.6,100.0,2,1,1,8.12
7.97,65.5,0,3.7,3,4.8,0,8.0,6.7,1,1,0.0,81.2,1,0,1,9.11
4.81,47.1,1,3.1,3,2.4,1,0.0,7.2,2,0,4.9,45.3,4,1,1,5.73
5.79,85.9,0,3.3,3,6.7,1,8.1,3.9,2,0,3.5,44.6,4,1,1,6.81
8.97,61.0,0,4.4,2,4.4,1,4.3,6.8,3,0,4.4,56.2,1,1,1,9.03
6.66,79.9,1,2.7,3,2.2,0,6.6,3.9,5,0,5.5,74.7,0,1,1,9.23
8.09,83.2,0,5.4,3,9.7,0,9.3,7.2,2,2,3.3,51.0,3,0,1,10.94
7.31,86.4,0,1.6,2,3.6,0,4.8,8.2,2,0,1.0,36.8,2,0,1,4.96
6.86,61.1,0,6.3,1,2.3,1,4.5,7.2,0,1,5.2,31.0,1,1,1,8.36
8.77,77.1,0,5.0,3,6.1,0,5.4,5.4,3,1,4.7,59.6,1,1,1,9.92
6.69,100.0,1,2.6,2,5.4,1,2.2,6.9,3,1,5.4,45.5,1,1,1,7.66
4.69,100.0,0,2.7,2,8.8,1,10.0,2.7,1,4,4.6,65.7,1,1,0,8.78
5.96,91.8,0,3.5,3,4.7,2,5.4,2.3,4,2,9.5,17.5,2,1,1,9.53
7.72,82.7,1,4.2,1,4.7,0,9.3,6.7,0,0,9.8,69.5,2,1,1,9.05
7.51,63.9,0,5.0,3,6.2,0,4.7,8.4,1,2,1.2,53.6,1,1,1,6.07
4.96,88.1,1,1.1,2,5.9,0,5.6,3.3,2,0,1.9,24.9,1,0,0,4.96
6.06,75.8,4,3.9,1,6.0,1,7.7,5.8,4,1,9.0,67.2,2,1,0,10.95
6.24,85.8,1,0.0,4,6.1,0,3.0,6.7,2,0,5.5,70.0,0,1,1,5.78
6.52,69.1,0,2.9,3,5.9,0,5.3,4.6,2,1,7.4,43.9,4,1,0,7.24
5.21,75.6,0,5.5,1,4.6,1,7.6,5.1,2,1,5.0,72.9,1,1,1,6.17
6.18,80.3,1,0.9,4,7.3,0,5.0,7.0,3,2,2.6,32.7,0,1,1,8.33
6.05,81.4,0,0.6,4,4.7,2,4.4,6.0,3,1,0.0,14.1,1,1,1,8.91
8.0,84.9,0,3.6,3,7.3,0,8.1,6.0,2,1,4.3,56.6,0,0,1,11.78
8.05,69.9,0,5.4,1,8.6,0,8.7,3.8,3,1,4.5,42.3,1,1,1,10.32
6.81,59.2,0,3.7,1,4.0,0,9.1,5.7,1,1,4.2,35.1,0,1,1,9.75
6.49,100.0,1,0.2,3,10.0,0,3.9,5.0,2,1,6.1,71.4,1,1,1,4.5
7.18,100.0,0,0.5,4,3.9,0,4.2,5.1,0,2,2.6,64.3,1,0,1,6.03
5.94,84.3,2,3.4,1,3.9,0,4.4,4.7,1,3,7.9,92.8,0,1,1,8.87
5.51,59.5,1,1.3,2,6.7,0,7.2,5.7,2,0,4.8,68.3,3,1,1,8.2
5.78,67.2,0,3.4,1,6.5,0,2.7,4.1,2,1,7.3,71.1,1,1,1,5.95
6.17,85.1,1,3.5,2,5.7,1,2.9,5.8,3,0,2.0,42.5,2,0,0,8.76
5.49,96.8,2,2.4,2,7.3,2,3.9,5.1,1,1,2.7,17.2,2,0,1,6.01
7.21,61.0,0,6.1,1,6.1,0,3.3,3.9,3,1,7.0,99.6,1,0,1,7.16
7.95,76.3,1,4.1,2,10.0,2,7.5,1.9,3,1,8.9,69.9,1,1,1,10.33
4.94,80.7,0,5.1,2,5.4,0,7.4,7.7,1,1,6.1,92.1,0,1,1,7.19
7.03,90.1,1,4.7,2,3.6,2,4.4,7.3,2,0,5.0,36.4,3,0,1,6.94
6.71,73.2,3,3.0,3,4.3,0,5.1,4.2,2,0,7.5,80.1,0,1,0,8.33
7.44,56.1,0,2.9,1,6.5,1,0.0,7.2,3,0,5.5,65.8,3,1,1,6.61
6.98,86.7,1,2.7,1,6.6,0,4.4,3.8,1,0,4.2,81.2,3,1,1,6.68
5.11,93.7,0,4.3,2,6.0,1,8.4,5.2,1,0,5.0,71.6,2,1,1,6.98
5.36,76.8,1,2.2,2,3.6,0,4.3,4.7,1,1,5.9,55.4,2,1,0,4.89
7.04,83.7,0,6.0,1,7.9,1,3.0,5.2,1,1,3.1,65.6,2,0,1,6.44
8.34,71.4,0,2.0,4,9.8,1,8.7,7.1,2,0,3.3,52.9,1,1,1,10.07
4.12,66.2,1,3.5,1,5.6,0,2.9,5.0,2,0,2.0,76.7,2,1,0,5.76
7.45,92.4,0,2.8,1,9.5,0,9.1,5.1,1,0,5.3,44.1,0,1,1,9.08
8.55,83.4,0,2.5,3,7.4,0,10.0,7.3,3,0,3.6,46.0,1,1,1,9.6
6.8,84.9,0,6.7,4,10.0,0,5.2,5.9,2,0,2.9,56.8,0,0,0,5.5
7.72,99.0,0,2.5,2,6.5,1,8.4,4.6,0,1,0.5,72.3,0,0,1,10.04
6.09,63.2,0,2.7,1,5.8,0,1.7,6.3,0,1,6.2,61.1,1,1,0,6.13
6.84,70.3,0,2.1,2,7.4,0,1.6,7.8,2,1,7.0,53.5,2,1,1,5.92
4.89,80.2,1,3.3,1,4.5,0,3.7,7.9,2,0,9.2,81.1,1,1,0,5.15
3.95,70.1,2,3.0,2,6.4,0,7.4,3.2,1,0,8.3,71.8,3,1,0,5.69
8.23,89.0,0,1.4,3,8.4,1,5.5,3.3,0,2,4.1,50.8,2,0,1,8.13
5.72,75.4,3,2.5,2,7.3,1,5.1,7.8,0,0,10.0,39.2,2,1,0,7.22
6.41,64.1,0,4.2,2,5.4,3,2.5,5.2,4,2,3.3,56.5,0,0,1,9.88
5.2,78.9,1,4.8,3,5.9,0,5.2,1.4,1,0,2.3,47.5,1,0,1,6.14
5.17,80.4,1,3.2,1,7.2,0,4.0,4.3,5,0,6.0,44.6,0,0,1,7.28
6.77,91.1,1,3.3,1,7.1,1,3.4,4.9,3,0,7.9,75.0,0,1,1,5.99
6.05,83.5,0,2.6,3,7.2,1,3.2,5.2,2,0,5.5,82.5,2,0,1,6.96
7.49,84.5,0,2.4,1,6.2,0,5.9,7.3,1,1,0.6,58.8,2,0,1,8.43
7.59,82.5,2,1.7,1,3.7,0,3.8,3.9,2,1,3.8,59.9,3,1,1,5.44
7.42,75.4,1,0.7,1,4.0,1,5.5,7.7,1,2,7.8,45.2,0,1,1,8.38
7.31,68.0,1,2.1,2,6.5,2,1.4,6.4,1,0,3.0,38.7,1,1,1,7.47
9.05,82.0,0,4.6,2,7.3,0,6.7,3.2,3,1,4.7,75.9,2,0,1,7.44
5.61,73.3,0,2.5,2,7.0,0,6.1,5.2,2,1,5.8,34.6,1,1,1,6.28
6.93,100.0,2,2.6,2,4.0,0,5.0,6.8,1,0,6.1,47.6,2,1,1,7.08
8.47,96.8,0,2.6,2,5.2,1,5.9,5.9,3,2,7.0,47.0,3,0,1,9.31
8.64,86.9,0,5.2,1,2.9,1,7.6,6.6,0,2,8.9,68.5,1,0,1,11.04
5.15,83.3,0,1.7,3,2.4,0,2.2,4.6,2,0,5.5,56.1,4,1,1,5.51
6.59,76.8,2,3.6,4,5.7,0,5.7,6.9,2,1,0.2,48.6,1,0,1,6.22
8.77,60.3,0,3.1,2,8.5,0,2.5,5.0,1,3,6.3,87.2,0,0,1,6.4
7.66,75.0,0,3.3,2,5.7,0,5.7,10.0,0,0,7.5,92.6,1,1,1,9.29
7.25,79.4,1,3.6,3,9.7,0,4.9,3.2,1,1,5.0,67.8,1,1,1,7.28
6.72,81.2,0,3.3,1,5.1,0,5.4,10.0,1,1,9.0,62.9,0,1,1,4.78
6.5,84.6,0,4.5,2,5.6,0,7.5,3.9,1,1,5.5,49.9,1,1,1,9.03
7.37,90.9,0,3.2,4,3.3,1,7.4,8.3,2,2,2.7,59.6,1,0,1,10.02
6.67,68.3,0,6.0,1,4.7,0,8.0,7.5,3,1,4.1,35.9,1,1,1,9.05
6.94,68.4,0,3.3,1,2.9,1,4.6,4.0,3,1,10.0,79.8,3,1,1,6.79
7.1,98.3,0,0.5,2,2.1,0,7.1,7.0,0,1,2.6,57.4,1,0,1,9.36
6.12,88.8,2,4.2,2,2.9,1,6.7,4.8,0,0,5.0,46.2,2,1,1,7.77
7.69,72.5,0,3.8,2,5.7,1,4.6,6.3,0,2,4.2,53.4,1,0,1,7.88
10.0,76.5,0,3.3,1,3.9,0,5.8,6.1,3,0,2.9,74.1,1,0,1,6.45
4.69,76.6,1,2.8,3,4.4,0,5.2,5.1,0,0,6.0,54.9,2,1,1,4.67
7.42,78.4,0,0.0,1,6.4,0,8.7,4.9,4,2,7.1,44.3,0,1,1,8.65
6.01,84.6,0,0.1,4,2.1,0,7.4,6.5,1,2,3.6,18.2,0,1,1,7.49
7.75,100.0,0,5.8,1,5.7,0,4.7,4.0,2,2,4.6,58.4,0,1,1,6.6
7.06,80.7,0,2.3,1,7.4,0,4.6,4.1,1,0,7.3,67.5,2,1,1,7.22
7.99,87.3,0,4.7,2,7.6,0,7.7,7.7,1,1,4.4,50.2,2,0,1,10.85
8.53,54.4,0,0.6,1,6.6,1,8.6,6.7,0,1,7.1,44.1,1,1,1,9.87
7.25,71.2,0,1.5,2,5.4,2,6.2,3.2,1,1,8.3,37.5,1,1,1,7.24
8.47,95.2,0,4.3,1,4.1,1,7.0,3.8,3,1,0.4,52.5,2,0,1,9.2
3.95,83.6,0,3.0,2,5.3,2,8.5,1.5,1,0,7.3,37.7,0,1,1,6.59
9.07,30.0,0,4.1,1,9.1,1,5.1,7.6,1,2,10.0,37.6,1,1,1,11.26
7.49,87.4,0,3.2,2,6.1,1,5.7,7.2,2,0,9.0,50.4,1,1,1,8.67
8.4,100.0,0,2.9,1,5.3,0,6.6,3.6,3,0,7.8,97.7,2,1,1,10.05
5.41,50.1,0,2.1,2,6.7,0,4.5,7.1,0,2,7.8,100.0,2,0,1,4.66
5.92,99.3,0,1.3,1,5.6,1,9.4,9.8,2,0,4.0,83.6,1,1,1,9.84
7.19,39.2,2,5.4,3,6.0,0,4.5,2.7,2,2,4.6,72.9,0,0,1,5.77
6.98,91.1,1,5.7,3,5.0,0,5.6,4.6,0,0,3.7,21.2,1,1,1,6.41
7.37,77.9,0,1.5,1,4.6,1,9.9,2.7,2,0,4.9,100.0,2,1,1,9.98
8.41,45.1,1,1.4,1,7.7,1,1.2,7.7,1,2,8.3,67.8,0,1,1,5.89
4.71,84.2,1,2.6,1,1.2,1,6.0,5.6,1,3,5.5,38.0,3,1,1,6.75
8.27,94.1,0,3.7,1,6.6,0,4.0,5.0,0,0,1.7,100.0,1,1,1,6.43
7.01,83.1,0,2.9,2,4.5,2,5.5,6.3,1,3,6.0,58.0,2,1,1,9.4
6.74,86.2,0,4.0,2,1.3,0,2.7,4.7,1,1,4.9,76.7,1,0,1,4.06
5.09,72.2,1,3.1,4,3.4,0,4.6,5.0,2,2,4.6,53.7,1,1,1,6.72
7.65,51.9,0,3.0,3,5.4,4,5.6,6.3,2,0,3.1,71.4,2,0,1,10.93
3.86,87.7,2,7.1,1,5.7,0,6.0,4.6,4,0,2.0,73.7,0,1,0,7.3
7.84,100.0,0,2.4,1,7.1,0,7.6,4.9,2,2,3.8,77.2,1,1,1,7.23
5.06,93.8,1,5.8,1,7.3,0,0.2,5.5,2,3,3.9,85.7,2,0,1,4.37
7.07,50.2,0,5.5,1,2.1,0,5.2,6.0,1,1,3.6,63.1,3,0,1,7.23
6.85,56.8,1,4.0,2,6.3,0,5.1,7.0,2,0,3.7,64.2,0,1,1,7.54
8.52,66.2,0,0.1,1,7.1,0,5.4,7.0,2,1,7.7,59.0,2,1,1,8.68
6.77,55.7,0,3.2,1,6.0,1,5.6,2.8,0,0,2.8,39.1,2,1,1,6.08
6.1,78.6,2,2.4,1,6.6,2,3.6,8.6,3,0,8.0,41.9,1,1,1,8.32
6.34,83.5,0,3.2,3,1.2,0,1.9,5.9,1,1,1.1,53.8,1,1,1,8.61
8.65,58.0,0,1.5,1,3.3,0,6.0,5.1,1,2,5.1,85.2,1,1,1,9.16
7.7,88.9,1,4.4,4,8.5,2,3.2,4.0,0,2,2.9,69.4,0,0,1,5.9
6.5,86.4,1,4.8,2,4.9,2,6.4,9.8,1,3,4.3,58.1,3,1,1,11.68
6.69,70.3,0,5.1,2,10.0,1,3.3,10.0,3,2,6.4,54.7,0,1,1,10.38
4.96,75.6,1,2.6,2,2.7,0,7.1,9.5,1,1,4.8,36.7,3,1,1,8.5
7.51,50.7,1,1.5,2,8.9,1,5.4,6.0,3,0,4.6,42.0,2,1,0,9.99
4.71,73.3,2,3.8,2,4.2,2,5.5,6.5,5,0,0.0,63.1,0,0,1,11.01
7.98,78.1,0,6.0,2,7.4,1,4.9,8.8,1,0,5.9,60.2,1,0,1,8.91
7.17,80.4,0,3.3,2,4.9,0,4.6,5.3,1,0,9.3,75.6,2,1,1,7.81
10.0,83.3,0,3.9,2,5.8,0,5.0,6.9,0,1,3.9,55.7,3,0,1,10.31
5.57,81.4,0,2.8,1,6.8,2,8.2,6.3,3,0,7.5,71.3,0,0,1,8.55
6.87,74.3,1,2.4,3,4.2,0,2.0,9.6,1,2,2.1,29.4,1,1,1,8.42
9.34,82.0,0,4.3,2,7.3,2,4.0,8.7,0,3,7.3,41.0,1,1,1,10.25
8.55,92.0,0,3.0,3,4.9,0,7.9,5.5,1,2,5.2,65.3,1,0,1,10.43
6.09,76.7,0,3.8,4,5.9,0,7.4,8.9,4,0,2.2,60.3,0,0,1,9.86
7.29,82.4,1,4.0,2,0.0,0,8.6,5.8,0,1,4.0,74.8,0,1,1,7.71
7.0,75.4,0,3.8,3,4.8,0,5.4,4.7,7,0,5.5,83.5,1,0,1,10.07
7.37,68.9,0,4.1,2,8.3,1,2.5,5.2,3,2,5.1,84.4,0,1,1,7.13
6.09,85.3,2,1.8,2,7.0,0,3.0,6.1,2,1,2.2,91.7,1,1,0,6.39
6.88,70.2,1,1.7,2,7.5,1,4.8,4.2,3,1,1.5,96.4,3,0,1,8.79
4.92,83.4,0,3.1,1,5.6,1,7.2,4.8,1,1,7.4,52.9,1,0,1,7.96
7.18,78.4,2,3.2,1,9.2,0,4.9,2.9,0,1,4.2,100.0,1,0,1,5.65
7.59,73.7,0,2.4,2,6.1,0,4.7,4.2,2,1,5.1,100.0,0,0,1,5.86
6.7,73.4,0,3.6,1,4.0,0,6.4,6.3,1,4,7.4,34.0,3,1,1,7.45
4.9,70.9,0,4.7,1,7.4,1,5.6,7.9,1,2,3.2,48.2,2,1,1,8.28
8.29,55.0,0,5.1,3,7.5,0,4.5,7.6,2,1,1.7,67.2,2,0,1,8.83
7.47,83.4,0,5.5,2,6.9,0,3.2,6.7,3,0,8.7,64.6,2,1,1,6.89
6.06,81.2,3,1.1,1,4.6,1,7.7,2.7,2,0,5.1,26.3,2,1,0,7.52
6.64,89.9,2,1.3,1,6.1,2,7.9,4.1,1,2,8.3,41.0,0,1,1,8.97
5.05,70.6,0,2.7,4,8.6,0,3.1,5.4,3,0,8.8,64.3,1,1,1,4.27
5.67,100.0,0,3.3,4,6.6,1,4.6,7.7,2,0,3.6,55.6,3,0,1,8.27
6.3,72.7,2,2.8,2,2.2,2,7.0,4.7,2,0,3.0,72.4,0,0,1,7.47
8.6,65.7,0,2.3,1,4.1,0,2.9,3.4,0,1,6.3,99.1,0,1,1,6.42
6.17,64.1,1,2.7,2,4.0,0,6.3,8.7,0,1,4.6,35.1,1,0,1,8.87
7.83,53.7,1,4.0,2,3.8,1,4.7,4.3,2,1,5.2,100.0,0,1,1,8.05
6.3,99.5,0,1.1,3,0.9,1,2.7,3.5,0,2,5.6,97.6,0,0,1,7.63
7.32,97.2,0,6.9,2,9.7,0,9.6,6.3,2,2,6.9,25.5,1,0,1,8.66
6.82,86.4,1,3.2,3,3.6,0,4.7,5.7,1,1,0.0,36.1,2,0,1,5.38
8.13,65.5,0,4.9,2,3.7,1,6.7,4.8,0,1,7.7,51.9,1,1,1,6.04
6.3,100.0,0,2.3,3,1.2,3,2.9,5.8,3,3,4.6,40.9,0,1,1,9.71
4.96,73.1,1,4.1,2,7.4,0,9.1,3.9,1,0,3.7,71.6,0,1,0,4.88
5.2,74.2,1,3.4,2,5.3,0,10.0,4.8,2,1,6.7,72.7,1,0,1,10.03
6.31,98.1,1,4.6,2,4.7,0,2.0,5.7,1,0,2.6,62.8,2,0,1,7.11
5.38,87.2,0,2.9,2,4.8,1,5.1,1.7,3,2,2.7,67.5,1,1,1,7.22
7.53,100.0,0,5.7,3,6.8,1,8.6,7.7,0,0,6.4,57.3,0,1,1,8.46
6.39,81.5,0,0.8,2,4.4,0,4.4,3.1,3,1,5.2,67.9,2,0,1,4.52
10.0,72.4,0,4.7,4,1.1,1,6.4,3.9,1,0,6.6,98.3,1,0,1,9.8
4.74,69.4,0,3.4,2,2.7,0,1.6,7.8,1,0,3.4,12.3,0,1,1,4.56
7.26,52.1,0,1.6,2,2.5,1,3.7,6.9,2,4,5.7,60.4,0,1,1,8.86
5.53,74.1,0,6.3,1,6.1,1,6.2,6.0,2,2,6.9,69.3,0,1,1,8.61
6.36,94.0,1,6.2,1,7.5,0,4.1,2.4,2,0,6.9,58.0,1,1,1,4.54
7.18,86.4,1,0.0,3,8.7,0,4.7,4.6,1,1,5.4,66.3,0,0,0,6.57
3.98,78.3,0,3.5,1,1.9,1,2.0,5.4,1,3,7.1,84.0,1,1,0,5.4
7.31,64.1,0,4.3,2,6.9,0,7.0,5.5,1,1,5.0,49.7,0,1,1,10.55
9.47,81.2,0,3.9,1,4.1,0,2.4,8.1,3,0,1.5,100.0,2,0,1,9.03
6.41,92.2,0,5.6,3,10.0,1,9.0,9.8,2,1,6.0,30.3,0,1,1,10.37
7.34,84.0,0,5.3,4,8.5,1,3.9,7.0,3,1,0.0,72.4,2,0,1,7.2
8.33,80.3,0,3.6,3,9.2,0,7.3,4.7,0,1,1.2,59.7,0,0,1,9.69
6.79,66.8,1,6.8,2,7.3,0,7.1,8.2,3,2,3.4,65.2,1,1,1,11.05
6.24,90.1,0,4.7,2,6.3,0,3.2,4.6,2,0,7.1,75.2,2,1,1,4.09
4.04,34.2,1,2.6,1,4.6,0,4.2,0.6,3,0,5.5,47.6,2,1,0,2.38
7.83,83.4,1,2.3,4,4.2,0,4.4,3.3,0,0,7.3,82.0,4,1,1,6.33
6.85,100.0,0,5.2,1,3.7,1,4.6,1.1,2,3,2.8,99.5,1,0,1,7.13
5.68,56.9,0,1.9,4,6.9,0,2.5,5.0,3,0,0.5,54.2,0,0,1,7.07
7.16,74.6,0,2.5,3,8.9,0,6.7,5.4,2,0,0.0,49.6,0,1,1,6.64
6.24,77.9,4,2.8,3,4.7,0,3.9,2.6,2,2,1.4,85.3,0,1,1,5.09
6.31,71.5,0,3.8,3,3.9,0,5.2,4.1,3,2,2.5,79.6,0,0,1,5.63
7.79,92.5,0,2.9,2,2.2,0,7.8,2.9,1,4,8.4,28.7,1,1,1,7.78
5.26,84.6,1,1.1,1,6.0,0,6.8,5.5,2,0,8.4,71.1,3,1,1,7.07
8.36,80.1,0,5.1,2,8.2,0,4.1,4.1,1,1,5.5,75.5,1,0,1,5.43
5.18,89.2,0,2.6,1,8.3,0,7.9,7.8,2,0,5.3,58.9,3,0,1,11.32
6.14,78.2,1,6.4,3,8.5,0,7.0,6.1,0,1,5.8,90.0,1,0,1,4.46
9.5,100.0,0,3.7,2,6.4,0,3.9,9.0,2,2,7.9,27.9,2,0,1,8.58
8.47,80.1,0,5.2,3,5.7,0,4.3,4.9,1,0,2.5,17.0,1,0,1,7.43
7.13,80.7,0,4.2,3,8.3,0,7.8,10.0,1,0,2.7,81.3,1,1,1,10.33
5.78,54.1,1,5.3,1,3.1,0,7.3,5.8,2,0,5.0,43.7,1,1,1,6.31
6.31,70.4,2,4.1,1,4.5,0,2.0,4.7,0,0,2.0,59.3,1,1,0,2.67
7.1,94.1,0,3.6,2,9.3,1,3.2,10.0,1,2,7.8,37.3,1,1,1,6.99
7.05,59.3,0,4.9,1,3.1,0,7.1,2.1,2,1,4.7,77.0,0,1,1,9.58
6.88,47.8,3,7.2,3,5.4,1,2.8,4.7,2,1,3.3,66.8,0,0,0,4.58
6.96,78.5,1,2.8,3,6.9,0,7.4,2.5,4,0,7.3,57.3,0,1,1,9.18
6.72,97.2,1,4.5,3,5.7,1,10.0,2.1,0,1,2.8,35.3,1,0,1,8.94
5.13,78.6,1,3.2,2,8.0,1,6.4,1.7,1,2,7.9,56.8,3,1,0,7.14
6.33,73.3,0,4.0,3,8.9,0,3.4,7.0,2,1,0.0,66.7,1,0,1,7.9
8.19,52.0,0,3.3,2,6.6,0,5.9,3.1,1,1,6.3,49.4,1,1,1,6.77
5.22,84.3,2,0.0,4,8.6,1,7.9,5.3,1,1,2.0,50.0,4,0,1,8.94
6.75,87.3,1,2.9,3,3.5,1,5.7,7.6,0,1,0.4,60.2,1,0,1,8.14
5.93,53.1,4,4.8,3,5.2,1,6.6,6.7,3,0,1.4,73.5,1,1,1,6.91
7.14,93.9,0,2.0,1,10.0,1,3.7,6.6,2,1,6.3,68.5,1,0,1,7.62
6.49,88.7,2,4.7,3,9.8,2,3.8,8.2,0,2,1.8,83.5,2,0,1,8.01
8.92,93.9,0,3.5,2,2.7,1,7.6,9.0,2,2,5.9,58.2,4,1,1,8.37
7.66,86.2,0,2.9,2,5.5,0,3.9,3.3,0,1,3.3,80.3,2,0,0,5.09
5.29,87.2,0,4.6,2,5.8,1,0.0,6.8,0,0,1.3,36.7,0,0,0,4.88
7.87,85.3,1,4.3,2,6.4,1,4.8,5.3,0,1,7.2,68.0,2,1,1,7.88
5.99,90.2,2,3.9,1,8.3,0,6.2,5.5,2,0,6.7,66.9,0,0,1,8.19
6.25,52.5,1,4.8,1,9.5,1,7.9,2.8,2,0,1.9,100.0,2,0,1,9.42
7.41,57.0,0,3.5,3,5.6,1,9.3,4.7,1,2,5.5,46.6,2,1,1,8.81
6.36,67.7,1,0.6,3,8.0,0,5.7,5.0,1,3,4.3,36.0,0,1,1,6.54
8.16,76.2,0,2.6,4,6.9,0,7.0,8.7,4,5,2.0,44.6,2,0,1,9.31
5.99,83.4,1,0.3,3,5.5,0,5.8,3.5,5,1,3.1,47.4,1,0,1,8.16
6.2,82.5,1,4.3,2,1.8,1,6.3,1.0,2,2,8.1,68.2,0,0,1,6.84
6.15,93.6,0,4.6,3,7.7,2,5.1,5.8,1,0,4.7,34.8,2,0,1,8.98
6.26,94.1,0,4.7,2,6.8,0,6.4,3.3,0,0,8.2,66.9,1,0,1,7.35
8.43,65.8,0,4.0,1,6.4,0,3.8,5.5,0,2,7.1,60.7,3,1,1,7.81
7.82,81.3,2,4.7,4,3.3,0,10.0,7.1,1,1,3.5,78.3,1,0,1,9.41
9.22,66.1,0,0.7,4,9.8,0,0.0,5.6,0,1,1.3,72.4,0,0,1,7.07
9.95,75.4,0,3.0,1,5.8,0,6.8,4.9,3,1,6.4,76.6,0,0,1,9.89
5.66,82.5,0,0.9,3,3.0,2,6.2,5.5,4,3,6.3,69.8,2,0,1,9.77
7.09,30.3,0,2.6,1,2.6,1,6.4,7.5,0,1,6.2,83.4,2,1,1,6.26
5.47,100.0,1,5.8,4,7.0,1,2.8,3.5,2,0,7.5,30.2,0,1,1,5.97
5.99,85.9,1,4.9,2,7.1,3,1.6,7.3,1,0,7.3,30.9,1,1,1,7.16
6.18,69.7,1,4.3,1,4.5,1,6.9,3.8,1,2,3.2,59.6,1,0,1,7.8
5.63,100.0,1,2.9,3,6.5,0,8.6,7.0,1,1,2.9,61.7,1,0,1,7.43
5.63,73.1,4,1.6,2,7.0,0,6.0,2.7,1,0,6.5,39.5,2,1,0,4.19
6.81,79.9,2,3.5,1,5.8,0,7.4,6.9,0,1,2.5,71.2,2,1,1,7.82
5.42,71.2,1,5.0,3,4.0,0,4.4,5.6,1,0,3.7,33.9,2,1,1,3.31
8.09,100.0,0,3.9,3,7.6,0,6.3,6.0,2,1,1.9,54.6,3,0,1,8.3
5.81,76.5,0,0.7,2,7.3,0,8.3,7.7,2,0,5.1,59.6,0,0,1,7.63
10.0,80.1,0,3.4,3,6.7,3,4.8,4.2,1,1,1.9,71.4,0,0,1,11.7
6.41,94.9,2,0.1,1,3.7,1,8.2,5.7,0,0,8.4,49.9,1,1,1,10.26
7.09,86.2,0,4.5,2,2.6,0,1.7,6.4,2,1,3.8,84.3,3,0,1,4.51
5.32,77.2,3,2.1,3,5.7,0,4.1,5.2,0,2,5.5,93.6,2,1,0,6.47
9.22,93.5,0,1.2,1,7.5,0,6.8,7.2,0,0,2.6,90.8,2,0,1,8.04
8.46,100.0,0,4.5,2,7.8,1,9.9,6.5,1,0,4.3,96.2,1,0,1,9.94
7.39,82.4,0,4.1,4,6.8,1,5.5,4.6,0,1,0.1,81.3,2,0,1,7.09
5.25,79.6,0,3.6,3,4.5,0,3.1,8.3,1,0,6.7,72.3,2,1,1,7.01
7.27,80.4,0,6.7,2,3.7,0,9.8,6.9,4,0,3.2,45.0,1,1,1,10.01
5.54,96.3,2,4.2,2,5.5,0,5.2,4.1,2,2,4.8,48.7,1,1,1,7.04
8.9,69.6,0,2.2,3,5.5,2,7.0,4.1,2,0,4.8,79.0,0,1,1,8.15
8.05,74.1,0,4.0,3,7.9,1,4.7,5.4,1,1,2.3,24.4,2,0,1,6.85
7.12,56.5,0,2.7,1,4.4,0,5.8,6.7,3,0,3.2,86.5,1,0,1,7.42
3.83,61.4,1,5.2,2,4.6,0,4.2,1.4,1,1,5.4,47.9,1,1,1,4.12
5.72,70.8,0,3.6,1,10.0,0,10.0,4.2,2,0,1.6,49.3,1,0,1,8.95
7.89,77.2,0,3.8,1,8.9,1,8.2,4.6,1,1,9.1,75.5,2,0,1,8.71
8.58,100.0,0,0.9,1,3.6,0,9.6,2.9,2,0,5.7,65.6,1,1,1,10.88
8.44,85.5,0,3.3,2,8.7,1,3.7,3.8,1,2,1.6,51.6,1,0,1,7.51
4.93,65.2,1,3.1,3,3.0,0,1.3,6.1,1,0,3.4,41.8,2,1,1,3.43
7.39,67.8,0,1.6,4,4.5,0,4.8,4.8,1,0,4.3,30.0,1,1,1,7.73
8.32,97.2,0,2.8,2,4.8,0,10.0,5.0,2,1,3.1,16.7,0,0,1,10.82
4.84,93.8,1,3.9,2,5.3,0,4.8,3.0,2,0,0.5,89.3,0,0,1,3.32
6.99,78.4,1,3.2,1,6.9,0,7.9,5.4,0,2,5.7,55.7,0,1,1,9.91
7.36,71.8,1,0.9,1,5.7,0,3.1,2.8,2,2,7.8,42.2,2,1,1,5.85
6.61,93.7,0,2.8,1,6.9,0,3.6,8.7,2,3,6.5,75.0,3,1,1,7.42
4.59,64.1,2,2.5,4,4.6,1,5.3,9.3,1,1,3.9,44.4,0,1,1,6.27
6.58,83.5,0,3.5,1,6.3,1,10.0,4.9,5,0,8.2,44.8,0,1,1,9.88
6.57,100.0,0,3.3,3,5.7,0,8.0,3.6,3,0,7.6,83.8,2,1,1,6.13
6.81,80.9,0,2.5,2,2.4,1,0.8,7.5,2,1,0.0,74.8,1,0,1,6.81
6.27,67.1,1,2.5,2,6.6,1,7.0,7.0,3,1,2.0,63.7,1,1,1,8.31
6.42,83.7,2,3.3,3,5.7,0,2.9,9.5,2,2,4.4,48.9,2,1,1,6.81
6.95,71.4,2,4.7,4,3.9,1,3.9,10.0,1,0,3.6,64.7,2,1,1,8.92
7.58,58.5,0,3.6,1,4.6,2,6.7,1.7,2,1,2.4,71.6,1,0,1,9.38
6.6,87.8,3,5.5,4,4.6,1,8.7,8.1,2,2,1.2,65.2,1,1,1,10.07
6.47,93.6,2,5.0,1,5.0,1,8.6,5.4,1,1,10.0,84.3,1,1,1,11.01
7.12,73.6,0,5.6,3,9.4,2,6.3,6.9,2,1,3.2,40.0,3,0,1,8.2
4.5,72.7,0,5.4,1,10.0,0,6.3,7.4,1,1,6.5,54.8,0,1,0,6.62
7.62,64.5,0,5.7,2,0.0,2,8.6,7.3,3,1,9.1,71.1,1,1,1,12.51
7.0,75.9,0,1.4,3,6.6,1,1.9,7.8,1,2,4.2,48.5,1,0,1,8.73
7.05,70.1,1,4.2,3,7.6,0,9.7,4.7,2,0,5.8,79.1,1,1,1,7.27
8.25,63.8,0,5.1,3,5.0,1,3.8,3.9,2,1,5.3,86.9,1,1,1,7.01
4.46,100.0,1,5.4,1,7.5,0,6.1,8.2,1,0,5.2,61.2,1,1,1,7.61
4.43,84.5,0,2.0,3,9.1,1,4.4,4.1,1,0,3.1,67.7,1,0,0,4.92
7.36,86.0,0,4.3,2,2.5,0,2.8,9.5,3,2,7.7,55.8,0,1,1,8.01
6.99,90.4,0,3.3,1,5.8,0,6.6,4.3,1,3,6.0,54.1,1,0,1,7.38
7.22,88.8,0,6.2,1,9.8,0,6.0,5.0,1,1,3.7,85.7,1,0,1,7.46
6.4,72.2,1,1.0,1,2.8,0,5.3,5.4,1,2,8.5,43.3,3,1,1,3.21
7.86,81.8,0,2.0,1,5.2,0,5.1,2.7,1,1,0.0,76.5,1,1,1,6.57
8.21,74.2,1,0.3,3,4.5,2,9.0,2.7,2,0,7.6,50.1,1,1,1,10.09
7.63,84.1,0,3.4,1,7.8,0,10.0,7.6,3,0,5.6,43.1,0,0,1,9.74
6.66,82.8,3,6.8,2,8.1,0,8.4,2.4,0,1,5.0,80.2,1,1,0,7.45
4.26,72.6,1,3.1,1,5.9,2,6.1,10.0,1,0,6.2,73.9,1,1,1,6.48
8.0,59.4,0,3.4,3,5.6,0,1.7,5.6,3,0,7.1,46.9,1,1,1,6.87
8.59,80.0,0,4.1,1,1.7,1,6.9,3.7,2,1,6.4,56.6,1,0,1,11.13
7.84,75.1,0,3.0,2,8.6,0,7.0,6.6,3,3,4.9,57.5,4,0,1,11.09
5.86,51.5,0,3.8,2,4.7,1,7.3,0.9,0,1,2.8,64.7,1,1,1,7.55
7.88,85.1,0,3.8,4,5.2,0,2.9,5.1,4,1,1.4,50.2,2,0,1,7.73
8.12,91.5,0,1.8,4,7.6,0,7.5,5.4,2,0,4.5,94.7,0,0,1,7.92
9.03,100.0,0,3.0,2,5.9,1,9.1,3.3,0,0,5.5,37.8,4,0,1,8.97
5.86,72.5,0,4.4,4,7.7,0,3.2,4.5,2,1,6.9,29.7,0,1,0,6.72
6.71,70.5,1,4.7,2,6.8,1,7.1,8.9,3,0,3.1,57.7,3,0,1,9.25
7.97,62.5,3,5.3,4,5.9,3,3.6,6.2,3,0,0.3,20.3,0,0,1,11.74
7.07,80.9,0,3.7,1,6.2,0,5.3,6.6,3,1,6.7,44.5,0,0,1,6.07
5.55,80.8,1,3.8,1,3.0,0,3.3,4.2,2,3,5.8,47.3,0,1,0,5.83
7.54,66.6,0,4.4,1,5.2,2,4.7,3.2,2,2,3.2,60.3,0,1,1,7.96
7.75,75.6,0,2.2,3,7.9,1,4.7,5.3,1,4,2.8,56.1,3,0,1,9.53
7.11,50.3,0,2.2,1,3.5,0,6.4,0.9,0,0,7.6,64.7,1,1,1,7.31
7.29,91.0,1,3.0,1,3.9,0,7.5,3.6,1,1,3.0,44.4,0,1,1,6.46
6.66,67.2,1,1.2,2,3.6,1,8.3,3.3,0,1,2.4,52.4,0,1,1,6.66
8.92,77.5,0,3.9,4,5.8,1,4.0,1.7,0,0,1.3,71.6,1,0,1,6.16
5.83,58.0,0,4.9,2,8.6,0,6.3,7.1,1,2,3.4,14.6,2,1,1,8.11
6.24,69.8,1,2.1,3,6.7,0,3.0,5.5,4,2,5.8,68.4,0,1,1,7.39
7.01,74.1,2,3.9,1,0.7,0,5.2,4.6,1,1,4.7,17.1,2,1,1,5.15
8.14,77.8,0,2.2,4,6.9,0,5.6,7.1,1,2,6.8,60.2,1,0,1,8.81
5.05,84.7,1,1.6,1,4.5,1,3.4,2.5,1,0,3.6,70.4,2,1,0,5.25
5.3,98.1,1,6.5,1,6.6,1,6.8,3.1,2,1,6.8,66.2,2,1,1,7.25
4.35,88.3,2,1.6,2,5.2,1,5.1,8.0,4,0,4.9,47.6,1,1,1,8.08
7.04,91.5,0,1.2,1,3.6,0,5.9,10.0,1,1,6.0,65.1,0,1,0,8.56
5.55,98.2,0,3.5,3,5.3,2,8.3,7.2,0,2,0.0,41.2,1,0,1,9.29
6.5,86.0,0,3.6,3,4.5,1,4.5,6.7,3,1,1.5,87.6,5,0,1,9.33
7.86,77.5,0,4.3,1,6.2,0,7.5,4.6,1,3,5.6,76.6,0,1,1,10.54
6.17,92.1,0,6.4,1,3.6,0,8.8,4.7,1,1,1.5,41.0,0,0,1,7.56
7.3,93.0,0,2.0,1,3.0,0,8.7,6.3,1,0,0.0,87.5,0,0,1,8.57
6.61,87.1,0,2.3,1,7.1,1,5.1,8.5,1,1,3.2,63.9,0,0,1,8.84
7.87,57.6,0,5.8,4,7.9,2,3.3,6.7,0,1,3.8,37.4,3,0,1,7.8
7.62,66.2,1,4.7,2,6.8,0,3.9,7.7,2,1,6.1,83.4,3,1,0,8.4
6.1,74.2,1,4.5,1,4.1,0,1.9,4.0,0,2,3.2,92.9,2,0,0,4.99
6.78,88.9,3,2.3,1,3.9,0,7.1,7.0,1,0,5.5,54.9,2,1,0,8.69
8.36,77.7,3,5.0,3,4.0,0,7.2,4.5,5,0,5.0,67.3,0,0,1,10.18
7.51,93.9,2,4.5,3,7.5,0,5.8,6.1,2,0,7.0,59.7,2,1,1,7.7
5.18,96.4,0,3.5,4,3.7,1,2.3,7.0,4,2,6.0,71.6,0,1,1,8.0
7.85,94.8,0,2.3,1,7.4,0,4.7,4.7,4,1,8.1,75.9,2,1,1,8.88
5.59,94.9,1,3.4,2,6.9,0,8.7,3.8,2,1,3.8,79.7,0,1,1,10.3
8.84,63.5,1,5.8,1,8.2,2,6.9,6.5,4,2,5.9,23.0,1,1,1,9.47
8.33,84.8,0,1.4,3,7.8,1,7.3,5.5,1,1,4.2,49.6,0,1,1,10.11
7.38,69.5,1,1.9,2,6.7,0,10.0,6.1,2,0,4.5,79.3,1,1,1,10.64
7.2,54.9,1,2.2,3,2.3,1,6.3,7.1,3,0,0.8,46.0,4,0,1,11.44
6.73,74.0,2,2.5,1,6.8,1,0.5,8.4,1,2,9.3,66.9,1,1,0,5.92
7.88,96.5,0,3.2,3,5.8,1,3.0,7.1,0,0,5.0,41.7,1,1,1,7.2
6.52,84.5,0,4.7,1,4.7,1,6.2,6.9,2,3,8.0,73.6,5,1,1,8.48
7.31,100.0,0,3.9,3,8.5,1,5.5,4.8,1,0,5.5,60.7,2,1,1,9.64
8.13,80.5,0,3.3,1,5.2,1,5.1,5.1,3,1,5.0,72.1,4,0,1,8.02
6.27,100.0,1,3.6,3,4.3,0,5.1,6.7,1,1,0.6,67.9,0,1,1,6.39
6.2,80.5,2,4.2,1,8.0,1,3.7,5.1,4,0,7.7,31.9,1,1,1,5.65
5.45,78.3,0,0.5,3,4.6,1,6.4,6.7,2,1,5.6,100.0,0,0,1,4.86
5.62,60.1,4,4.9,3,4.2,1,8.7,4.2,2,0,4.7,33.8,0,1,1,8.26
4.62,93.5,1,1.9,2,3.0,1,9.5,9.7,2,1,10.0,100.0,1,1,1,9.27
7.95,71.0,0,2.5,1,3.7,0,9.4,6.2,2,1,4.7,16.8,3,1,1,9.59
9.35,68.9,0,3.7,2,3.9,0,3.3,6.1,2,0,4.3,61.4,2,0,1,8.44
8.85,95.9,0,3.1,1,6.9,1,5.5,4.8,1,0,6.5,31.8,3,1,1,9.35
4.89,94.2,0,4.0,2,3.3,0,4.8,9.6,1,0,3.9,92.3,1,0,1,5.59
7.94,93.8,0,3.4,1,1.4,0,6.9,3.3,1,2,5.5,39.7,1,0,1,8.2
8.85,72.9,0,2.7,1,6.2,1,5.3,4.4,1,3,8.4,38.1,1,1,1,8.97
6.41,77.3,1,5.6,1,4.1,1,5.0,7.5,2,3,4.5,60.7,3,0,1,8.55
7.13,77.2,0,4.3,1,5.5,0,8.8,6.3,1,1,4.7,88.6,0,0,1,10.51
4.39,89.0,0,3.7,1,8.3,0,5.7,4.6,2,2,7.3,84.7,0,1,1,6.73
7.35,99.7,0,4.3,3,5.7,1,5.8,4.7,1,1,1.0,55.5,4,0,1,9.18
5.62,83.2,0,2.1,1,8.8,1,6.5,5.2,1,0,5.8,53.6,2,1,0,6.99
7.26,100.0,0,6.7,4,5.4,1,7.1,6.0,0,1,2.7,70.4,2,0,1,7.23
4.97,90.6,2,1.5,3,7.7,0,7.1,8.9,1,2,5.4,58.8,1,1,1,8.89
7.71,74.7,0,3.4,2,4.3,2,9.1,7.0,3,1,6.8,61.6,1,1,1,12.13
8.33,89.6,0,2.7,3,5.7,1,2.5,7.8,1,0,3.6,57.2,0,0,1,7.07
5.98,100.0,0,2.7,2,3.4,1,6.2,4.9,0,0,4.8,72.2,1,1,1,6.77
5.52,100.0,0,2.5,2,3.7,2,5.3,6.8,0,3,4.9,69.0,2,0,1,8.69
4.2,94.6,0,2.0,2,5.0,2,4.8,2.7,0,0,4.3,90.4,1,0,1,5.99
6.65,78.4,3,5.1,3,2.6,0,7.2,6.2,2,0,7.0,47.3,0,1,1,7.82
6.24,75.0,1,1.3,1,5.9,1,8.5,6.0,2,0,7.2,47.1,3,1,1,7.68
4.98,86.1,0,4.8,2,4.8,0,4.1,9.4,3,2,7.9,58.1,2,1,1,9.29
7.59,100.0,0,4.2,1,6.0,2,9.4,8.9,1,0,4.0,56.0,1,0,1,10.91
6.42,84.1,1,2.6,2,2.6,1,2.2,5.3,3,1,7.9,77.3,1,1,1,8.0
5.6,84.4,1,4.1,2,7.0,0,6.9,4.2,0,1,5.3,38.9,1,1,1,3.77
6.28,78.7,0,2.9,1,9.2,0,3.5,4.2,3,0,7.6,85.4,0,1,1,4.71
8.39,73.4,0,1.4,1,8.8,0,4.0,5.2,2,0,1.6,54.3,1,0,1,8.59
7.78,75.7,0,1.5,3,9.7,1,5.6,8.4,1,0,7.7,83.6,1,0,1,8.5
6.83,79.9,0,4.2,1,5.6,0,4.6,6.6,1,0,7.0,100.0,2,1,1,7.89
7.8,100.0,0,4.2,1,4.7,1,0.0,6.8,2,4,10.0,80.5,2,1,1,6.69
5.49,74.6,2,3.6,2,6.6,1,6.9,7.4,2,1,7.6,72.5,1,1,1,8.18
7.04,78.7,0,2.6,4,5.0,4,7.3,3.8,0,1,0.0,82.3,2,0,1,9.14
7.19,65.9,0,2.9,3,1.7,0,5.1,4.4,2,1,7.5,54.1,1,1,1,8.34
6.39,88.0,1,2.7,2,7.3,0,4.9,6.8,1,0,5.4,65.3,1,1,1,6.32
7.57,97.1,2,0.4,3,5.0,0,4.6,4.2,4,0,5.5,46.6,1,1,1,8.5
5.99,100.0,0,3.3,3,2.3,0,1.6,2.7,4,1,5.2,47.8,0,0,1,7.03
7.66,80.8,0,4.0,3,4.4,1,1.3,3.6,4,3,3.8,66.2,0,1,1,7.3
7.72,86.0,0,3.3,3,5.0,1,7.3,7.9,2,2,3.1,61.9,1,0,1,9.99
3.5,75.9,2,6.0,3,5.5,0,7.9,5.1,4,0,5.6,68.6,2,1,1,6.33
8.55,85.4,0,1.6,2,5.6,3,6.9,6.3,2,3,3.1,62.7,3,1,1,13.75
3.5,82.4,1,2.1,1,8.5,1,6.4,3.7,1,1,6.1,54.4,3,1,1,5.85
6.2,78.8,2,3.4,1,2.7,1,7.3,6.6,2,1,9.2,78.5,2,1,1,8.45
8.33,79.9,0,3.6,1,5.2,0,7.1,5.3,1,1,3.2,47.7,1,1,1,7.39
6.59,84.3,2,0.2,2,3.6,0,3.7,6.7,1,0,4.5,65.0,3,1,0,5.63
5.09,73.9,2,4.2,4,8.3,2,6.0,4.8,1,1,5.7,83.0,3,0,1,7.09
5.58,74.6,2,3.6,3,4.3,1,4.8,6.8,3,0,2.1,74.2,1,1,0,8.63
8.33,100.0,0,0.0,3,4.7,1,4.8,4.7,3,3,0.0,59.4,3,0,1,8.97
4.5,100.0,2,3.0,3,7.8,2,8.1,5.6,1,0,0.0,24.1,1,1,1,7.65
8.47,61.1,0,1.9,4,8.4,0,9.1,5.3,0,0,1.9,53.2,3,1,1,9.81
6.93,60.4,0,2.5,3,8.7,2,0.1,5.9,3,0,7.9,100.0,0,1,1,6.68
5.45,64.6,0,1.1,1,1.9,2,4.9,6.4,2,2,4.2,55.0,0,1,1,6.96
6.24,76.6,2,3.9,2,6.6,0,4.8,4.8,3,2,4.3,59.9,3,1,1,8.94
5.68,90.5,0,6.0,2,6.1,1,8.2,5.6,2,0,5.1,63.4,3,0,1,7.73
8.13,86.3,0,3.6,1,5.4,1,2.2,6.2,1,1,8.5,68.5,1,0,1,7.55
7.95,80.4,0,0.0,1,5.6,1,0.0,6.8,2,1,8.0,46.9,0,1,1,7.16
4.77,85.4,3,3.7,1,8.3,1,7.4,5.6,2,0,5.6,75.2,0,1,0,5.11
6.48,68.3,1,2.9,1,7.8,1,7.7,4.0,1,0,7.4,68.2,3,1,1,7.62
5.88,74.6,1,1.4,1,7.5,1,1.4,6.0,1,1,8.4,25.6,1,1,1,4.99
8.68,77.7,0,3.8,4,6.0,1,5.2,7.1,2,1,0.0,9.1,2,1,1,8.01
5.24,55.8,0,4.6,2,10.0,0,9.0,3.1,1,3,4.1,49.3,1,1,1,7.64
9.09,61.7,0,2.1,3,4.6,0,3.0,3.2,4,2,1.2,35.8,0,0,1,8.15
6.96,62.3,2,0.6,1,1.9,0,5.7,4.5,5,1,4.3,66.2,0,1,1,8.9
5.49,88.7,1,0.0,4,4.9,1,6.7,5.4,2,2,4.5,52.5,1,1,1,8.2
6.12,81.4,1,2.1,3,5.6,0,2.2,1.4,6,0,1.2,69.4,3,0,1,5.75
5.96,86.6,1,3.0,4,8.4,0,4.2,6.9,3,0,8.3,69.7,0,1,1,8.52
5.34,52.2,3,2.4,2,4.4,0,1.6,5.4,3,0,6.5,39.9,2,1,0,4.64
7.12,57.2,0,2.1,2,6.6,0,5.1,1.1,1,1,3.7,52.7,1,1,1,4.42
5.4,87.3,0,4.1,2,2.3,0,3.7,3.6,2,2,4.7,48.9,2,0,1,4.86
4.17,39.1,1,3.9,2,7.9,1,6.0,5.2,4,2,2.0,78.7,2,1,1,8.85
6.51,95.1,0,3.5,3,5.7,0,7.0,2.3,4,0,0.6,56.5,0,0,1,7.36
4.66,52.5,0,4.5,1,4.9,1,8.7,7.7,3,1,5.1,85.0,2,1,1,8.02
6.02,89.8,1,2.1,1,10.0,1,10.0,6.2,3,0,9.0,86.1,0,1,1,10.52
5.82,65.6,1,1.4,3,7.9,0,6.0,7.2,0,0,0.8,57.3,2,1,1,8.28
5.87,92.7,0,2.4,1,3.2,1,4.8,3.7,1,0,8.8,48.2,0,1,1,6.15
9.6,100.0,0,2.3,3,5.3,2,4.6,6.6,2,1,3.6,42.5,1,0,1,10.84
7.07,46.2,0,0.0,1,10.0,0,3.3,4.5,1,2,6.5,74.2,1,1,1,8.01
7.32,87.7,0,2.3,2,9.9,1,6.5,5.4,2,1,5.2,58.0,0,1,1,11.07
4.69,52.7,2,5.0,1,7.5,0,4.4,6.5,3,1,7.8,45.4,0,1,1,6.91
6.15,84.0,0,4.5,2,1.4,1,6.7,5.7,1,0,7.5,77.9,2,0,1,7.65
7.28,75.1,0,4.0,3,8.4,0,3.4,7.4,0,0,3.5,78.3,1,0,1,6.26
5.67,79.8,1,3.4,3,4.1,0,4.4,6.1,3,1,5.2,41.0,1,1,1,4.38
8.18,65.2,0,5.5,1,8.4,1,6.5,4.9,2,0,9.0,67.2,1,1,1,7.48
5.44,88.9,1,1.5,2,3.9,2,5.2,7.5,0,0,6.9,71.8,0,1,1,7.96
6.63,57.7,1,1.7,3,6.6,0,1.1,7.9,1,0,3.0,94.0,0,1,1,8.3
6.24,95.4,0,5.0,1,4.1,0,5.5,6.0,4,0,5.6,56.7,1,0,1,6.93
7.21,72.3,0,3.2,1,4.7,0,3.7,8.5,0,0,3.7,60.0,0,1,1,6.39
6.17,58.4,1,2.1,2,6.9,0,8.2,5.3,3,2,9.2,73.2,1,1,1,9.2
6.65,100.0,0,4.1,3,2.6,0,7.7,5.5,3,0,4.7,85.4,0,0,1,10.07
6.69,77.1,3,2.5,2,10.0,1,0.2,5.8,1,3,1.8,68.0,4,0,1,5.17
6.05,100.0,1,1.9,1,3.2,2,7.3,5.5,3,0,4.1,64.5,0,0,1,8.66
7.63,95.1,1,1.8,4,3.1,2,6.4,5.2,3,0,2.6,48.8,2,0,1,9.58
7.31,66.8,0,3.7,4,6.9,1,2.1,4.4,1,1,6.1,53.5,3,0,1,6.58
6.88,76.8,2,3.5,3,8.3,0,7.5,3.8,2,1,3.6,57.0,2,1,1,8.23
6.44,79.7,1,5.6,3,4.8,1,2.6,6.0,3,0,5.4,74.0,0,0,1,7.25
8.04,99.4,0,2.7,4,3.1,0,8.1,8.2,2,2,1.4,69.0,1,0,1,10.67
6.69,84.1,2,2.7,2,3.5,2,4.0,7.4,4,0,6.5,46.2,0,1,1,9.19
6.6,80.5,1,5.5,3,3.2,0,2.0,6.6,3,1,7.0,77.0,1,1,1,6.41
7.14,75.2,0,4.8,2,6.2,0,10.0,8.3,0,1,6.8,56.6,0,0,0,7.99
9.21,77.3,0,3.4,1,5.3,1,1.9,5.8,0,0,0.3,56.9,1,1,1,5.73
5.26,96.3,1,0.7,3,6.4,0,3.6,3.8,1,3,3.6,75.4,0,1,1,4.89
8.0,78.1,1,1.9,3,6.3,1,4.1,5.1,1,0,1.6,77.9,0,0,1,8.81
4.54,72.5,0,1.5,1,7.3,0,4.5,5.7,2,1,7.5,66.9,0,1,1,7.39
7.28,70.1,1,3.3,2,4.6,2,7.1,4.8,1,0,5.2,97.4,0,1,1,7.55
9.05,70.2,0,2.4,3,3.9,1,5.6,7.0,3,0,7.9,22.5,0,1,1,10.81
7.64,58.4,0,5.8,1,5.8,0,7.8,7.7,0,0,5.2,79.3,2,0,1,6.76
7.22,67.5,0,0.7,3,5.4,0,6.4,2.3,1,0,4.2,40.0,2,1,0,7.57
6.27,99.0,0,1.3,1,6.1,0,1.7,5.5,1,1,5.7,59.7,2,1,1,4.79
7.04,75.1,1,3.6,2,3.9,1,6.8,0.0,3,1,6.7,60.5,1,1,0,5.64
6.67,87.9,1,4.0,4,6.9,0,6.0,5.6,1,1,0.8,59.0,2,1,1,6.25
5.98,43.3,1,0.0,3,2.9,1,4.1,5.6,5,0,1.7,41.9,0,1,1,7.1
6.62,86.0,2,0.4,3,4.5,0,10.0,9.4,2,4,2.7,33.0,2,0,1,11.28
7.26,75.7,1,2.8,3,8.0,0,6.9,8.8,2,2,5.3,21.7,0,1,1,9.18
6.0,71.3,1,5.4,2,3.0,1,7.7,7.7,0,1,7.4,56.0,2,1,1,8.31
5.95,80.5,3,6.2,3,7.8,0,7.7,3.9,2,1,3.8,62.9,0,1,0,7.33
5.23,71.1,1,2.5,2,2.4,1,4.5,3.8,5,2,6.4,72.1,0,1,1,8.76
7.51,48.3,0,2.9,2,2.0,1,7.0,3.6,4,1,6.2,83.4,3,0,1,8.25
7.71,90.9,0,1.9,2,2.2,1,6.2,8.9,0,1,4.9,77.0,3,0,1,9.59
7.3,81.4,0,4.2,2,5.8,1,4.2,4.0,2,0,4.8,79.9,2,0,1,9.95
8.25,73.6,0,5.6,2,7.1,0,2.7,5.0,4,2,6.8,40.2,2,1,1,8.45
7.11,64.5,0,5.2,2,8.3,1,5.6,4.0,1,2,9.4,82.3,1,1,1,8.53
7.51,57.4,0,3.2,2,8.2,0,6.8,3.3,2,0,7.3,67.7,3,1,1,7.02
7.39,81.1,0,1.9,1,7.4,1,5.5,6.5,1,1,8.8,34.2,1,1,1,10.61
6.88,100.0,0,3.2,2,3.7,0,5.1,6.1,4,1,9.7,81.6,0,1,1,7.19
6.31,80.8,0,5.4,1,3.7,0,5.6,1.4,1,1,4.4,42.5,0,0,1,6.01
9.88,58.6,0,2.6,4,7.2,0,4.8,3.2,1,0,4.6,39.5,2,0,1,5.48
6.41,81.2,3,0.3,1,8.6,1,9.1,6.3,2,1,9.3,91.0,0,1,1,8.85
6.13,77.3,1,2.6,3,3.2,0,6.1,5.7,1,2,6.2,65.0,2,1,1,8.18
7.56,90.1,0,2.8,1,8.3,0,4.4,5.0,1,0,4.6,39.3,0,1,1,6.62
7.33,86.5,0,0.3,3,1.3,0,1.3,7.0,4,0,2.2,49.4,2,1,1,7.82
5.17,36.2,0,3.6,3,6.4,0,5.0,2.9,6,2,7.8,81.3,1,1,1,7.54
8.46,85.6,0,4.0,4,5.3,0,4.2,4.6,1,0,4.0,36.2,1,0,1,7.63
6.88,64.0,2,6.2,3,5.1,1,4.1,6.8,1,1,4.7,57.3,0,1,1,8.63
5.56,58.1,0,1.1,3,5.6,1,7.7,4.5,3,3,4.0,57.3,2,1,1,7.2
8.55,75.4,0,4.4,1,3.6,0,5.7,6.4,2,0,9.5,100.0,1,1,1,9.36
7.81,83.8,2,4.7,2,6.5,0,1.6,3.5,2,2,7.2,31.0,3,1,0,5.83
5.36,55.0,2,4.0,2,5.6,0,6.9,4.2,1,2,4.6,31.8,3,1,1,6.41
9.31,87.9,0,1.6,3,7.6,1,1.9,2.2,2,4,6.1,48.8,1,1,1,6.87
7.86,88.7,0,1.5,3,9.0,1,7.1,1.7,0,0,4.4,47.4,0,1,1,8.24
6.99,78.7,2,3.4,2,5.8,0,4.4,4.8,3,1,7.0,60.9,2,0,1,7.41
9.07,65.9,0,3.3,3,3.7,2,5.7,6.7,1,2,7.1,50.7,1,1,1,11.2
7.21,64.3,0,2.3,2,3.0,0,5.4,5.6,3,1,7.8,77.1,1,1,1,6.27
6.96,92.4,3,5.3,3,9.2,0,5.2,8.1,0,1,0.0,61.9,0,0,1,8.48
6.14,56.8,3,2.6,2,9.0,0,6.0,5.0,2,1,6.2,40.8,2,1,1,7.75
7.76,92.9,1,0.2,2,7.5,1,5.7,1.6,2,2,8.4,55.4,3,1,1,7.19
7.62,75.7,0,2.8,3,5.6,1,9.8,6.5,2,2,2.3,54.8,4,0,1,11.91
7.02,76.7,1,4.0,1,7.3,1,6.0,3.6,3,0,10.0,83.0,0,0,1,8.54
5.97,54.1,0,3.7,3,8.4,1,6.1,6.1,4,1,5.4,77.5,0,1,1,7.18
7.17,75.9,0,3.7,3,4.1,0,3.9,1.2,2,0,6.2,74.5,0,1,0,6.04
6.91,86.6,1,5.6,1,5.6,0,6.4,5.2,4,1,8.2,45.6,1,1,1,5.64
5.27,59.3,0,1.4,2,3.1,0,3.1,7.2,0,1,1.9,66.5,2,1,1,6.1
5.09,85.0,2,2.5,1,5.2,0,8.1,7.0,0,1,8.3,37.2,2,1,1,6.56
7.73,79.2,0,5.7,2,8.9,2,2.1,5.3,3,1,6.1,73.2,2,1,1,6.24
3.62,69.0,1,0.1,3,7.9,0,3.6,5.7,1,1,3.0,84.5,2,1,1,2.2
7.27,90.0,0,3.1,1,5.8,1,1.8,4.8,0,1,9.7,18.5,2,1,1,6.36
6.38,47.2,0,5.2,1,0.0,0,6.5,5.2,5,1,1.6,58.5,1,0,1,8.3
8.7,82.9,0,5.1,2,4.1,1,4.5,7.1,3,0,3.6,58.5,1,0,1,8.71
6.36,100.0,1,4.3,1,5.7,0,7.1,4.3,3,1,9.3,78.4,1,1,1,8.18
7.86,98.2,0,4.3,1,5.0,1,3.3,4.5,1,1,8.3,48.5,2,0,1,7.23
6.48,83.5,0,1.5,2,5.6,0,6.7,2.6,0,2,3.8,48.2,1,0,1,7.66
7.15,73.8,0,5.4,2,6.0,0,6.8,7.1,1,4,3.4,63.6,2,0,1,8.93
7.96,69.1,0,1.3,3,4.3,1,6.0,5.2,2,1,3.6,72.5,1,1,1,8.33
6.4,73.8,0,1.4,2,5.5,0,5.6,3.3,2,1,5.9,64.5,2,1,1,6.29
8.3,85.6,0,3.8,2,5.2,0,5.8,7.4,5,1,4.2,78.0,0,0,1,9.91
5.71,66.7,2,2.4,2,4.0,0,3.4,5.6,1,0,5.0,74.2,1,1,1,5.92
7.38,88.6,0,3.5,1,9.6,0,3.0,4.2,5,0,6.4,50.1,1,1,1,6.45
8.2,100.0,0,3.9,2,4.5,3,6.8,7.5,1,1,4.5,60.9,2,0,1,10.24
7.86,77.1,0,6.0,3,0.5,0,4.7,5.0,3,0,3.2,71.4,0,0,1,7.89
9.49,59.2,0,3.9,4,9.4,0,6.5,2.6,4,3,0.6,44.6,2,0,1,10.21
6.01,59.2,2,2.2,1,3.6,0,9.1,7.6,1,0,6.2,46.8,0,1,1,7.33
5.21,88.9,2,4.3,2,7.5,0,4.4,4.0,2,1,5.2,31.3,5,1,1,4.41
5.71,77.2,1,1.9,2,4.0,1,4.1,10.0,1,0,3.1,84.0,0,1,1,7.3
7.86,90.3,0,4.7,1,6.8,1,4.8,4.8,2,2,6.9,100.0,3,0,1,8.98
7.65,70.5,0,3.3,3,5.4,0,5.6,1.7,2,0,7.0,46.9,0,1,1,7.21
7.13,89.6,0,3.8,1,7.7,1,6.9,9.2,3,1,6.4,72.0,0,1,1,8.36
5.54,75.8,2,0.4,3,5.0,0,5.4,5.6,1,1,5.3,85.5,2,1,1,6.79
8.0,67.7,0,0.0,2,4.1,0,10.0,6.2,2,0,7.6,37.1,2,1,1,10.81
5.41,72.4,0,0.8,1,6.1,0,6.5,6.5,3,3,6.2,67.5,1,1,1,7.58
8.51,61.2,0,6.0,3,4.7,0,7.3,3.0,2,0,6.3,87.1,1,1,1,7.64
10.0,100.0,0,1.4,1,1.3,3,5.4,1.4,6,0,1.0,55.3,3,1,1,12.52
7.48,76.7,0,4.4,3,4.2,0,7.8,9.6,2,0,2.7,59.0,3,0,1,10.52
7.76,87.0,0,2.2,3,10.0,1,5.0,2.6,2,0,1.8,88.2,1,0,1,6.54
6.36,70.5,2,2.8,2,1.5,0,4.0,9.0,1,2,8.5,52.2,0,1,0,7.42
4.65,63.3,2,3.1,1,6.0,1,7.6,6.7,1,2,7.7,49.2,1,1,1,6.76
6.22,74.7,0,5.8,2,5.0,0,5.4,6.0,2,1,2.5,57.0,2,1,1,7.63
5.58,93.4,0,4.1,2,9.5,1,6.1,4.8,3,2,3.0,97.1,1,1,1,7.51
5.12,70.7,1,3.8,3,3.1,0,7.8,10.0,3,2,1.1,76.7,1,0,1,7.81
9.24,65.8,0,5.3,2,5.7,0,5.8,4.3,3,1,6.0,71.5,2,0,1,7.39
7.35,80.2,0,2.2,2,7.0,1,5.2,4.4,0,2,5.7,71.3,3,1,1,9.03
7.49,85.0,0,4.9,3,5.1,0,4.3,7.0,2,1,3.3,38.5,0,0,1,7.08
6.6,100.0,2,4.6,3,3.8,0,7.9,4.3,0,0,2.3,72.1,1,1,1,10.75
6.78,83.0,0,4.6,3,5.5,0,4.7,3.7,1,2,4.2,52.5,0,1,1,8.23
8.25,87.0,0,3.0,1,4.8,0,5.4,5.6,2,2,10.0,57.2,1,1,1,9.87
6.96,88.1,2,2.5,2,4.8,0,6.2,7.1,0,2,4.4,56.2,0,1,0,5.51
7.69,61.9,1,1.8,2,7.5,0,6.2,9.5,1,2,7.9,80.0,1,1,1,8.79
6.75,64.5,2,1.9,3,6.4,0,7.8,9.9,1,2,3.6,97.8,0,1,0,6.89
6.56,62.8,0,1.7,3,6.7,0,5.3,2.1,2,2,6.5,43.0,1,1,1,7.32
5.17,59.3,0,3.8,3,6.2,0,8.7,7.8,2,2,5.7,82.7,0,0,1,8.5
4.43,89.1,1,2.8,1,7.6,1,4.9,3.7,3,3,6.2,58.4,2,1,1,8.61
6.66,82.1,2,3.9,3,8.4,0,6.4,3.8,1,0,5.8,77.2,1,1,1,5.67
7.07,79.1,0,4.0,3,4.9,0,5.1,4.6,5,1,7.0,68.1,0,1,1,8.64
5.33,41.7,2,1.5,1,7.3,1,10.0,4.5,1,2,6.4,49.8,2,1,1,8.95
6.96,100.0,2,1.5,1,2.6,1,4.7,3.6,2,2,5.9,49.5,0,1,0,7.65
7.07,65.5,0,2.8,1,0.5,0,4.9,1.0,2,0,7.8,57.9,2,1,1,7.05
4.2,100.0,4,2.0,2,9.5,0,5.8,8.6,2,2,9.0,69.3,1,1,0,7.51
5.81,57.7,1,1.8,2,4.8,1,4.9,7.5,2,0,2.1,72.1,3,1,1,8.38
7.53,66.6,0,5.9,1,6.1,0,6.2,5.7,1,2,3.4,100.0,0,0,1,8.71
7.5,47.2,0,0.7,2,2.8,0,8.3,3.8,2,3,8.5,73.1,0,1,1,9.56
5.5,83.1,0,6.4,3,2.7,0,5.8,8.2,1,2,3.0,36.3,0,1,1,6.52
7.21,62.6,0,3.7,3,3.9,1,5.9,5.6,2,1,7.1,87.4,1,1,1,8.15
8.33,63.0,0,4.8,3,6.9,0,5.0,4.5,3,2,2.7,74.2,2,0,1,7.26
8.01,58.8,0,4.6,3,4.4,1,4.3,2.4,3,4,3.2,59.1,0,0,1,8.36
6.88,88.9,2,4.2,2,4.8,0,5.7,6.8,0,0,7.7,40.2,2,0,1,7.46
6.39,88.0,1,5.9,3,3.9,1,5.5,5.0,1,5,6.0,56.7,3,1,1,6.89
6.18,100.0,1,1.5,2,8.1,1,8.2,6.2,3,0,2.7,85.7,1,0,1,9.94
7.61,68.4,0,2.9,3,7.4,0,3.3,6.0,1,1,5.7,72.3,1,1,1,6.46
7.25,81.1,0,1.8,3,4.4,2,8.8,7.0,2,0,2.7,89.5,1,0,1,10.27
7.82,59.9,1,0.5,3,7.0,1,5.2,6.1,0,0,5.3,88.4,1,1,1,7.75
7.17,73.3,0,2.1,2,5.0,1,5.8,5.1,1,4,5.4,66.5,0,1,1,8.98
8.06,70.7,0,6.2,1,4.8,1,3.1,6.8,2,3,5.9,0.0,0,1,1,5.81
7.12,84.5,0,2.9,2,5.4,1,6.8,7.6,2,2,3.9,44.3,2,1,1,9.36
8.02,92.2,0,6.4,1,6.9,0,3.3,8.8,2,0,2.4,31.5,1,0,1,6.81
8.13,91.9,0,6.5,1,3.5,1,6.4,3.5,1,3,4.8,90.7,2,0,1,8.67
5.95,66.2,2,8.0,2,6.6,0,6.1,7.9,1,0,6.9,72.6,1,1,1,8.0
4.65,92.0,1,6.2,1,10.0,1,4.8,2.5,4,4,7.3,58.0,1,1,1,6.79
9.01,77.4,0,7.0,3,5.9,1,0.7,7.7,4,1,2.4,51.9,2,0,1,7.49
7.33,73.5,0,3.7,2,5.6,0,10.0,4.5,0,1,7.8,84.0,2,0,1,9.16
4.77,68.1,2,3.6,3,5.3,2,3.1,7.4,2,1,5.1,44.3,3,0,1,5.67
6.07,70.2,6,3.7,2,6.6,0,6.1,8.7,4,1,6.7,36.5,1,1,1,9.84
8.0,100.0,0,3.2,1,2.0,0,3.8,6.2,1,1,3.9,34.7,1,1,1,9.35
6.64,82.3,0,3.4,1,9.2,2,7.9,5.7,0,2,10.0,64.4,1,1,1,7.82
6.33,80.4,0,4.4,3,7.7,1,4.6,5.6,3,1,5.4,45.9,1,0,1,8.46
8.82,74.3,0,2.5,1,4.1,0,3.8,4.9,3,2,9.9,82.2,2,0,1,9.88
5.64,100.0,0,1.0,3,5.6,0,6.9,8.0,5,2,2.9,61.9,1,1,1,8.5
5.96,96.3,0,3.8,1,4.3,0,2.6,5.6,0,2,2.1,34.1,0,0,1,4.76
7.27,67.9,2,2.1,2,6.2,0,4.5,1.4,4,0,3.2,57.1,3,1,0,6.16
7.51,74.2,0,2.3,1,5.6,1,7.1,7.6,1,0,8.7,42.3,1,1,1,10.35
7.65,75.0,0,3.0,2,6.0,0,9.0,7.5,1,4,2.7,59.2,5,0,1,11.65
8.18,80.0,0,2.6,1,3.2,1,3.3,5.9,1,1,9.8,83.4,1,0,1,7.4
7.26,68.2,0,5.0,3,4.4,2,4.1,4.2,2,0,2.7,58.5,0,0,1,9.55
7.64,84.1,0,2.9,1,8.0,2,6.3,3.5,3,1,7.2,48.1,0,1,1,8.1
6.66,98.3,1,5.1,1,4.3,1,0.9,4.2,0,2,6.9,70.3,0,0,1,6.03
7.08,59.6,1,3.5,1,0.0,0,8.6,6.2,2,2,5.6,52.9,1,0,1,8.33
7.14,62.2,0,3.1,4,5.2,1,3.2,2.1,2,0,2.6,72.1,1,1,1,6.55
7.28,71.2,0,3.5,2,10.0,1,4.5,6.6,2,5,3.1,67.9,0,0,1,8.76
8.0,71.9,0,1.1,2,7.4,1,6.1,5.9,3,1,9.8,40.3,2,0,1,8.23
7.72,100.0,0,3.7,2,4.2,0,5.6,8.4,4,1,6.5,35.1,2,0,1,9.52
7.06,92.0,2,4.6,3,5.4,0,3.3,7.2,2,1,0.6,53.9,0,0,1,5.64
5.95,91.2,1,4.8,1,7.0,2,9.5,4.4,1,0,3.2,69.5,0,1,1,9.93
7.09,74.3,0,1.0,3,1.6,0,0.0,2.4,1,2,5.6,95.9,0,0,1,5.41
6.96,74.0,0,0.8,3,3.6,1,2.9,4.2,2,1,4.3,38.6,2,1,1,6.94
7.25,57.7,0,2.3,1,6.4,0,4.0,8.6,2,0,2.2,41.0,2,1,1,7.09
9.87,88.9,0,5.4,1,9.0,2,3.3,6.4,3,0,10.0,80.6,0,1,1,10.52
6.32,84.9,0,3.6,2,4.5,0,8.3,7.0,2,1,0.0,64.9,1,1,1,9.53
7.55,96.0,1,2.0,1,8.9,0,1.7,4.5,2,0,5.3,57.4,0,0,1,5.26
8.39,75.0,0,0.9,1,3.8,2,9.1,6.8,2,0,6.4,74.4,3,1,1,11.3
7.13,76.0,0,2.1,2,0.0,1,4.9,2.8,2,1,3.8,85.8,1,0,0,6.99
10.0,80.4,0,2.0,1,7.1,2,2.4,7.7,0,1,8.3,81.7,0,1,1,9.51
6.51,90.5,1,4.7,3,6.7,1,0.7,3.5,1,1,5.5,46.9,1,0,1,4.37
7.42,57.4,0,4.8,2,7.1,0,5.0,1.9,4,1,5.7,69.7,0,1,1,7.66
5.96,88.3,0,1.5,2,7.0,0,3.9,10.0,1,1,5.2,83.5,0,1,1,6.77
6.54,77.7,2,4.4,2,5.9,1,6.0,6.1,2,0,6.6,55.1,0,0,1,9.01
7.32,63.2,1,4.2,2,4.9,0,4.5,6.0,2,4,4.8,68.4,1,1,1,7.53
8.1,48.8,0,1.3,2,5.0,0,7.7,2.1,1,2,1.9,49.2,1,0,1,8.62
7.41,76.1,1,3.1,3,4.5,0,5.2,7.0,3,0,6.6,41.9,1,0,1,7.52
8.64,98.3,0,3.7,2,4.6,0,4.5,7.6,4,0,9.4,69.2,0,1,1,7.11
6.88,100.0,2,3.5,2,1.5,0,7.7,5.4,1,2,5.5,79.4,0,0,1,8.06
6.57,83.0,0,0.5,3,2.8,0,6.0,7.6,3,2,4.6,76.2,0,1,0,9.18
10.0,100.0,0,3.4,2,5.1,0,7.3,8.1,3,0,5.2,34.2,1,0,1,11.24
7.51,77.4,1,4.2,1,0.6,0,8.1,6.9,2,1,3.3,87.3,1,0,1,8.51
6.06,91.3,2,5.7,1,1.1,2,4.8,1.5,0,0,5.1,72.7,0,0,1,7.46
6.1,71.7,0,2.1,2,4.8,1,5.6,3.5,4,1,7.2,83.6,0,0,1,9.32
5.77,70.8,0,2.3,3,5.2,1,7.4,9.2,1,1,4.9,42.5,2,0,1,7.74
8.22,68.5,0,2.9,3,4.8,0,0.0,6.0,0,1,8.3,78.0,1,1,1,5.54
6.53,49.2,0,3.7,3,0.3,0,5.3,6.0,2,1,6.1,74.0,0,1,1,8.44
7.17,96.0,1,3.4,1,8.9,1,5.0,4.1,3,0,5.4,35.9,2,1,1,9.27
6.92,69.0,1,4.2,3,2.3,0,6.4,4.5,1,0,5.9,70.1,2,1,0,7.34
7.95,66.8,1,1.4,2,3.7,1,3.7,8.2,1,0,4.9,40.6,1,1,1,9.14
5.9,61.5,0,3.8,4,2.7,1,8.0,8.8,1,0,0.0,61.6,1,1,1,10.18
5.6,75.1,0,2.0,3,8.4,0,3.8,7.4,2,1,6.7,100.0,2,1,1,7.06
7.29,100.0,0,3.0,2,6.4,0,4.4,6.9,0,2,6.5,67.1,1,1,1,6.88
7.78,100.0,1,5.9,3,4.5,0,4.0,7.1,3,2,10.0,59.0,1,1,1,8.59
7.43,54.7,0,1.0,2,4.3,2,8.3,5.7,3,0,4.1,31.6,2,0,1,9.6
5.95,73.0,0,2.8,2,5.9,0,0.7,3.4,2,0,7.0,67.1,1,0,1,3.59
7.88,63.5,0,1.2,2,2.8,0,9.6,3.0,1,1,3.6,58.3,1,1,1,7.25
6.03,91.8,1,3.4,1,6.3,1,8.9,8.4,2,0,4.4,21.1,1,0,1,10.38
6.32,82.0,1,4.9,1,4.3,0,4.2,5.7,0,0,10.0,39.5,0,1,1,6.98
5.77,69.1,1,3.5,3,6.6,0,7.9,6.8,2,1,0.0,79.1,1,0,1,6.03
8.69,79.0,0,3.0,2,6.6,0,5.8,6.2,0,0,5.3,87.2,0,0,1,7.36
7.82,71.3,0,5.3,3,4.2,0,9.3,6.3,6,0,8.3,62.8,0,1,1,10.03
7.79,100.0,0,3.7,2,1.0,2,7.7,6.5,0,3,1.8,81.6,3,0,1,10.85
8.62,85.7,0,4.5,3,5.0,0,10.0,7.2,1,1,3.2,62.0,3,0,1,10.34
10.0,87.4,0,4.3,3,2.3,0,1.9,4.3,1,2,6.4,46.2,1,0,1,8.09
4.78,40.7,2,0.0,3,5.7,0,5.9,8.2,3,1,1.6,100.0,0,1,0,7.36
6.04,77.1,0,3.1,2,4.9,0,1.5,4.3,0,0,6.1,33.1,0,1,1,4.55
6.2,100.0,1,1.5,4,4.2,0,4.3,6.3,1,1,1.5,69.8,1,0,1,6.5
5.89,96.6,1,1.9,2,2.6,0,10.0,3.4,0,1,8.4,48.3,1,0,1,9.09
5.6,52.1,2,5.6,3,8.1,1,6.6,5.5,3,1,7.3,57.2,2,1,1,7.08
6.61,73.6,0,2.6,2,4.5,1,7.8,4.5,5,0,4.2,93.1,1,1,1,8.54
5.42,61.2,1,6.2,1,10.0,0,6.7,5.8,0,3,0.0,62.2,0,1,1,6.17
7.44,100.0,0,0.9,2,5.6,0,6.5,7.3,1,1,6.5,54.9,3,0,1,8.75
7.07,81.4,1,1.5,2,6.3,0,4.3,6.0,3,2,7.7,50.4,2,1,1,5.91
7.63,67.3,0,4.4,1,5.6,0,3.9,9.7,3,0,7.5,72.6,3,1,1,5.96
7.66,78.5,0,2.7,2,6.3,0,4.2,7.4,2,2,6.2,42.4,0,1,1,8.75
7.78,41.5,0,3.7,1,7.9,3,0.0,5.3,3,0,6.9,63.2,0,1,1,6.1
6.51,62.8,0,3.0,4,7.9,1,5.3,5.6,0,0,2.5,58.7,1,1,0,6.03
9.76,78.5,0,3.0,2,1.6,1,6.1,6.6,2,1,3.6,45.7,1,0,1,8.64
7.3,89.8,1,2.7,1,7.4,2,4.1,7.2,2,1,6.4,32.7,0,1,1,7.96
4.58,50.8,0,3.5,3,6.6,0,5.2,3.3,3,0,3.8,62.0,2,1,1,8.91
5.7,72.7,1,4.2,2,5.6,2,6.7,7.1,0,0,6.9,53.9,0,1,1,7.72
4.74,92.1,2,5.8,3,9.3,0,7.5,3.4,1,2,2.3,65.8,1,0,1,6.65
7.02,57.7,1,2.9,2,9.4,0,2.7,6.9,1,0,4.3,18.0,0,1,1,5.0
6.84,81.2,1,2.6,1,7.5,0,3.7,8.0,3,1,6.5,52.2,1,1,1,7.35
6.39,78.9,2,2.4,1,4.3,0,7.2,6.4,0,1,4.5,78.4,3,1,1,8.58
9.61,100.0,0,5.6,3,2.9,0,6.9,1.1,1,2,1.0,28.4,2,0,1,8.73
7.71,74.8,0,4.3,3,7.2,0,8.6,2.2,1,0,5.7,98.8,0,0,1,10.23
7.94,75.6,1,0.2,3,8.5,0,8.5,6.9,2,2,1.2,68.6,2,1,1,9.0
5.79,90.0,0,0.1,1,1.0,1,10.0,0.9,1,1,6.7,58.5,1,1,1,5.83
5.7,59.4,0,1.9,3,7.9,0,4.8,7.0,0,0,5.5,63.5,0,1,1,6.43
7.05,74.9,0,3.6,2,4.9,0,9.1,7.8,3,0,8.5,44.3,0,1,1,10.05
7.22,71.6,2,3.1,3,1.5,1,3.4,8.1,2,0,9.5,89.7,0,1,1,7.76
4.59,76.1,0,4.0,1,6.5,1,10.0,5.3,0,2,9.3,64.9,1,1,1,6.86
6.77,89.9,3,2.9,3,7.5,0,6.5,6.7,1,1,2.6,62.6,0,1,1,7.18
7.02,85.8,0,5.4,4,4.7,1,6.7,6.2,0,1,2.5,81.4,0,0,1,8.48
6.72,67.5,3,4.4,1,3.2,0,7.8,2.9,0,2,6.9,69.1,3,1,0,7.73
5.94,79.9,0,3.3,3,9.3,0,2.4,7.3,1,4,4.1,47.7,3,0,1,7.19
6.3,98.9,3,5.0,2,4.0,0,3.0,8.6,0,0,5.6,60.6,0,1,1,4.79
6.77,66.4,2,0.6,1,8.1,1,5.8,7.2,2,1,9.1,72.7,0,1,1,6.42
7.12,80.0,0,3.1,1,2.2,1,6.3,4.8,0,0,6.5,62.5,2,1,1,7.39
7.79,75.3,0,3.4,3,6.4,0,10.0,7.3,2,1,6.3,34.4,1,0,1,10.9
8.41,77.1,0,4.2,1,6.4,1,3.3,8.4,0,1,3.6,89.3,5,0,1,6.57
6.62,55.2,0,0.5,1,7.4,1,9.0,8.1,0,2,7.3,64.5,1,1,1,11.38
6.41,97.8,4,2.8,3,8.8,0,4.9,7.9,1,0,0.4,53.4,1,1,0,6.5
7.57,67.2,1,3.8,2,3.7,1,4.9,2.6,3,1,7.8,74.3,1,1,1,9.2
7.79,92.4,0,4.0,3,6.6,1,5.1,6.6,3,0,3.8,51.4,3,0,1,10.68
6.44,69.3,0,5.1,2,2.5,1,4.8,7.1,2,0,2.0,30.6,1,0,1,5.85
8.03,69.2,0,4.4,2,2.5,0,6.6,7.9,0,1,4.6,61.2,0,1,1,8.98
8.27,95.0,0,3.1,3,4.2,1,4.6,6.8,1,0,5.3,74.6,1,1,1,10.21
8.68,91.9,0,4.3,1,6.4,0,2.3,8.9,1,0,3.4,55.8,3,1,1,6.73
9.31,80.9,0,2.9,2,9.2,0,4.9,2.1,3,1,3.2,56.6,2,0,1,10.32
5.87,88.7,2,3.4,2,9.6,1,6.6,6.9,0,0,4.3,57.5,1,1,1,8.53
7.02,74.0,0,4.5,4,4.7,1,2.3,6.8,2,0,5.1,59.1,3,0,1,6.48
7.01,77.9,0,3.1,2,6.2,3,6.8,7.6,1,0,0.6,64.1,1,0,1,9.89
6.87,68.7,0,3.8,4,7.6,1,8.2,8.9,4,3,4.3,77.1,3,1,1,9.3
6.16,90.7,2,4.7,3,7.2,0,8.9,4.0,0,1,3.6,75.9,1,0,0,6.86
5.07,68.3,0,4.3,2,5.1,0,6.3,8.8,4,5,7.7,100.0,0,1,1,9.8
7.12,98.8,0,5.2,2,5.7,0,1.3,7.4,1,1,6.1,96.1,2,0,1,5.64
6.0,73.6,1,6.9,1,5.3,0,7.0,5.4,0,0,9.3,44.0,0,1,1,7.13
7.11,78.3,0,4.3,2,5.0,0,7.7,4.0,1,2,6.2,56.6,2,1,1,9.45
5.97,88.6,1,2.5,1,4.7,2,3.9,6.2,4,2,3.4,75.6,0,1,1,9.81
5.57,78.3,1,4.0,2,5.2,0,5.3,6.4,1,1,6.2,25.3,1,1,0,6.99
7.3,73.8,1,4.0,1,4.6,0,6.6,6.5,2,1,7.3,67.4,2,1,1,7.76
7.2,77.6,0,4.2,4,3.0,0,9.6,4.5,3,1,1.6,44.0,1,1,1,9.68
7.75,90.5,1,5.6,2,7.4,1,4.9,7.0,3,2,3.9,60.1,0,1,1,9.47
9.84,68.7,0,0.5,2,6.6,0,7.5,5.0,4,1,0.0,61.4,3,0,1,9.75
7.36,76.2,0,5.6,2,9.6,0,6.2,8.2,2,1,6.9,25.7,4,0,1,9.0
7.63,78.1,0,6.2,1,6.3,0,6.0,9.2,2,3,5.8,100.0,2,1,1,8.43
5.6,90.1,1,4.1,2,4.6,0,8.6,4.2,1,1,3.9,50.3,1,0,1,7.47
5.33,76.6,1,4.1,3,4.1,2,3.6,5.9,1,1,1.8,89.9,1,0,1,6.24
9.06,100.0,0,2.8,2,5.6,2,6.0,7.7,4,0,4.0,28.4,0,0,1,10.47
5.8,75.8,0,3.2,2,6.7,1,5.6,6.4,2,2,6.2,48.0,1,1,1,8.98
5.64,74.7,1,4.3,3,5.0,1,2.0,3.1,0,0,4.6,76.8,1,1,1,5.65
6.95,75.6,2,4.2,1,2.3,2,8.3,7.5,5,0,5.4,56.0,1,1,1,10.87
6.88,59.6,0,4.4,3,3.9,0,7.4,4.6,4,2,1.3,76.8,1,0,1,10.33
5.83,63.5,0,4.2,1,5.5,0,5.6,6.2,3,2,5.4,73.5,2,1,1,8.43
6.6,70.6,0,4.6,3,7.1,1,4.9,3.8,4,2,2.2,44.2,2,0,1,8.88
8.6,93.9,0,4.5,4,2.2,1,5.5,7.4,1,1,2.6,85.2,1,0,1,9.06
5.95,77.5,0,1.6,3,6.1,0,7.1,5.0,2,0,5.6,72.3,1,1,0,8.02
5.19,71.2,0,4.5,1,6.0,2,5.6,7.6,1,1,4.9,31.8,0,1,1,7.54
8.23,95.2,0,6.2,2,4.5,1,4.0,5.4,3,4,9.0,62.8,1,0,1,9.49
7.64,99.7,1,3.2,3,4.2,0,4.3,4.8,1,1,2.8,73.7,2,1,1,8.32
6.19,95.6,2,5.6,2,3.9,0,5.5,6.6,5,1,1.2,58.7,1,0,1,9.22
4.94,66.1,2,1.7,2,5.8,0,3.4,3.7,1,1,4.6,61.6,2,1,1,4.2
6.03,71.1,2,3.2,2,8.0,1,6.3,9.4,0,1,3.7,70.4,0,1,1,9.37
6.93,100.0,1,2.2,1,8.1,1,3.7,6.2,0,1,10.0,28.0,2,1,1,5.58
8.52,81.4,0,5.4,2,3.0,1,3.3,4.7,0,1,4.0,56.7,0,0,1,7.3
5.65,74.3,0,5.8,1,5.1,0,10.0,5.0,1,0,2.6,53.2,0,1,1,9.3
6.89,88.1,0,3.0,2,0.7,1,10.0,5.8,2,3,5.1,75.8,0,0,1,9.69
7.88,92.1,0,5.1,2,5.7,1,5.8,7.8,4,1,4.6,49.4,1,0,1,10.23
3.9,70.0,1,5.8,1,6.8,0,7.5,4.0,2,0,3.3,99.6,0,1,1,6.62
8.34,81.1,0,3.1,1,9.0,0,7.8,5.1,0,1,6.8,48.9,1,0,1,10.0
5.46,91.0,0,3.4,4,1.6,0,5.3,5.7,3,1,4.3,38.1,2,1,1,6.42
7.43,61.8,0,4.4,2,3.1,0,6.2,8.9,0,2,5.2,85.2,2,0,1,9.3
7.32,78.2,1,1.9,2,5.8,2,4.9,7.8,2,1,4.4,72.5,3,1,1,8.46
8.41,62.4,0,3.4,3,1.9,2,8.4,9.0,2,0,3.2,68.2,0,1,1,10.88
7.72,64.2,0,6.6,2,5.9,1,8.4,5.9,0,3,3.6,55.7,2,0,1,9.79
3.91,70.1,0,2.4,2,6.9,0,9.1,8.7,0,0,2.1,53.4,2,1,1,7.0
5.98,84.7,0,4.6,2,2.7,0,6.1,8.3,1,0,8.4,69.7,0,1,1,8.32
7.18,73.5,0,4.0,1,5.8,0,10.0,7.2,0,0,10.0,49.1,1,1,1,11.69
6.75,68.9,0,2.9,2,2.8,0,5.3,7.4,4,0,2.6,96.1,3,1,0,8.05
7.62,78.7,1,3.6,1,8.5,1,10.0,4.6,1,2,4.6,65.2,1,1,1,10.23
8.03,61.9,0,6.0,4,6.0,0,4.4,9.5,1,1,0.5,55.0,2,0,1,10.03
7.79,84.0,0,4.1,2,4.1,4,2.5,5.3,1,2,7.0,52.2,2,1,1,11.89
6.72,93.8,3,4.3,1,2.8,0,10.0,6.9,0,0,3.7,36.1,2,1,1,8.55
4.6,76.9,1,5.8,2,6.4,0,7.0,7.2,2,3,6.6,74.6,3,0,1,8.04
6.41,75.2,2,2.7,1,8.5,0,6.7,3.1,1,2,7.0,44.6,2,1,1,5.71
7.54,83.2,0,1.5,2,3.8,0,4.7,5.7,1,0,4.6,57.4,2,1,1,6.14
5.58,49.6,2,6.0,3,4.5,0,3.6,6.2,3,1,7.1,100.0,2,1,0,4.6
7.82,85.5,0,3.4,3,3.8,0,3.8,5.6,2,0,3.2,23.9,1,1,1,6.7
8.18,100.0,0,4.6,3,8.9,0,5.8,5.7,1,1,4.0,58.0,1,0,1,9.91
7.16,76.3,0,2.0,2,1.3,1,5.2,8.8,1,0,2.2,32.6,0,1,1,7.29
3.5,76.3,1,3.8,2,8.3,0,1.0,4.1,0,0,0.0,49.3,1,0,0,2.2
5.34,88.4,2,1.4,1,4.7,1,9.4,3.3,3,1,8.4,57.2,1,1,1,9.29
9.45,100.0,0,3.3,2,5.3,0,4.5,4.6,0,3,3.6,33.9,1,0,1,6.48
6.29,91.6,1,2.2,2,4.8,0,8.3,7.3,2,3,7.7,68.2,1,1,1,9.57
4.42,47.8,2,1.8,1,6.0,2,3.9,7.5,1,1,5.2,89.4,1,1,1,4.09
8.61,85.9,0,2.7,1,3.9,4,5.9,7.0,3,0,5.7,66.7,1,1,1,11.23
7.02,100.0,0,0.0,1,7.8,0,7.7,7.6,1,1,6.5,76.8,1,1,1,6.9
8.44,86.7,0,1.3,1,7.9,0,7.4,6.3,0,1,4.8,92.5,2,0,1,7.89
7.36,61.8,0,4.5,1,3.3,0,4.9,4.8,2,0,2.3,72.1,0,0,1,6.95
7.6,81.9,0,3.8,2,7.0,0,6.7,3.9,1,0,3.0,12.9,1,1,1,7.37
7.47,60.1,0,1.5,2,4.7,1,7.1,3.3,1,1,2.8,63.6,2,0,1,8.14
7.91,95.3,0,4.1,2,5.6,0,5.2,5.3,1,3,4.9,10.0,2,1,0,10.54
9.96,64.6,0,1.8,1,8.9,1,2.9,7.4,0,0,8.6,45.6,0,1,1,9.07
8.26,79.0,0,4.4,2,4.0,0,4.1,6.3,4,0,3.3,30.0,1,1,1,6.29
4.95,66.0,0,3.0,3,7.5,0,4.6,5.8,1,0,3.8,65.5,4,0,1,4.04
7.58,70.3,0,2.7,1,6.5,0,5.6,3.7,0,1,6.5,42.1,1,1,1,8.4
8.48,98.8,0,3.1,2,5.1,0,9.2,10.0,3,0,3.2,66.0,2,0,1,10.85
8.56,79.4,0,7.3,2,6.3,0,7.6,4.1,3,2,5.9,75.6,0,0,1,10.95
6.45,70.2,1,2.0,1,6.0,1,3.6,6.0,3,3,8.5,40.8,1,1,1,9.15
8.51,62.0,1,3.6,2,3.0,1,9.7,7.8,4,1,5.9,65.0,3,1,1,11.56
8.21,51.8,0,4.5,2,4.2,0,5.3,5.9,1,0,4.9,7.6,1,1,1,7.83
10.0,60.5,0,1.7,2,3.2,0,7.0,4.2,1,1,3.1,30.1,0,0,1,8.64
6.02,79.6,0,0.6,3,4.9,1,3.3,7.4,2,2,3.7,85.4,3,1,1,8.43
6.34,91.7,2,2.2,3,8.5,0,4.5,3.1,2,1,2.3,42.4,1,1,0,6.41
6.6,70.2,1,4.4,2,6.8,1,7.9,9.3,1,3,3.7,49.5,1,0,1,11.28
6.36,100.0,2,2.7,2,2.3,2,3.5,6.4,2,2,4.7,43.6,1,1,1,7.32
5.84,68.0,0,2.8,4,4.9,0,5.6,5.3,2,3,2.5,25.3,1,0,1,7.12
3.5,74.7,1,4.7,2,6.0,0,6.6,3.0,4,0,7.4,39.3,1,1,1,5.32
6.43,62.9,3,1.9,4,7.1,1,3.1,3.5,2,0,1.6,59.9,1,0,1,7.9
7.48,91.9,1,3.1,3,4.1,0,1.4,5.7,0,0,4.9,52.3,0,0,0,5.24
6.36,100.0,0,0.8,1,2.8,1,7.6,9.6,1,1,4.9,81.5,0,1,1,9.11
9.52,53.3,0,3.7,1,5.4,1,10.0,6.3,1,0,3.9,47.6,0,1,1,10.86
7.02,73.2,0,3.6,1,6.8,2,6.6,6.5,1,0,7.4,59.8,0,1,1,10.23
8.68,95.7,0,4.5,3,6.0,0,7.0,6.6,4,0,5.0,49.1,1,1,1,12.93
7.34,57.7,0,1.4,2,3.6,0,3.5,10.0,1,0,3.6,78.7,1,1,1,9.98
8.07,85.9,0,2.9,3,9.4,1,8.9,4.9,2,0,0.0,31.3,0,0,1,10.61
7.36,95.1,0,1.2,2,5.3,3,4.6,8.9,2,1,7.6,69.6,1,1,1,8.96
8.78,79.1,0,2.8,3,5.9,0,8.2,5.0,6,0,5.8,68.1,1,0,1,9.85
7.07,85.7,0,5.6,3,4.0,0,6.9,4.4,2,1,6.7,43.6,0,1,1,8.27
7.64,100.0,0,2.7,1,7.9,0,7.0,5.6,2,0,8.8,58.0,0,1,1,5.72
7.48,100.0,0,1.0,2,6.8,0,6.9,5.6,4,1,5.0,67.7,1,0,1,8.28
6.63,77.1,0,2.1,2,6.2,0,6.8,6.9,3,5,4.0,46.2,2,1,1,10.42
7.53,70.5,0,0.6,3,3.0,1,6.2,1.2,4,0,0.0,45.7,1,0,1,6.47
9.9,65.1,0,1.1,3,7.9,0,7.7,6.1,5,1,4.3,35.4,0,1,1,11.67
6.65,91.7,0,4.3,2,7.2,0,3.8,4.6,2,1,4.0,100.0,1,0,1,5.85
7.55,58.8,0,0.9,3,7.7,1,5.0,4.4,2,0,2.2,50.7,2,1,1,7.07
8.64,74.5,0,3.7,2,5.6,1,8.9,3.2,1,2,1.9,35.5,4,1,1,10.64
8.48,79.4,0,3.2,1,5.3,1,5.9,5.1,3,0,3.6,24.6,1,1,1,10.87
7.02,71.0,0,2.3,3,5.1,0,4.8,4.8,1,2,0.9,43.9,2,0,1,6.95
3.9,81.9,1,3.6,2,10.0,0,7.9,4.9,1,1,7.3,65.3,3,1,1,7.93
7.67,100.0,0,1.7,3,4.3,1,7.4,2.5,1,1,6.6,54.9,2,0,1,8.83
4.11,76.3,3,4.5,2,2.9,0,2.5,6.0,1,1,3.3,67.0,1,1,0,3.25
8.91,71.9,0,2.1,2,4.7,0,7.2,4.2,0,1,7.8,74.3,0,1,1,9.65
7.22,92.2,1,2.6,2,4.3,1,5.8,2.5,3,0,5.2,57.0,1,1,1,9.34
8.3,81.4,0,2.4,2,8.3,3,7.1,4.7,1,1,8.4,57.4,0,0,1,10.86
5.83,98.2,2,4.3,1,2.5,0,5.5,4.3,0,3,7.4,91.3,2,0,1,5.15
4.98,80.3,1,4.1,3,4.3,4,6.6,5.9,1,0,5.5,74.7,1,1,1,7.37
7.34,74.5,0,0.0,1,5.9,0,1.3,4.7,2,0,6.6,67.7,0,1,0,6.06
6.96,53.0,2,3.6,2,8.3,0,3.4,2.9,1,3,3.3,53.1,0,1,0,6.84
6.36,55.3,1,0.4,2,7.1,0,7.2,4.0,1,0,2.0,73.5,1,1,1,7.83
7.11,52.3,0,2.7,2,9.1,0,10.0,2.3,2,1,5.5,67.0,2,0,1,6.45
10.0,83.3,0,3.0,2,6.3,0,6.3,8.1,2,1,4.8,66.3,3,0,1,9.1
8.08,58.9,0,2.6,3,5.1,0,3.9,8.4,4,1,10.0,74.3,2,1,1,8.01
8.36,95.6,0,4.0,3,7.4,0,5.8,8.6,3,0,5.7,66.5,2,0,1,10.27
8.1,78.4,0,4.4,2,2.5,0,3.4,4.6,0,1,3.1,29.6,1,0,1,6.52
8.92,74.6,0,2.0,2,1.7,1,8.4,8.4,3,1,4.8,61.1,0,1,1,12.58
6.75,66.2,1,1.9,1,7.6,1,5.6,6.6,3,0,5.2,37.7,2,1,1,7.28
4.33,86.7,0,3.1,2,6.0,0,7.9,4.2,3,1,4.9,72.7,0,1,1,5.08
6.75,66.7,1,0.7,3,7.6,0,5.1,4.5,6,2,1.0,28.6,0,1,0,9.44
8.06,64.2,1,2.4,2,3.6,0,8.1,5.5,2,3,7.1,59.4,0,0,1,9.47
5.74,94.6,0,5.4,4,8.3,0,1.8,6.0,0,0,2.1,61.2,1,1,0,4.58
6.77,83.0,2,0.8,1,7.0,1,5.6,6.5,3,1,7.5,37.1,1,1,1,7.22
6.1,74.7,1,2.7,3,5.4,0,6.7,5.8,3,0,2.6,58.4,0,1,1,7.82
8.95,87.0,0,2.3,3,6.0,1,4.9,5.1,1,0,3.1,75.4,3,0,1,8.6
7.97,78.1,1,6.4,3,6.3,0,6.3,8.5,0,2,5.4,48.9,1,1,1,8.69
7.85,83.4,1,2.3,3,3.6,2,6.3,5.6,3,0,0.0,65.8,1,0,1,10.43
7.81,66.6,0,2.4,1,4.7,1,7.9,5.5,4,0,8.3,70.2,0,1,1,10.85
6.95,100.0,3,1.6,3,6.2,1,6.9,5.4,1,1,7.4,38.7,2,0,1,9.82
7.26,69.9,2,3.2,2,4.6,0,6.4,5.6,0,0,8.3,60.8,1,1,1,7.3
5.46,99.8,0,3.6,2,2.3,0,7.5,3.1,1,1,3.4,55.8,1,0,1,8.62
4.16,75.4,1,1.8,1,6.1,1,2.4,3.8,2,1,6.7,59.7,1,1,0,3.57
7.2,89.3,0,4.8,1,7.3,1,3.8,10.0,1,1,5.0,27.9,0,1,1,9.2
7.42,88.3,0,3.6,4,7.9,0,2.3,2.5,1,1,0.0,31.9,0,0,1,5.58
8.57,94.1,1,4.6,2,6.7,1,6.8,6.3,1,0,5.2,84.4,2,0,1,9.08
9.04,66.2,0,2.7,2,7.3,0,6.5,6.5,2,2,1.6,75.1,2,0,1,9.02
9.04,93.1,0,3.6,1,7.7,0,8.7,7.8,1,2,7.4,64.4,1,1,1,11.02
5.7,100.0,0,2.9,2,5.7,0,6.3,6.5,1,1,6.9,78.0,0,1,1,9.11
6.54,74.4,1,5.5,3,0.8,1,4.0,9.6,1,2,7.0,33.5,0,0,1,9.55
7.62,78.5,0,3.4,4,8.1,0,5.8,6.3,3,0,4.2,55.5,3,1,1,9.21
10.0,70.7,0,3.2,2,3.5,0,1.2,8.5,3,2,4.0,53.6,2,0,1,8.38
8.92,73.1,0,2.5,1,3.0,0,4.6,7.9,1,1,5.6,44.6,1,1,1,10.18
8.46,100.0,0,2.4,1,3.1,0,0.1,8.9,3,1,6.3,37.3,0,0,1,7.52
6.5,63.9,2,3.6,1,10.0,0,6.3,5.8,1,0,9.4,86.3,2,1,1,5.95
5.85,64.8,0,4.5,2,6.5,2,4.9,6.6,3,1,8.4,47.4,0,1,1,7.56
8.03,100.0,0,2.1,4,3.2,0,5.2,5.1,1,3,2.8,69.0,1,0,1,9.87
5.57,86.7,1,3.4,1,4.0,1,3.4,6.1,2,0,8.3,66.6,3,0,1,7.62
6.69,100.0,1,3.5,2,5.5,0,4.0,6.2,1,1,3.8,80.9,2,0,1,7.96
6.85,71.7,2,3.8,3,6.7,1,7.1,1.6,2,5,5.0,74.7,1,1,0,9.18
9.07,79.8,0,0.5,2,6.1,0,2.2,5.5,2,1,4.2,53.8,5,1,1,6.35
6.54,68.8,1,1.7,3,3.5,1,6.7,7.6,2,2,4.6,34.7,2,1,1,7.15
3.83,80.0,1,1.0,2,6.2,1,3.6,3.1,5,1,3.1,77.8,1,1,1,5.16
7.66,53.2,0,3.3,1,4.2,0,1.6,3.8,3,1,2.7,84.4,1,1,1,4.62
6.09,87.6,0,1.8,2,7.8,3,8.3,8.1,2,0,2.1,100.0,0,1,1,13.0
7.06,82.5,1,2.4,2,5.6,1,8.6,8.5,2,1,6.3,79.6,2,1,1,9.49
6.89,77.2,0,1.3,3,3.8,1,4.3,4.6,2,0,1.4,47.2,1,1,1,6.55
6.64,72.5,2,2.6,1,7.0,0,4.2,6.1,3,1,5.2,49.8,1,0,0,6.62
8.03,65.5,0,1.4,2,6.3,0,4.9,5.6,3,3,7.0,18.5,2,1,1,6.77
5.01,88.2,3,4.4,4,4.5,2,3.6,8.2,0,1,5.6,43.8,0,1,0,4.88
6.33,61.6,2,4.0,2,7.1,0,4.0,4.7,3,1,2.7,34.6,1,1,1,8.48
7.89,85.2,0,3.4,1,6.9,1,6.5,5.0,3,0,0.5,71.8,3,0,1,11.04
6.2,100.0,1,2.7,4,8.1,0,10.0,8.5,2,1,1.2,79.2,1,0,1,10.9
4.91,98.8,1,0.0,1,7.1,0,4.7,3.8,4,1,6.5,100.0,2,1,1,6.87
7.87,56.9,0,2.5,3,5.0,0,7.9,4.8,2,1,5.5,100.0,2,1,1,7.53
8.46,70.5,0,2.0,1,1.8,0,6.3,6.1,2,1,3.3,65.0,0,1,1,10.22
6.94,83.9,1,3.6,3,5.9,2,1.7,8.8,3,3,0.0,48.3,0,0,1,8.67
4.45,77.0,0,4.2,1,6.3,0,5.4,3.4,1,1,3.9,52.2,0,1,1,5.99
7.92,58.4,0,3.7,2,5.6,1,5.2,4.4,2,4,3.8,46.2,0,1,1,9.4
4.84,83.4,0,5.2,4,0.0,1,8.9,7.0,0,1,7.8,100.0,1,1,1,8.97
7.4,77.9,1,2.3,2,7.0,1,9.0,7.3,3,0,5.3,4.6,0,1,1,11.35
5.85,100.0,2,2.2,1,3.5,2,6.4,6.2,1,1,7.5,92.4,2,1,0,8.26
5.49,74.5,1,4.9,1,7.0,1,8.3,5.6,5,4,8.5,41.3,1,1,1,11.35
6.43,94.4,1,3.5,1,9.2,0,5.2,6.1,3,0,5.0,52.2,2,0,1,6.92
6.76,60.3,1,2.8,1,4.9,1,8.1,2.8,1,0,6.2,8.4,2,1,1,9.17
6.16,63.6,1,6.2,2,6.5,0,5.7,6.0,3,0,5.6,81.1,2,1,1,8.47
7.77,88.1,0,4.1,2,5.6,0,8.0,8.8,1,0,6.4,75.9,0,1,1,7.27
6.42,93.2,2,2.9,4,6.7,0,8.3,3.2,2,3,2.7,38.1,0,1,1,8.46
8.27,64.6,0,2.1,3,5.7,0,7.1,4.2,1,2,6.4,82.2,1,1,1,6.26
7.37,78.3,0,5.3,4,4.4,0,3.8,5.0,5,0,5.5,78.3,0,0,1,5.89
6.09,58.7,1,3.5,2,3.5,0,4.5,5.1,5,1,4.3,49.4,0,1,1,7.53
5.87,75.5,1,3.2,2,9.0,0,7.2,9.5,3,2,6.7,19.0,0,1,1,8.85
4.86,89.7,1,4.3,2,6.5,1,7.6,3.9,1,0,5.9,55.6,1,1,1,6.73
7.38,71.9,0,4.6,2,7.3,1,5.9,3.5,1,1,10.0,80.8,1,1,1,8.59
6.54,74.5,0,4.1,1,6.4,0,4.8,7.3,2,1,8.1,41.7,2,1,1,6.94
3.92,62.2,0,4.6,3,7.6,0,5.9,4.5,2,0,4.9,81.6,1,1,0,4.3
6.3,68.9,1,3.9,3,3.5,0,4.9,7.4,0,2,2.7,42.8,1,1,0,5.23
5.83,100.0,1,4.1,2,5.7,0,4.9,5.4,2,0,2.6,58.2,2,0,1,4.54
9.05,79.0,0,2.0,2,6.6,0,10.0,6.7,4,0,6.2,45.3,1,1,1,10.19
4.79,64.0,0,6.1,1,8.3,2,4.4,2.7,3,0,2.1,63.1,0,1,1,5.83
5.13,73.6,0,1.2,2,10.0,0,6.7,6.7,2,0,8.7,76.4,0,1,1,8.55
8.44,55.6,0,3.7,2,6.4,2,5.9,6.2,0,3,0.3,92.6,2,0,1,10.02
8.76,63.8,0,1.1,3,4.0,1,2.7,5.3,3,3,1.6,64.2,1,1,1,7.61
6.03,97.0,1,3.0,2,2.9,1,2.6,3.3,3,1,7.3,28.8,1,1,1,7.23
6.18,76.0,0,2.3,2,3.5,0,5.3,6.2,0,2,4.9,72.6,0,1,1,7.69
7.8,100.0,0,3.4,3,3.8,0,1.0,7.2,5,0,4.4,54.0,0,0,1,6.62
3.97,76.7,0,3.7,4,0.0,1,9.7,4.7,2,0,1.4,53.6,1,1,1,9.3
4.58,77.5,0,1.7,3,4.0,1,4.7,4.8,1,2,3.7,62.1,0,1,1,7.46
6.64,87.0,0,3.2,2,7.1,2,4.5,7.4,2,0,6.6,71.2,0,0,1,8.0
9.01,40.6,0,5.4,2,5.7,0,8.3,9.2,0,0,3.1,51.7,2,0,1,9.68
6.43,80.9,3,1.1,3,4.9,0,5.2,7.7,3,1,3.4,71.6,4,1,0,7.45
7.13,77.3,2,1.8,3,1.9,1,7.0,6.3,5,1,4.0,68.1,0,0,1,10.55
8.47,98.8,1,4.6,4,7.8,0,4.2,5.3,4,0,2.4,71.6,1,0,1,5.59
9.74,91.5,0,3.3,2,6.6,0,5.6,5.7,5,0,6.7,77.6,0,0,1,10.84
6.25,62.1,0,3.4,3,5.5,2,7.7,3.1,1,0,5.1,15.9,0,1,1,6.77
6.98,95.4,1,4.8,1,0.7,2,3.5,5.5,3,1,5.8,52.1,0,1,1,7.59
9.37,74.3,0,1.9,1,4.4,0,6.7,8.0,3,4,2.1,56.9,1,0,1,13.23
5.02,65.3,0,2.4,1,6.5,2,0.0,5.9,0,1,8.7,55.0,2,1,0,4.57
8.34,80.8,0,2.2,1,5.4,0,8.4,4.5,3,3,3.9,42.7,3,1,1,10.52
5.68,75.2,1,2.6,2,5.9,1,4.2,4.4,2,2,9.1,47.0,1,1,1,7.44
7.13,99.5,0,5.3,2,7.0,0,5.3,5.7,2,0,3.1,70.4,0,0,1,7.76
6.68,82.8,3,0.5,3,5.8,0,5.3,3.3,2,0,4.6,69.2,2,1,1,6.16
5.75,80.9,0,1.3,2,6.9,0,3.3,4.0,1,2,6.5,60.7,1,1,0,6.09
5.72,90.6,2,1.0,1,3.6,0,3.1,8.9,1,1,5.5,39.9,1,1,1,6.16
7.36,93.3,1,5.4,3,2.8,1,6.7,3.7,0,2,4.7,77.2,0,0,1,6.31
8.29,89.0,0,2.2,1,6.6,1,6.8,4.2,2,0,5.4,75.7,0,0,1,7.7
6.83,97.9,0,2.7,1,7.0,0,3.5,6.4,2,1,10.0,82.2,0,0,1,6.63
7.09,86.5,1,0.6,4,6.6,0,6.7,4.9,0,0,3.5,44.4,1,0,1,7.76
7.74,80.3,1,2.8,1,5.8,0,6.8,6.0,1,1,5.7,100.0,2,1,1,8.91
5.74,95.3,1,4.6,2,4.8,0,4.6,7.5,4,2,5.6,64.4,0,0,1,7.98
7.96,76.7,0,3.6,2,6.0,0,2.5,2.7,1,1,7.6,44.9,3,0,1,6.0
8.07,78.5,0,3.0,2,6.3,0,5.4,7.3,2,0,5.9,100.0,0,0,1,8.09
10.0,100.0,0,0.7,2,6.5,0,6.3,4.6,2,0,5.4,75.0,2,0,1,9.51
6.51,100.0,2,2.7,3,10.0,1,5.4,5.2,1,0,0.7,64.1,1,1,1,6.22
6.4,77.9,1,3.4,2,3.5,0,4.1,9.6,1,1,7.7,66.5,0,1,1,7.24
8.0,71.7,0,1.6,2,10.0,0,6.6,3.0,4,0,5.8,85.6,1,1,1,9.4
8.06,98.5,0,4.2,3,2.7,0,8.4,7.0,3,1,3.0,65.0,1,0,1,10.09
6.3,89.2,0,4.6,1,6.3,1,3.7,8.1,1,0,6.8,25.5,1,1,1,5.96
6.48,82.4,1,2.4,2,2.9,1,4.8,4.4,4,1,8.2,59.6,0,0,1,6.92
7.7,73.5,0,4.4,1,6.2,0,10.0,4.5,2,1,7.6,78.0,2,0,1,11.04
5.92,82.6,0,3.0,1,7.7,2,6.2,5.1,0,1,10.0,59.0,4,1,1,7.7
6.47,77.7,1,5.0,4,5.6,1,2.6,4.4,2,0,5.0,40.3,1,1,1,4.63
7.12,68.7,0,6.5,3,7.6,0,4.4,5.9,0,0,0.0,59.3,0,0,1,5.28
8.29,79.8,0,1.5,1,4.6,0,3.8,7.6,3,1,8.9,77.3,3,0,1,6.4
6.21,81.7,1,4.4,2,1.0,1,6.4,5.1,1,0,1.0,85.5,0,0,1,5.69
4.6,72.7,1,5.3,1,6.9,0,6.2,7.7,1,1,9.1,37.8,0,1,0,6.97
4.51,90.7,0,1.6,3,5.6,1,4.0,8.6,2,1,6.0,36.5,1,1,1,6.18
5.36,96.0,0,2.3,2,4.4,0,9.8,6.7,2,0,8.9,58.8,2,1,1,7.06
5.29,91.6,0,2.3,4,4.6,0,5.7,6.9,2,1,4.0,46.1,0,0,1,8.31
6.8,74.1,3,3.0,1,6.4,1,4.5,4.6,0,2,6.7,48.4,3,1,0,6.79
5.45,88.6,1,2.6,2,3.7,0,2.7,0.6,2,1,7.8,54.6,2,1,0,4.54
6.09,79.1,1,2.9,4,6.3,1,3.4,7.0,1,4,0.3,75.3,0,1,1,8.38
5.99,60.7,2,4.5,3,8.1,0,2.6,7.4,1,3,4.1,43.1,0,1,1,4.7
6.43,87.4,2,0.2,1,10.0,1,5.1,6.3,3,1,5.5,36.7,1,1,1,6.72
8.72,80.0,0,1.6,2,8.6,0,3.5,7.6,3,2,4.0,45.2,4,1,1,8.62
7.86,100.0,1,4.3,3,5.9,1,7.3,4.7,4,1,2.7,29.7,2,0,1,6.19
7.02,98.4,0,4.1,3,6.1,0,4.2,6.8,0,2,4.4,61.1,0,0,1,9.14
6.4,88.0,1,1.5,2,4.6,2,7.4,8.7,3,4,6.7,62.2,0,1,1,11.43
6.44,81.5,0,4.1,3,4.5,1,6.6,7.1,3,0,7.4,80.2,3,1,1,8.6
7.43,80.3,0,5.3,4,7.4,0,7.0,8.5,1,0,2.3,38.8,0,0,1,8.96
7.76,63.9,1,3.1,2,4.8,0,7.6,8.5,4,0,4.2,62.5,1,1,1,10.49
5.82,53.7,0,1.6,1,6.3,0,10.0,3.4,0,2,0.0,66.7,0,0,1,8.36
7.05,65.8,0,4.6,2,3.4,0,3.5,7.2,3,2,8.4,29.0,1,1,1,8.54
4.36,77.3,0,6.0,3,8.5,1,7.4,4.5,1,2,0.9,64.4,1,0,1,8.59
7.28,48.5,0,1.8,2,4.8,0,6.4,3.6,2,0,6.1,65.1,0,1,1,9.35
7.99,70.4,0,3.3,2,7.9,0,7.9,5.2,0,1,5.7,57.4,3,1,1,7.53
6.64,74.5,2,4.9,3,4.0,1,5.8,9.3,0,1,6.3,34.4,1,1,1,6.88
9.36,75.0,0,3.4,2,3.8,0,8.2,4.7,1,1,3.0,58.5,7,0,1,8.13
5.85,68.7,2,0.4,4,8.4,1,2.5,2.3,2,2,4.3,20.9,0,1,1,6.14
7.28,73.2,0,3.9,2,4.1,2,3.2,2.9,1,4,8.7,66.5,1,1,1,5.93
6.95,100.0,0,1.6,3,2.1,1,4.2,6.8,1,1,4.5,74.8,2,0,1,6.01
6.87,87.3,1,1.2,2,3.2,0,5.3,4.3,2,0,3.0,55.6,0,1,1,7.47
6.85,70.2,0,0.4,1,7.4,0,5.6,1.7,1,0,2.6,85.6,0,1,1,5.65
7.14,77.0,0,5.1,2,7.2,0,3.8,3.0,3,2,8.4,46.1,0,1,1,6.78
8.1,77.6,0,1.9,1,3.8,2,3.2,6.1,2,1,5.0,45.4,2,0,1,10.37
8.79,67.2,0,3.7,3,4.1,1,4.0,7.4,0,1,3.4,54.4,0,0,1,9.41
7.0,67.2,1,4.1,3,7.0,0,1.6,4.9,4,2,9.8,100.0,0,1,1,6.87
8.06,92.1,0,3.5,1,8.4,1,4.8,7.1,5,2,8.1,54.3,1,1,1,8.8
6.09,72.1,0,3.7,2,5.3,1,5.4,7.6,1,0,7.6,100.0,0,1,1,7.28
8.0,62.7,0,3.8,4,6.7,0,6.5,4.2,1,1,6.8,59.2,2,0,1,6.98
6.01,77.4,0,3.4,1,7.4,0,5.9,5.6,1,1,2.4,43.9,1,0,0,6.55
8.42,79.7,1,2.0,4,10.0,0,9.6,4.6,1,0,6.5,99.1,1,1,1,8.28
9.87,50.4,0,1.8,1,3.0,0,7.4,6.9,2,1,9.8,63.7,1,1,1,10.24
6.84,77.4,1,3.0,1,4.0,0,7.2,4.6,1,4,5.0,54.1,2,1,1,8.05
4.15,90.2,0,3.0,2,4.4,0,6.3,3.4,0,2,6.7,77.2,1,1,0,4.49
6.29,84.3,0,3.9,1,7.3,1,6.7,5.9,1,2,8.2,84.9,2,0,1,6.92
8.6,100.0,0,5.0,3,4.9,0,5.0,8.0,1,3,2.4,48.4,2,0,1,10.65
7.72,95.5,0,3.8,3,6.2,0,5.7,6.8,3,3,6.1,78.0,0,1,1,8.26
7.32,98.3,0,1.9,3,5.8,0,9.9,7.8,1,0,2.5,55.5,1,0,1,10.6
8.31,100.0,0,0.0,3,5.5,0,5.3,7.6,5,3,10.0,40.4,1,0,1,9.84
7.63,88.6,0,2.0,3,5.7,0,2.4,5.9,1,0,4.4,45.9,1,1,1,6.18
8.58,80.3,0,1.0,3,7.8,0,7.1,4.6,0,2,5.3,36.6,1,1,1,8.62
8.2,91.6,0,2.0,3,3.4,1,7.5,4.1,2,0,0.3,61.7,2,0,1,8.78
8.98,70.2,0,3.6,3,5.2,0,5.9,2.6,0,1,4.9,61.8,0,1,1,7.54
7.47,79.5,0,3.3,2,2.8,1,1.2,8.2,2,2,7.8,82.8,0,1,1,7.97
8.18,68.9,0,6.2,2,6.0,0,8.5,5.1,2,0,2.9,77.4,2,1,0,7.65
6.6,83.6,1,4.0,2,5.1,0,6.0,2.4,3,3,3.8,51.9,1,0,1,7.46
6.22,68.9,2,6.3,2,7.9,1,4.8,8.3,0,1,3.4,56.1,0,1,1,7.39
9.22,68.4,0,4.3,2,5.5,0,8.2,6.0,0,1,2.3,47.0,1,0,1,10.07
7.28,83.8,0,4.9,2,4.5,1,0.8,7.7,1,1,2.0,62.2,1,0,1,6.02
8.05,76.1,0,2.6,2,5.0,1,5.8,5.3,3,1,7.4,55.6,1,0,1,8.85
7.16,51.0,1,1.5,1,9.3,1,4.3,4.2,0,3,3.1,61.0,0,1,0,8.2
6.24,57.6,1,2.5,3,2.0,0,8.9,6.7,2,3,0.0,89.2,2,1,1,7.46
7.01,61.9,1,3.2,3,4.1,0,6.1,6.9,1,1,2.8,90.3,1,1,1,8.93
8.87,65.6,0,2.2,2,5.6,1,3.5,5.2,2,2,5.1,47.5,2,0,1,7.59
7.72,83.8,0,1.6,4,4.1,0,8.1,8.4,1,1,4.3,75.5,2,0,1,10.43
4.78,81.1,0,3.9,4,6.6,2,0.0,7.7,2,1,1.0,73.1,1,1,1,7.07
6.72,92.9,1,1.6,3,5.4,0,6.7,6.9,2,0,2.6,49.0,0,1,1,7.47
9.32,88.5,0,0.7,1,6.1,0,2.6,3.6,0,1,7.2,88.2,4,0,1,7.65
6.72,93.0,1,1.4,2,5.8,1,4.4,3.3,1,0,7.1,30.4,4,1,1,6.14
4.66,86.5,0,2.8,2,5.3,1,4.9,8.2,2,0,7.9,81.5,1,1,1,6.11
9.46,80.9,0,1.6,3,2.7,1,7.6,1.4,2,0,5.1,57.7,1,1,1,9.73
7.89,93.4,0,2.8,2,5.9,0,10.0,5.6,5,2,1.2,38.6,1,0,1,12.0
6.91,90.9,0,4.2,3,1.6,3,1.4,6.1,0,1,2.0,56.3,1,0,1,6.13
6.52,83.3,0,4.1,3,4.0,0,6.5,4.8,2,2,6.9,97.6,0,1,1,5.86
8.41,95.8,0,2.1,4,6.6,1,10.0,5.7,1,1,7.1,100.0,0,0,1,10.77
6.3,45.2,0,1.1,2,8.1,0,4.2,6.6,0,1,4.8,44.4,3,1,1,7.99
8.49,73.9,0,2.3,4,10.0,0,4.0,4.6,2,1,2.6,59.2,1,0,1,7.5
7.7,73.7,0,4.2,3,4.6,0,6.0,7.6,4,3,1.7,56.3,2,0,1,11.05
7.32,94.1,0,4.6,2,3.6,0,7.4,7.0,2,0,8.3,59.6,2,1,1,9.73
7.19,100.0,0,3.8,3,6.6,0,7.0,5.4,2,0,1.6,92.5,0,0,1,8.96
6.77,57.7,1,5.1,1,9.6,2,4.7,4.1,1,3,10.0,52.2,4,1,1,8.08
8.36,97.8,0,6.0,1,8.9,1,3.7,5.6,3,2,5.8,44.4,2,0,1,7.98
5.88,61.6,0,2.4,4,3.2,2,8.5,10.0,2,3,1.0,51.1,2,1,1,11.01
4.89,62.0,1,5.6,2,5.2,1,3.7,4.3,2,2,0.9,56.3,3,1,1,4.98
7.8,74.7,0,2.8,2,7.4,2,1.1,8.9,0,3,4.4,75.4,0,0,1,8.89
7.82,73.5,0,4.8,4,7.5,0,2.2,2.3,2,0,2.7,62.5,0,0,1,5.23
7.62,56.2,0,4.3,2,6.8,0,4.2,4.1,2,1,4.3,73.3,2,1,1,6.84
7.53,87.1,0,0.0,1,4.5,0,8.9,4.7,1,2,6.0,81.2,1,0,1,8.83
6.58,87.5,1,1.7,1,6.8,0,2.8,7.7,1,1,9.2,54.4,2,1,1,5.42
8.02,92.8,0,1.2,2,7.5,0,9.0,5.9,3,3,6.4,58.6,0,1,1,9.83
6.94,71.9,1,0.3,1,3.4,0,8.5,8.4,1,0,6.4,69.8,0,1,1,9.19
6.37,77.4,2,4.6,1,8.4,1,6.0,5.1,3,0,8.6,47.7,2,1,1,6.75
6.59,77.6,2,6.5,3,7.7,0,0.0,5.7,3,1,1.9,60.9,0,0,1,4.11
9.63,100.0,0,2.8,2,3.9,1,2.8,5.1,0,3,6.6,81.2,2,0,1,7.34
4.74,38.3,1,4.6,2,7.5,1,4.0,9.9,0,0,6.6,62.4,3,1,1,6.4
7.65,64.6,0,5.6,1,7.3,0,9.5,3.6,0,1,9.4,85.5,1,1,1,6.78
4.82,78.1,1,3.5,2,7.4,0,4.2,4.8,1,1,1.8,41.8,2,1,1,4.52
6.86,62.8,4,3.2,2,9.0,1,3.7,3.8,2,3,3.0,66.8,3,1,1,4.95
6.44,74.4,3,2.8,2,5.5,0,5.9,6.9,0,1,3.1,71.6,2,1,1,5.3
4.29,76.2,0,4.1,2,6.2,2,2.3,3.5,0,2,6.1,66.3,0,1,0,4.75
7.51,68.8,0,4.6,2,0.0,0,5.4,9.4,2,2,5.5,54.2,2,0,1,9.15
6.51,78.9,0,3.9,1,8.0,1,3.7,6.0,0,2,7.3,30.8,1,1,1,6.96
4.27,86.8,1,3.9,1,7.7,1,10.0,6.6,2,2,1.2,82.4,1,1,1,9.0
8.09,74.7,0,3.1,2,8.5,0,3.4,6.7,1,0,8.4,31.8,3,1,1,6.3
8.87,71.7,2,0.7,1,3.4,0,9.9,5.8,2,0,6.5,33.3,0,0,1,11.51
8.94,75.7,0,4.6,1,7.6,1,2.9,6.0,1,1,7.3,71.6,1,1,1,7.42
7.47,77.9,0,1.1,1,7.7,3,6.1,6.0,3,1,6.9,52.6,1,1,1,8.76
7.06,53.6,0,4.2,3,4.1,0,6.7,6.8,1,1,2.6,62.9,1,1,1,9.52
8.73,84.5,0,4.4,2,7.8,0,5.8,4.2,3,1,6.2,34.3,2,0,1,7.66
9.19,71.7,0,1.4,2,6.5,0,5.7,3.8,0,1,5.2,65.8,1,0,1,7.54
8.47,95.7,0,2.2,2,1.8,0,7.5,7.4,2,0,5.1,76.7,0,0,1,10.37
5.78,86.3,0,6.6,2,6.8,0,6.5,5.8,3,0,6.1,28.8,0,1,1,6.63
7.26,94.4,0,3.1,1,3.8,2,5.1,1.8,1,1,5.8,65.0,1,1,1,8.98
7.57,63.8,0,1.2,2,1.8,0,3.9,4.8,2,1,1.9,78.0,1,0,1,7.19
4.65,72.8,1,4.5,2,6.3,1,5.1,8.9,3,1,4.6,33.3,2,1,1,8.25
7.61,60.6,0,2.0,2,5.4,1,5.1,5.5,4,0,8.7,62.9,1,1,1,8.94
9.95,68.1,0,0.1,1,8.6,0,5.0,4.7,2,1,4.7,61.0,0,1,1,8.52
7.83,95.5,2,4.0,4,5.9,1,5.7,2.8,1,2,3.2,67.1,1,1,1,9.83
8.92,98.8,0,1.7,3,7.2,1,2.3,4.7,2,0,5.9,54.5,1,0,1,8.28
7.24,61.9,0,3.7,1,6.6,0,3.1,3.5,5,0,10.0,30.9,1,1,1,4.98
6.9,71.6,1,1.9,4,7.7,1,7.4,6.7,3,0,2.4,52.1,1,1,1,8.7
7.5,76.9,0,4.3,1,3.5,0,0.3,5.9,2,1,3.2,48.9,0,0,1,6.56
5.94,86.2,0,3.5,1,5.9,3,8.3,5.1,2,2,7.5,58.6,1,1,1,7.6
5.75,53.4,1,0.0,1,5.2,2,4.2,4.3,6,1,4.1,84.1,0,1,1,7.64
8.65,55.6,0,3.8,4,6.9,2,9.3,8.9,0,1,3.7,30.3,2,0,1,12.59
8.78,84.9,0,2.7,1,6.1,0,8.3,4.4,1,0,7.4,79.2,3,1,1,9.27
5.71,50.7,0,5.5,3,4.1,0,4.7,4.4,4,0,2.9,95.4,1,0,1,6.05
8.26,71.7,0,3.8,2,4.8,2,5.0,5.3,1,2,4.4,94.1,0,0,1,10.0
6.89,80.3,0,4.4,2,9.1,1,9.2,5.6,1,0,6.9,95.8,0,0,1,11.52
7.44,83.8,0,2.1,2,1.8,0,8.4,6.8,0,2,7.5,63.9,1,0,1,7.87
7.6,76.0,0,1.9,1,7.1,2,7.7,7.7,3,2,6.1,61.4,0,1,1,9.73
8.29,72.9,1,3.2,3,8.2,4,8.1,7.5,0,3,4.4,23.8,2,1,1,14.14
7.11,89.8,2,2.6,2,6.8,0,3.0,10.0,0,0,2.4,55.7,1,0,1,7.7
8.83,82.0,0,5.3,2,9.8,0,6.0,2.4,0,2,5.3,82.7,1,0,1,7.46
7.4,68.9,0,3.0,1,7.6,0,3.7,6.3,1,1,5.1,31.6,1,0,1,6.93
7.81,78.5,0,1.2,3,6.3,0,2.9,4.8,2,3,4.2,42.8,0,1,1,8.19
5.92,83.4,1,1.9,3,4.5,0,5.9,9.8,1,2,7.3,62.2,2,0,1,8.84
9.81,100.0,0,4.7,2,6.4,0,4.5,6.2,1,0,2.4,26.9,1,0,1,9.26
7.61,89.0,0,2.9,2,7.0,1,5.1,1.7,2,0,7.7,96.5,1,0,1,6.46
7.93,95.0,0,2.8,2,5.5,0,4.3,6.7,0,0,5.4,71.7,3,0,1,6.65
4.91,69.5,1,4.9,2,3.9,0,2.6,6.3,0,0,4.9,66.9,0,1,0,6.63
5.93,70.7,0,1.7,1,2.9,0,9.4,7.3,0,3,4.0,76.2,0,0,1,9.57
8.61,74.7,0,0.0,3,5.9,2,5.9,4.4,0,0,4.6,53.2,2,0,1,10.63
7.37,76.0,1,1.8,1,2.2,2,2.2,6.5,0,0,10.0,65.6,1,1,1,7.2
4.51,63.9,1,3.6,1,4.5,0,5.9,5.3,0,0,0.1,40.5,2,1,1,4.88
8.35,95.7,1,2.8,1,0.2,0,9.0,4.5,0,1,1.5,13.7,3,1,1,7.89
6.29,90.4,3,0.7,1,7.3,1,7.7,6.5,1,0,5.6,59.4,3,1,1,7.91
8.83,73.7,0,4.8,2,8.0,1,4.3,6.1,2,0,5.8,91.6,1,0,1,9.91
6.89,87.0,0,3.5,3,5.7,1,4.4,7.9,2,2,6.2,93.5,0,1,1,8.49
7.27,81.1,0,3.8,2,9.5,1,3.3,5.9,0,0,6.0,56.2,1,1,1,5.03
8.53,88.1,0,3.9,2,8.5,0,3.8,7.0,2,0,1.2,54.5,3,0,1,6.63
5.83,59.2,3,1.1,2,6.6,0,4.0,3.4,3,1,6.4,28.9,3,1,0,8.71
5.71,76.0,2,3.7,2,5.3,0,2.1,8.6,1,0,4.6,81.2,2,1,1,4.55
6.74,77.2,0,4.7,3,4.7,0,4.5,4.2,3,0,6.0,68.5,2,0,1,7.06
8.08,86.7,0,5.0,3,6.7,1,6.3,7.6,3,1,2.4,56.2,3,0,1,10.81
5.27,69.2,1,4.4,3,5.2,0,4.5,6.3,4,3,0.5,20.6,1,1,1,7.11
4.83,43.0,0,4.0,3,6.7,0,6.0,6.1,2,2,3.0,23.9,1,1,0,4.3
8.07,62.9,0,0.4,3,6.9,1,9.2,7.3,2,0,5.1,62.6,0,1,1,9.1
6.22,77.1,1,3.2,2,5.0,0,9.7,1.5,1,2,5.9,29.1,3,0,1,6.99
6.49,78.9,1,1.7,2,7.9,1,5.3,4.7,2,1,5.0,70.8,0,0,1,6.1
4.59,100.0,1,5.3,3,5.0,1,7.5,7.3,1,0,2.6,71.7,1,1,1,9.09
6.12,86.2,1,5.0,1,5.5,1,5.1,9.6,2,1,5.7,33.7,0,0,1,9.25
6.99,79.1,0,1.7,2,3.3,0,4.4,5.8,1,1,8.4,61.0,0,1,1,8.17
8.21,77.5,0,3.1,4,4.9,1,2.9,0.9,3,0,8.9,41.2,2,1,1,5.92
6.0,93.5,1,3.6,2,10.0,0,5.7,5.2,3,0,6.0,78.8,1,0,1,6.79
9.15,69.7,0,4.6,1,3.5,2,8.0,5.7,2,1,8.4,100.0,2,0,1,12.23
6.11,76.0,0,0.5,2,6.5,1,2.6,8.0,2,0,3.3,57.6,1,1,1,4.77
6.11,62.8,1,0.0,1,4.5,0,4.8,5.9,3,1,9.1,89.6,2,1,1,9.17
9.0,97.9,0,3.3,2,0.6,0,4.7,3.2,2,1,4.2,80.6,2,0,1,9.13
7.27,83.5,0,0.0,2,6.7,1,6.1,7.7,3,0,2.1,58.4,1,1,1,9.53
6.28,68.1,3,3.5,2,4.3,0,6.1,6.9,1,1,7.7,70.6,2,1,1,6.7
6.8,76.4,0,4.1,2,6.2,2,6.7,4.4,5,0,5.2,34.7,3,1,1,8.21
8.76,85.1,0,5.2,1,7.7,0,9.9,7.2,2,0,9.2,62.8,0,1,1,11.17
8.91,74.5,1,2.2,2,6.0,1,3.5,4.7,3,0,6.9,54.0,1,1,1,9.96
5.94,70.5,2,3.5,1,6.2,0,3.4,5.2,1,3,3.0,87.2,0,1,1,6.61
6.94,68.8,0,4.2,2,3.6,0,6.1,4.7,0,1,5.4,47.5,1,1,1,7.7
7.12,82.7,0,1.3,2,7.1,0,8.8,5.2,2,0,2.9,38.9,0,1,1,9.43
5.72,73.0,0,4.7,1,5.1,0,2.1,7.6,1,1,8.9,39.7,1,1,1,5.74
6.93,71.6,0,3.6,4,1.1,1,6.3,2.2,0,2,3.2,77.1,0,0,1,8.01
7.01,59.3,0,2.2,2,7.3,2,5.0,8.0,1,0,3.5,56.3,1,1,1,10.28
8.48,79.1,0,3.4,1,8.0,0,7.5,6.2,1,1,1.3,26.3,0,0,1,9.64
8.57,75.5,0,3.0,2,8.8,0,6.9,5.0,1,1,7.7,80.3,0,1,1,8.76
6.57,73.5,1,4.4,1,10.0,1,5.6,5.8,2,0,5.2,29.8,0,1,0,6.94
6.72,80.8,1,2.6,1,7.2,0,6.6,4.0,1,1,5.4,49.0,1,1,0,8.16
7.86,88.5,0,3.6,4,6.6,1,4.0,2.5,2,2,4.1,55.8,1,0,1,7.78
6.24,87.8,1,2.2,3,7.9,1,7.3,4.0,0,1,2.0,38.1,5,1,1,7.76
7.77,85.7,0,1.7,3,3.5,0,8.7,2.0,0,1,0.5,26.1,2,0,1,8.61
6.89,74.6,1,3.5,2,1.8,1,5.7,3.1,2,1,5.4,76.3,0,0,1,7.77
5.74,70.1,2,1.8,4,4.5,0,4.6,2.6,1,3,0.9,73.0,2,1,0,6.48
5.76,63.4,0,4.5,3,8.3,1,5.2,8.2,1,2,3.8,61.1,1,0,1,8.08
8.88,69.7,0,4.1,1,4.0,0,7.3,3.2,3,0,4.0,67.3,1,1,1,8.54
6.8,78.3,0,2.0,1,6.5,0,5.4,5.7,1,1,2.9,26.0,4,1,1,8.1
9.13,67.0,0,3.5,2,6.8,0,2.7,8.0,4,0,1.2,70.4,1,0,1,5.56
6.33,79.3,0,2.0,2,6.0,0,7.7,7.5,2,1,5.2,68.3,0,0,1,9.14
7.38,64.5,0,0.6,2,2.7,0,3.2,5.2,1,0,7.5,68.8,4,0,1,5.06
10.0,54.7,0,2.2,1,6.3,0,6.5,5.2,0,0,8.2,68.8,0,0,1,9.95
5.63,89.5,2,3.1,3,4.6,1,1.2,6.2,3,2,4.1,79.9,0,1,0,4.29
4.53,71.4,0,4.0,1,9.2,0,5.7,10.0,1,0,9.3,57.7,3,1,0,6.05
8.67,66.3,0,3.4,3,8.0,0,5.3,6.6,2,0,2.8,61.3,1,0,1,8.81
5.93,62.7,1,4.7,2,4.7,0,1.0,7.1,2,2,6.9,33.3,0,1,1,5.47
6.97,83.9,2,1.6,1,9.4,0,6.3,10.0,2,2,4.9,73.7,3,0,1,8.21
6.24,97.2,0,2.6,3,6.3,1,3.0,6.4,3,3,2.3,46.6,2,0,1,8.88
7.35,72.4,0,5.8,2,1.8,1,5.7,8.1,2,1,6.9,48.1,2,1,1,7.53
5.76,75.0,0,0.1,3,5.3,3,4.6,6.8,1,0,5.0,51.8,3,0,1,8.22
6.77,93.0,1,2.5,3,9.1,0,2.1,6.7,0,1,5.4,38.6,4,1,1,4.93
7.58,52.7,0,1.5,1,3.7,1,3.1,3.9,2,0,2.6,57.9,0,1,0,7.76
5.69,100.0,0,2.9,1,5.3,0,3.3,3.5,0,1,8.4,76.5,0,1,0,4.25
6.09,100.0,2,2.5,1,2.5,1,7.8,4.8,3,2,7.6,37.8,2,1,1,9.04
6.55,40.1,2,4.2,1,2.9,0,7.4,7.6,2,2,5.1,59.7,2,1,1,8.42
5.14,76.6,1,3.6,4,3.7,1,10.0,7.5,1,0,4.3,73.3,0,1,1,8.83
6.45,67.9,0,1.1,3,2.8,2,4.3,8.5,0,2,6.5,10.4,0,1,1,8.45
7.15,74.3,0,2.3,2,4.1,0,4.2,5.8,3,0,3.3,97.1,0,0,1,7.25
6.48,72.1,2,3.2,3,9.3,1,5.8,6.9,2,2,2.3,50.8,0,1,1,8.49
6.65,89.4,1,4.4,4,5.4,1,4.7,6.9,1,1,2.3,41.3,0,0,0,6.86
6.97,76.4,0,7.1,1,7.2,0,4.2,5.6,2,1,0.9,61.6,2,1,1,7.23
6.15,65.2,1,4.3,1,7.9,1,5.6,5.2,4,0,6.8,46.5,1,1,1,6.75
7.9,75.6,0,1.6,3,3.1,0,7.1,2.8,0,0,6.1,58.6,1,0,1,7.74
8.87,85.2,0,3.0,3,3.7,1,0.6,5.5,5,2,5.3,45.0,3,0,1,8.3
6.4,61.4,1,3.5,1,7.2,0,4.2,5.6,2,0,7.1,82.5,1,1,1,3.96
7.63,55.0,0,2.4,2,4.1,1,2.3,8.1,2,0,7.4,100.0,2,0,1,7.65
6.69,100.0,1,4.0,1,7.0,1,5.1,8.3,1,0,5.8,74.5,1,0,1,9.74
7.48,69.0,0,0.0,2,9.2,1,6.5,6.1,2,2,1.4,64.0,1,1,0,9.12
9.04,76.1,0,4.1,2,2.3,1,8.1,9.9,2,1,5.3,49.0,2,0,1,11.47
7.66,72.4,1,2.4,1,4.7,2,4.5,6.2,3,0,9.0,81.2,2,1,1,8.18
4.69,85.7,0,3.0,3,5.1,0,5.7,7.9,5,2,4.8,44.6,0,1,1,10.6
7.59,100.0,0,5.5,2,4.3,0,1.6,5.6,1,3,4.1,66.4,2,0,1,8.92
8.6,86.1,0,1.2,3,4.2,0,3.5,3.5,3,1,5.8,49.6,3,0,1,9.4
6.71,56.7,1,3.6,2,4.4,1,6.0,4.9,1,0,5.9,34.9,1,1,1,9.88
8.29,58.6,0,4.5,2,5.5,0,2.4,8.7,0,2,4.5,55.7,1,1,1,6.26
6.1,72.4,1,3.5,1,5.9,0,8.3,5.3,3,0,6.3,40.3,1,1,1,6.84
5.07,74.2,0,0.6,1,7.6,0,6.7,4.9,1,0,5.3,89.5,2,1,1,9.42
7.18,53.9,1,5.4,3,5.4,0,3.4,5.8,1,1,5.4,44.9,1,1,1,6.34
4.72,89.5,2,2.9,2,8.0,0,2.1,5.0,3,1,2.9,57.4,3,1,1,4.14
6.69,62.8,1,2.4,1,4.2,0,3.8,8.2,2,1,6.8,47.0,0,1,1,7.72
8.67,98.9,0,2.7,4,2.9,0,3.4,9.6,4,2,5.0,35.3,3,0,1,8.02
4.52,100.0,0,2.6,3,4.8,0,2.7,5.8,2,0,4.5,73.7,1,0,1,5.1
5.34,74.5,0,1.3,1,6.5,2,2.3,6.9,1,3,6.6,58.1,3,1,1,6.13
5.66,84.1,2,3.5,1,7.4,1,5.0,7.7,1,3,6.2,100.0,1,0,1,8.87
6.92,60.8,0,2.2,2,8.7,1,7.2,6.0,0,3,6.2,80.9,1,0,1,7.89
6.52,86.7,0,4.3,1,6.1,2,3.9,4.0,2,2,5.2,61.4,2,1,1,6.54
8.82,71.0,0,4.0,4,7.2,0,6.5,5.0,2,0,2.7,67.3,0,1,1,7.58
8.24,62.8,0,5.8,2,8.5,1,4.7,6.6,1,0,2.9,58.2,1,1,1,8.6
7.64,73.9,1,2.9,1,3.8,0,6.9,6.6,3,0,5.4,39.5,0,1,1,8.07
7.19,71.5,2,1.9,2,5.0,1,3.7,2.2,1,1,0.4,31.3,2,0,1,7.54
7.51,73.4,0,0.8,1,10.0,2,6.1,4.9,4,1,6.1,38.9,2,1,1,9.84
5.88,91.3,0,6.7,2,7.4,0,5.8,4.3,1,0,6.4,86.7,2,1,1,6.93
8.11,67.0,0,4.3,1,6.6,0,8.6,7.6,4,0,5.8,65.1,0,0,1,9.19
5.55,100.0,2,2.1,3,7.5,0,6.8,4.4,2,2,6.1,70.7,1,0,1,7.13
8.09,59.4,0,5.9,3,2.6,1,6.1,4.9,4,0,7.1,75.7,0,1,1,9.22
8.54,100.0,0,5.4,4,4.1,1,2.1,4.8,0,2,3.0,56.0,1,0,1,6.23
7.27,63.8,0,1.0,1,3.3,0,4.3,7.4,1,1,3.7,47.9,2,1,0,6.71
6.77,78.0,0,2.0,2,6.4,0,3.7,7.7,2,0,7.5,100.0,1,1,1,7.27
7.52,71.1,1,3.0,3,4.7,1,3.6,6.8,4,2,6.0,70.6,0,0,1,6.92
3.5,73.2,1,1.5,2,5.7,0,5.5,8.0,2,2,6.0,26.7,0,1,1,5.88
7.39,89.2,1,3.0,2,4.8,1,6.1,8.3,3,0,3.8,24.9,2,0,1,9.1
6.85,99.0,1,4.3,4,1.9,0,6.1,2.2,4,2,3.9,75.0,3,0,1,6.48
6.93,94.7,2,1.0,3,7.4,1,8.4,7.0,4,1,3.3,42.3,0,1,1,7.99
7.92,72.3,1,3.7,3,1.6,2,6.6,5.1,3,0,2.3,57.4,3,1,1,9.68
6.9,80.6,1,5.1,2,3.9,1,2.7,3.3,1,0,5.8,16.2,2,1,1,4.85
5.52,67.1,0,3.8,2,2.6,0,6.0,5.2,1,1,2.8,50.7,0,0,1,4.66
6.82,64.1,2,3.1,2,3.6,1,6.8,7.3,0,2,6.7,78.2,2,1,1,7.73
7.09,62.0,1,2.1,2,5.9,0,8.4,8.7,1,0,5.6,49.3,1,1,1,9.17
7.15,71.9,0,4.5,1,8.2,0,5.1,3.1,1,1,5.7,36.6,3,1,1,7.12
7.21,81.5,1,1.3,3,2.1,0,5.2,7.0,1,1,3.9,55.1,1,1,1,7.25
8.35,51.2,0,3.6,2,4.3,0,8.0,9.7,3,1,2.5,60.7,2,1,1,11.71
5.59,77.4,0,3.2,2,1.7,0,5.9,9.5,1,2,2.7,53.0,0,1,1,8.41
7.23,99.2,0,5.0,3,4.2,2,1.8,0.0,1,0,8.0,28.4,0,1,1,4.42
8.68,93.7,0,2.3,3,5.7,0,1.3,10.0,0,1,3.7,67.9,2,0,1,6.35
4.75,69.8,2,2.4,1,7.2,0,9.7,7.7,2,1,2.7,48.5,0,1,1,6.17
7.23,58.4,1,1.2,2,0.8,0,1.6,1.2,4,1,7.1,63.5,4,1,0,7.23
6.24,84.4,0,3.9,2,6.7,1,5.1,4.3,1,1,2.6,40.5,1,1,1,6.52
6.52,45.6,1,2.5,1,3.4,0,7.5,8.3,3,1,7.3,84.9,1,1,1,11.38
5.82,93.5,2,1.8,1,2.8,2,1.4,6.5,3,1,9.4,74.3,0,1,1,6.48
6.78,75.0,2,2.0,2,5.6,1,3.0,4.7,0,0,4.5,52.8,2,0,1,5.77
9.39,100.0,0,4.1,3,6.9,2,2.6,5.9,1,0,6.7,66.1,2,0,1,9.11
5.36,53.8,2,1.4,4,5.3,0,9.6,6.9,2,1,4.7,92.7,2,1,1,10.6
5.48,90.9,2,1.6,2,3.1,1,10.0,4.6,2,1,8.6,83.5,3,1,1,11.19
5.31,76.6,1,4.6,2,5.3,1,3.8,5.5,2,1,6.3,90.2,0,1,0,6.55
9.25,73.4,0,2.9,1,3.9,1,6.8,7.6,2,4,4.8,72.1,0,0,1,11.05
6.4,58.8,0,4.7,4,6.8,0,6.2,4.4,1,2,0.0,49.2,1,1,1,6.57
6.97,86.3,1,2.6,3,7.9,0,4.9,3.1,0,0,2.2,71.8,1,0,1,7.96
6.48,87.5,0,3.2,4,7.7,1,1.8,4.5,0,1,1.8,94.0,2,0,1,6.27
5.77,100.0,1,3.5,2,5.5,0,10.0,4.0,1,0,7.3,72.1,0,1,1,7.22
6.69,92.1,0,5.4,1,8.0,2,1.3,4.6,2,0,8.8,43.5,0,1,1,7.51
10.0,69.7,0,5.3,2,3.3,0,6.0,2.3,3,0,2.5,61.3,2,0,1,9.54
8.81,63.9,1,5.0,2,9.4,0,4.0,6.3,4,1,7.8,75.2,2,1,1,7.9
5.89,58.8,1,2.2,2,3.2,0,7.8,7.5,1,2,3.2,63.4,1,1,1,7.68
7.84,98.6,0,1.6,1,1.0,0,7.4,4.2,2,1,4.1,75.3,2,1,1,7.26
5.92,67.1,0,4.4,1,8.5,1,3.2,4.5,0,2,2.8,47.6,1,1,1,7.35
4.69,98.7,1,5.4,2,3.9,2,3.7,5.4,0,0,5.8,55.7,2,1,1,5.33
8.33,85.4,0,5.1,4,5.8,0,1.9,4.0,0,1,1.7,66.8,1,0,1,4.52
8.51,82.6,0,3.2,3,3.2,0,5.9,7.8,2,0,7.0,67.8,0,1,1,10.37
8.36,73.7,0,4.4,3,10.0,1,7.1,4.0,0,1,1.9,47.3,0,1,1,9.07
6.39,87.2,1,4.4,1,9.5,1,4.5,4.7,2,2,7.7,11.0,0,1,1,5.15
6.78,77.8,2,3.4,3,8.9,1,4.9,4.3,0,0,1.2,2.4,1,1,1,7.51
7.97,72.8,0,3.5,2,5.7,2,9.9,7.8,2,0,7.4,59.1,3,0,1,9.27
7.51,87.7,1,3.4,1,7.7,0,7.7,5.3,1,1,6.3,63.7,0,1,1,7.48
6.49,76.0,3,1.9,2,5.4,2,8.6,9.8,0,1,5.7,55.9,2,1,1,10.59
4.9,66.8,0,2.1,1,8.0,1,0.3,6.5,3,1,5.2,60.7,2,1,1,5.81
7.15,86.4,1,2.1,3,4.6,0,6.8,8.1,2,1,3.0,92.0,4,0,1,7.81
8.4,77.1,0,0.6,3,9.0,2,6.1,5.2,1,2,5.1,50.1,1,0,1,8.25
5.44,84.8,1,3.4,1,4.5,0,2.6,3.9,0,2,10.0,67.3,1,1,1,6.77
7.83,71.6,0,3.1,2,4.7,0,3.1,5.7,0,0,2.6,93.7,2,0,1,7.81
7.43,61.1,0,4.4,2,4.5,0,5.0,4.4,4,0,4.2,39.3,2,0,1,7.36
7.98,100.0,0,5.2,1,5.9,1,2.4,1.8,1,0,4.6,95.4,0,1,1,6.06
8.13,99.7,0,5.3,2,4.6,1,3.7,7.8,1,1,1.5,79.4,1,0,1,7.38
6.1,90.4,0,5.5,3,6.6,1,4.4,5.9,1,1,0.5,53.8,1,0,1,6.67
4.9,72.6,1,2.0,3,4.4,1,6.8,4.4,2,1,2.3,9.3,0,1,0,7.34
6.31,73.8,1,0.9,1,7.2,0,3.9,6.6,1,2,5.1,87.8,0,1,1,7.44
8.16,97.4,0,4.7,2,8.8,1,4.5,5.9,0,1,8.3,95.4,0,0,1,5.98
6.3,73.0,1,5.4,1,5.7,0,7.9,8.6,0,1,8.3,46.1,1,1,1,8.58
6.1,69.1,0,5.7,1,10.0,2,1.4,6.7,1,0,4.1,96.7,4,0,1,7.99
4.63,100.0,0,4.0,1,8.0,1,6.0,5.5,0,1,7.8,26.2,0,1,1,6.08
9.28,77.3,0,0.0,1,10.0,0,6.4,7.2,4,0,4.2,65.8,0,1,1,8.72
8.07,100.0,0,3.8,2,5.4,0,6.5,5.7,0,0,4.8,56.4,4,0,1,8.89
8.0,58.4,0,4.1,2,1.8,0,4.3,6.2,2,2,5.7,33.3,0,1,1,6.73
8.26,85.3,0,5.2,3,3.9,0,3.1,8.3,4,2,8.9,55.0,1,0,1,7.11
7.75,100.0,0,5.5,2,4.2,1,9.0,3.5,1,1,5.6,59.4,3,1,0,7.29
6.68,78.4,1,4.7,1,3.4,0,3.5,4.1,1,0,2.6,36.2,1,1,1,6.2
6.79,74.3,0,2.3,4,0.7,0,2.9,5.0,1,1,4.7,73.5,1,0,1,4.49
6.44,61.7,1,1.6,3,7.8,0,5.5,5.3,2,3,6.6,46.4,0,1,1,5.79
10.0,93.2,0,4.1,1,1.4,1,3.8,8.1,4,1,8.0,52.8,1,0,1,10.35
7.72,67.2,1,1.9,2,7.5,0,7.9,3.0,3,1,2.7,88.9,0,0,1,7.5
6.4,76.7,0,5.6,1,10.0,0,4.9,5.7,4,3,6.3,46.9,5,0,0,8.71
7.61,60.7,1,0.5,4,3.8,0,8.2,4.7,0,0,3.0,14.8,1,1,1,8.51
5.69,99.8,1,4.1,2,6.4,1,6.5,9.2,0,0,9.1,55.0,2,1,1,7.82
8.96,94.2,0,3.7,1,4.6,1,4.6,7.6,2,1,7.4,62.2,2,0,1,8.39
6.14,77.6,1,2.9,3,7.3,0,8.1,6.3,2,0,7.9,55.2,1,1,1,8.88
7.65,61.8,0,1.7,3,2.9,2,4.0,7.7,1,0,2.4,77.2,6,0,1,6.84
8.39,99.5,2,0.0,1,5.2,1,4.8,3.2,4,1,5.5,68.0,0,1,1,9.98
7.5,72.9,0,2.3,2,8.0,1,6.7,9.9,1,1,3.8,48.0,2,1,1,9.23
7.12,62.5,1,2.4,2,5.4,0,6.0,4.1,4,1,7.3,73.9,0,1,1,7.99
7.01,53.3,0,5.0,1,1.9,0,4.0,8.3,2,0,8.6,69.3,3,1,1,7.56
6.93,69.0,2,1.9,1,8.2,1,2.0,6.9,3,0,6.9,68.7,1,0,1,8.36
6.25,57.6,1,3.9,3,2.6,1,5.5,6.3,2,0,4.2,56.8,0,1,1,7.96
6.42,69.3,1,1.1,3,5.7,0,3.8,8.2,3,1,5.0,65.7,1,1,1,6.81
8.92,88.4,0,4.0,3,6.8,0,5.6,7.8,3,1,0.8,62.2,0,0,1,9.98
6.86,72.7,3,0.0,3,5.8,1,4.5,6.0,3,1,3.1,54.0,2,1,1,9.31
5.98,83.0,0,6.6,2,10.0,0,3.8,5.0,0,2,4.2,69.6,3,1,1,6.9
6.33,67.9,1,3.0,2,7.1,0,4.9,6.0,3,1,5.0,71.1,3,1,1,7.51
8.43,78.9,0,0.0,3,5.1,0,5.3,5.6,0,1,2.5,71.1,1,0,1,7.89
7.88,100.0,0,2.1,1,6.8,0,7.1,6.5,0,1,4.0,72.3,1,1,1,8.69
7.73,73.1,1,1.8,1,6.0,1,6.5,7.8,2,3,2.3,15.0,1,1,1,10.86
6.67,83.4,0,2.2,1,5.6,0,10.0,6.7,2,2,7.0,78.1,1,1,1,9.56
7.75,56.1,0,2.6,3,6.0,0,5.8,6.2,3,2,0.8,40.7,1,0,1,8.93
6.16,99.3,1,2.1,2,4.5,3,4.0,4.5,4,1,7.3,82.4,1,1,1,8.9
6.66,71.3,0,1.9,2,6.0,2,5.1,6.4,1,0,5.7,32.8,1,1,1,6.56
8.26,92.7,0,1.3,2,4.4,1,6.8,2.4,1,1,7.0,91.6,1,0,1,7.8
8.14,76.3,0,4.5,3,1.3,1,7.8,4.2,3,2,1.9,16.3,0,0,1,11.15
5.72,86.6,0,5.1,1,8.0,0,8.6,7.0,1,0,10.0,66.5,1,1,1,10.03
5.89,87.4,2,2.8,2,4.3,0,3.2,7.6,2,1,10.0,52.7,1,1,1,6.42
7.14,71.7,1,3.2,3,5.8,0,8.4,5.8,1,0,4.1,69.3,1,1,1,8.21
9.24,93.3,0,1.4,3,3.8,1,5.4,6.2,1,2,4.9,94.5,1,0,1,8.85
4.51,67.4,0,3.3,2,3.9,0,3.4,6.5,2,1,5.0,64.7,1,0,1,2.81
7.36,88.9,0,3.6,1,3.2,1,5.0,7.2,3,1,8.3,78.8,1,0,1,10.52
5.21,72.5,2,2.8,4,7.6,0,8.3,5.4,3,1,4.8,90.7,1,0,1,7.13
6.18,82.9,2,3.8,2,8.1,0,6.6,3.8,3,0,0.9,47.6,1,1,1,5.4
6.53,71.5,0,3.7,3,5.6,2,2.7,6.6,1,0,2.1,67.2,0,1,1,7.39
6.45,78.7,0,1.5,3,4.3,1,2.7,9.7,2,1,4.9,87.4,2,0,1,7.56
6.31,63.0,1,5.1,3,1.8,0,2.7,4.0,1,2,5.8,67.1,1,1,1,7.95
7.01,81.5,0,2.9,1,7.2,1,3.8,5.5,4,4,6.3,48.3,1,0,1,9.38
6.3,78.6,1,5.9,2,4.0,0,5.7,5.0,2,0,1.1,70.3,1,0,1,8.63
5.1,70.4,1,3.9,1,3.0,0,2.9,10.0,1,1,7.3,62.3,2,1,0,6.79
8.01,77.2,0,6.4,1,5.6,0,4.5,3.9,3,2,10.0,70.2,1,1,1,7.25
7.98,79.9,0,5.1,1,4.8,0,8.7,5.5,1,0,0.7,49.4,1,0,1,11.64
8.1,69.4,0,3.6,2,2.2,0,9.2,5.1,0,1,7.2,64.8,2,1,1,10.81
5.0,76.2,1,2.0,2,2.5,1,9.1,3.3,2,1,9.2,57.2,0,1,1,8.78
7.39,63.9,0,2.1,2,6.2,1,1.4,3.2,2,1,7.2,50.1,0,1,0,7.43
7.88,100.0,0,4.1,2,4.1,1,9.3,6.9,0,0,4.8,86.2,2,0,1,10.11
5.66,92.8,0,3.4,1,6.6,0,5.7,7.2,2,1,8.1,49.7,3,1,1,7.49
7.01,81.8,1,2.3,2,5.8,0,5.7,4.7,1,4,4.8,44.9,0,1,1,8.45
6.85,94.4,2,4.5,3,7.8,0,7.9,8.6,1,1,5.2,36.3,2,1,1,11.09
9.39,50.3,0,3.3,1,3.7,1,7.1,1.3,3,2,6.2,58.7,4,0,1,11.26
9.5,42.2,0,4.5,3,6.0,0,1.2,3.3,3,2,4.3,57.0,4,1,1,7.21
4.84,72.4,3,1.6,2,6.9,1,4.1,4.2,4,1,3.2,74.4,2,1,1,6.99
10.0,58.7,0,4.8,2,4.1,0,4.7,5.8,2,0,3.9,35.4,2,1,1,6.92
5.81,74.7,1,4.0,3,8.0,0,2.4,4.9,0,3,7.7,26.3,2,1,0,5.54
8.27,80.9,0,5.1,2,1.8,1,7.8,5.4,1,0,3.6,22.9,1,1,1,9.97
8.26,90.9,0,4.8,2,3.7,1,8.8,6.8,1,0,0.5,69.1,2,0,1,10.44
5.71,62.1,0,3.1,4,1.8,2,5.5,8.7,2,0,10.0,80.7,1,1,1,8.74
7.64,83.6,0,2.9,1,3.9,3,6.2,7.4,2,1,5.0,79.1,2,0,1,9.78
6.86,78.2,1,6.1,2,5.2,1,5.5,5.9,4,1,4.4,50.0,0,1,1,9.78
7.72,82.9,2,2.7,4,7.3,1,5.7,5.6,1,2,2.1,62.6,1,0,0,9.78
7.3,70.7,0,4.4,3,5.2,1,8.1,8.0,0,0,4.0,15.1,4,0,1,9.18
8.56,97.4,0,2.6,2,4.2,1,1.4,9.6,1,1,3.3,92.4,2,0,1,7.95
7.1,76.6,1,0.2,1,2.1,2,6.6,7.1,1,4,9.4,83.1,1,1,1,10.1
6.78,100.0,1,1.2,2,2.8,0,5.5,4.8,0,0,4.5,78.1,3,0,1,6.79
8.42,66.9,0,3.8,3,6.2,0,3.9,6.3,1,0,1.6,42.0,0,1,1,7.83
7.75,88.4,0,4.3,3,7.4,0,4.3,7.0,4,1,0.0,52.7,0,0,1,6.54
7.95,77.2,0,3.9,1,4.6,2,9.7,4.7,2,1,8.5,56.2,3,1,1,10.45
6.14,73.4,0,5.0,1,8.2,3,2.4,7.5,1,1,5.0,94.0,1,1,1,6.43
5.64,86.9,0,3.8,3,3.4,0,5.1,6.3,1,0,4.9,80.0,2,0,1,5.64
6.26,73.8,0,2.0,2,4.6,1,9.2,8.1,3,0,2.9,56.3,2,1,1,11.28
6.19,40.7,2,4.2,4,4.8,2,2.6,3.8,5,1,3.2,71.7,2,1,1,6.64
8.02,35.1,0,3.5,2,8.9,0,4.5,2.3,2,0,4.9,41.8,0,1,1,5.01
8.27,95.8,0,2.3,2,5.8,1,5.6,5.0,3,0,7.1,32.3,2,0,1,7.41
6.8,95.2,0,4.0,1,1.5,3,6.4,5.8,3,0,6.4,58.6,1,1,1,10.19
8.86,100.0,0,3.3,2,7.6,0,5.3,2.2,2,1,2.4,37.3,3,0,1,8.61
8.78,77.8,0,2.2,2,9.6,0,3.4,4.6,1,1,10.0,26.2,1,1,1,7.19
7.32,59.9,0,2.9,1,5.0,1,6.5,8.4,5,0,7.0,60.7,2,0,1,7.72
5.93,72.1,2,5.5,2,3.5,1,5.3,6.9,4,2,2.8,54.7,2,1,1,7.84
9.05,78.2,0,5.4,1,7.4,1,6.9,6.1,2,3,6.4,39.8,0,0,1,12.33
6.92,63.9,0,3.5,3,9.8,0,7.6,3.7,1,0,4.9,52.0,1,1,1,7.58
7.16,100.0,0,3.3,1,7.4,1,2.1,8.3,0,0,7.1,67.6,1,0,1,4.25
6.56,100.0,1,0.9,2,1.9,0,7.9,5.0,3,1,5.8,55.5,0,1,1,7.57
5.84,84.7,1,6.0,3,7.2,0,4.9,6.0,1,1,4.6,62.8,1,0,1,4.16
5.09,77.8,1,4.9,1,6.4,1,7.4,6.6,3,0,8.1,56.6,0,1,1,7.67
7.82,59.9,0,4.4,2,3.4,0,6.6,6.1,3,2,6.7,94.6,4,0,1,9.27
5.98,99.7,3,0.0,3,8.3,0,9.8,8.8,1,1,5.7,86.6,1,1,1,8.94
10.0,79.1,0,3.3,2,6.5,1,5.5,7.0,1,1,0.9,62.3,5,0,1,9.4
5.59,74.0,0,3.0,2,8.4,2,4.6,6.5,2,2,1.0,43.6,0,1,1,10.41
5.37,84.7,1,4.3,3,3.2,0,4.3,5.6,1,2,2.2,48.8,2,1,1,6.36
7.66,69.8,0,2.5,4,6.4,0,3.1,6.7,0,0,2.4,34.2,3,0,1,5.89
8.99,80.1,0,2.8,3,3.5,0,7.4,5.4,5,3,2.3,44.1,2,0,1,11.64
7.08,57.8,0,4.2,2,6.0,0,3.0,6.2,1,0,2.7,73.4,1,0,1,6.96
7.74,93.2,1,2.0,2,8.7,1,7.3,5.1,1,1,5.5,48.1,1,1,1,9.44
4.6,76.5,0,2.3,2,2.4,0,5.0,4.8,0,4,3.0,56.5,3,0,1,9.03
6.12,94.2,2,3.5,2,2.5,0,1.4,4.0,1,0,0.0,83.6,3,0,1,3.67
5.6,75.2,1,5.3,2,7.6,0,8.9,5.3,2,0,1.9,71.1,2,1,1,9.3
4.54,76.1,1,4.5,3,5.5,0,0.0,5.1,1,2,2.6,61.4,1,1,1,5.03
7.15,61.0,0,4.9,2,8.1,0,5.3,9.5,0,2,4.4,57.7,2,1,1,6.38
4.08,88.6,2,3.3,3,3.7,1,6.0,7.8,1,2,6.1,56.0,3,1,1,7.82
5.28,65.7,1,5.6,4,5.6,0,0.2,5.5,3,2,4.0,78.6,0,0,1,3.86
6.3,71.2,2,0.4,2,7.0,1,6.5,5.0,5,2,0.4,66.0,0,1,1,9.36
5.92,78.0,2,6.4,1,6.0,1,4.0,7.0,2,0,9.3,54.9,1,1,1,8.37
7.52,79.7,0,6.6,4,1.6,0,4.9,9.7,0,1,2.5,34.5,2,0,1,7.97
7.4,54.1,0,3.9,1,10.0,0,8.6,7.4,1,0,6.2,69.7,2,1,1,6.47
8.16,74.8,0,4.5,3,6.0,2,5.8,2.4,0,0,4.3,66.8,2,0,1,9.01
7.98,89.1,0,3.1,1,2.6,0,4.7,7.5,2,2,4.0,28.4,1,1,1,6.66
8.48,72.7,0,2.9,1,6.2,0,5.1,7.9,5,0,7.3,56.9,3,0,1,8.79
7.0,74.9,1,2.2,1,6.4,0,9.6,10.0,0,2,1.5,66.7,0,1,1,11.16
7.39,80.3,0,3.1,1,7.7,0,6.4,5.3,2,1,9.1,54.8,2,1,1,6.82
7.66,76.2,2,4.1,4,7.5,1,3.5,6.1,4,0,3.4,96.3,2,0,1,8.71
7.18,63.6,0,3.9,1,5.0,0,4.4,6.7,0,2,6.8,90.5,0,1,1,6.26
6.48,77.5,0,6.4,1,1.7,1,2.8,4.3,1,1,7.2,34.8,0,1,1,3.72
6.57,91.9,2,3.4,3,6.5,1,4.5,4.1,4,1,3.0,55.0,2,0,1,7.02
5.94,63.3,3,0.8,4,1.9,1,9.2,6.6,1,3,5.9,79.4,1,1,0,8.84
7.55,72.8,3,5.8,2,8.2,0,5.1,2.7,4,1,3.3,58.3,1,1,1,6.3
6.88,58.7,1,1.2,3,3.9,0,2.4,3.2,1,0,1.7,74.7,0,0,1,5.18
6.14,91.2,0,2.3,1,6.9,1,6.5,7.4,1,1,6.3,47.0,0,0,1,8.3
6.14,76.7,1,3.6,3,4.1,0,4.6,6.8,0,0,0.8,28.6,1,1,1,5.62
5.43,66.1,2,3.9,3,4.4,0,6.8,8.3,3,0,2.7,73.9,1,1,1,7.38
8.27,79.3,0,0.9,3,3.7,0,4.9,6.7,0,0,4.6,53.4,0,1,1,8.14
7.1,61.1,0,2.0,2,7.1,2,8.8,5.8,0,0,6.7,100.0,0,0,1,7.98
5.88,63.5,2,0.8,4,4.1,0,3.4,8.4,1,0,2.9,78.8,0,1,0,7.4
8.05,57.6,0,4.2,2,7.2,1,2.8,5.0,1,1,2.9,38.8,1,1,1,6.53
6.27,63.1,1,5.1,3,4.2,0,7.7,5.1,2,3,3.2,73.5,0,0,1,8.07
5.17,97.0,1,1.2,3,5.0,0,0.9,5.7,2,1,2.5,58.6,3,1,1,3.59
8.33,67.7,2,4.8,1,5.6,2,5.1,6.7,2,2,5.8,70.5,0,1,1,8.58
6.3,84.5,3,4.7,4,5.8,4,7.3,5.7,0,2,1.6,45.5,0,0,1,11.33
6.47,66.3,0,2.1,3,3.5,0,0.5,2.8,5,1,1.8,66.2,0,1,1,4.57
7.05,88.6,1,0.0,3,7.0,2,5.6,5.3,0,0,1.5,81.2,2,1,1,8.6
8.49,63.6,0,1.5,2,4.9,1,2.1,5.7,2,1,0.8,76.4,2,0,0,8.06
7.03,78.5,0,2.2,3,6.7,0,1.3,6.0,3,2,6.5,81.9,3,0,1,6.15
5.44,78.7,1,5.7,2,5.5,0,3.0,4.9,4,1,6.6,100.0,4,1,0,7.37
7.71,100.0,0,3.0,4,6.8,0,5.1,6.8,4,1,0.2,50.7,2,0,1,8.72
6.37,86.8,1,1.6,1,4.6,0,3.9,2.6,2,1,7.5,96.1,2,0,1,3.5
9.45,69.7,0,3.4,2,3.8,1,8.0,6.6,2,0,5.1,65.9,2,1,1,9.87
7.0,87.6,2,1.1,1,6.4,1,5.7,9.4,2,1,3.0,52.3,2,0,1,12.11
4.09,100.0,0,4.0,3,4.4,1,4.4,4.6,2,1,1.6,59.9,3,0,1,5.98
7.46,55.2,5,1.6,2,8.7,1,2.5,5.9,0,0,4.7,78.1,1,1,0,6.32
9.53,66.2,0,1.9,3,5.6,1,6.0,5.3,2,0,5.7,52.6,1,1,1,10.63
9.05,74.7,0,3.8,3,2.5,0,10.0,5.3,0,1,5.4,20.8,1,1,1,11.53
9.38,72.2,0,6.0,2,4.2,0,3.9,3.7,0,0,3.8,76.8,1,0,1,5.92
5.67,73.3,2,6.7,3,3.3,0,4.2,9.8,2,1,5.1,64.5,3,0,1,7.12
8.19,59.7,0,1.5,3,7.9,1,3.1,6.6,5,1,3.6,49.6,1,1,1,8.93
6.06,97.7,1,2.2,2,7.2,1,8.2,4.5,0,1,3.3,34.8,2,0,1,6.39
7.29,58.1,1,4.0,2,5.4,0,7.6,4.2,0,1,7.2,68.1,0,1,1,7.5
5.35,75.2,1,5.1,1,6.1,1,4.5,5.9,0,0,6.4,85.8,2,1,0,6.32
6.16,92.6,1,0.0,1,5.3,1,4.1,1.5,2,2,7.2,42.1,0,1,1,6.37
6.12,77.6,1,3.3,2,7.4,1,3.3,7.9,0,0,2.5,65.6,2,0,1,8.67
8.17,64.3,0,2.4,2,6.6,0,4.8,4.8,4,0,3.8,100.0,1,1,1,8.97
8.04,59.1,0,0.1,2,7.0,1,7.8,6.6,1,1,6.9,79.0,1,1,1,10.04
7.36,74.8,1,1.1,4,5.1,1,5.6,6.7,2,0,2.4,60.1,1,0,1,8.44
5.24,67.4,2,2.3,1,4.1,0,8.5,7.7,3,0,5.5,58.1,0,1,1,9.15
6.59,80.9,3,3.3,3,7.0,0,3.8,6.8,0,0,1.6,50.6,1,1,0,5.76
6.03,58.4,0,4.8,3,8.9,3,0.2,7.3,1,0,4.5,61.7,1,0,1,4.79
8.13,89.4,1,3.8,3,7.9,2,10.0,7.8,2,0,1.5,51.9,0,0,1,10.19
8.53,79.6,0,4.7,2,9.0,0,6.0,5.1,2,0,5.8,54.9,2,0,1,8.54
8.37,80.7,0,3.2,1,5.9,1,7.3,10.0,0,1,3.7,57.9,1,1,1,11.42
6.02,98.2,0,2.1,3,3.4,1,3.7,6.5,3,2,3.5,28.1,2,1,1,7.15
3.5,71.9,0,2.9,3,3.6,0,2.4,5.7,1,0,7.6,57.4,1,1,1,4.81
4.7,67.8,0,4.3,3,8.5,1,5.9,4.1,0,1,4.8,100.0,0,1,0,6.7
8.85,70.3,0,4.9,1,1.4,3,0.9,5.4,2,1,5.2,33.0,0,0,1,9.86
6.48,75.3,1,3.0,2,8.8,0,4.9,6.6,3,2,7.0,91.5,2,0,1,6.51
6.02,76.7,1,1.7,2,3.8,0,7.9,6.0,3,1,3.3,82.0,1,1,1,7.1
9.14,66.4,0,3.7,2,9.7,1,6.5,9.5,4,0,2.7,73.9,1,0,1,12.92
8.64,49.7,0,4.0,3,5.3,0,6.1,5.0,3,0,3.2,50.5,0,1,1,6.71
7.03,70.1,0,5.2,1,7.1,0,9.5,7.2,4,1,8.5,79.6,5,1,0,10.6
6.62,83.0,1,2.1,1,10.0,1,6.4,3.5,1,4,8.4,98.1,2,1,1,10.17
6.83,79.9,0,2.1,1,4.8,0,1.1,10.0,4,1,4.9,83.2,1,0,1,7.57
7.3,94.8,0,4.4,1,4.7,0,5.2,3.4,3,2,5.3,66.7,2,0,1,9.28
9.08,100.0,0,2.5,1,4.0,1,9.9,9.9,1,0,7.0,62.2,1,1,1,13.03
7.55,88.6,0,2.5,1,3.3,0,4.8,5.5,1,2,10.0,49.0,1,0,1,8.42
7.94,97.4,0,5.2,2,4.8,0,9.8,1.3,7,1,4.5,64.0,2,0,1,10.94
8.52,88.7,0,1.0,3,4.3,1,7.9,8.5,1,2,7.2,72.8,2,0,1,9.31
5.48,100.0,0,6.5,3,2.7,0,4.6,6.0,3,1,4.6,62.8,3,0,1,5.09
7.98,100.0,0,2.2,2,5.0,0,3.0,4.9,0,2,7.0,60.5,1,0,1,6.32
6.62,91.3,1,4.6,1,6.5,0,6.3,7.1,0,1,8.3,60.7,1,1,1,5.31
3.73,87.9,1,3.0,3,3.5,2,8.4,7.1,0,1,4.4,98.7,0,1,1,8.66
4.23,75.1,2,3.6,2,5.1,0,1.9,6.6,1,1,4.9,65.6,2,1,0,7.1
5.68,77.4,1,2.8,1,8.6,0,5.8,8.1,6,1,5.5,66.3,1,1,1,8.69
7.69,73.3,0,4.6,2,2.4,1,0.8,6.3,2,0,5.8,14.1,2,1,1,6.92
7.15,86.7,1,2.6,4,9.7,1,4.7,7.1,1,1,5.7,81.4,3,0,1,6.62
7.24,67.9,0,2.3,2,4.0,1,1.7,4.8,0,0,8.0,73.8,4,0,1,5.57
9.54,75.3,0,6.1,4,5.9,0,6.8,7.3,3,1,5.8,72.9,1,0,1,10.21
5.35,45.0,1,3.2,1,8.3,0,3.9,4.8,1,1,4.9,74.2,0,1,0,5.24
6.96,100.0,1,2.1,1,9.0,0,8.2,3.6,1,1,4.7,43.1,2,0,1,8.4
7.4,74.9,1,0.8,1,6.5,0,4.3,5.4,2,1,4.1,56.3,1,1,1,6.47
6.04,84.4,0,6.2,3,4.0,0,4.0,5.2,2,0,4.4,97.3,0,0,1,6.23
7.04,98.4,0,2.3,2,3.8,1,1.8,7.7,0,1,7.1,34.0,4,0,1,7.01
4.92,82.2,1,6.5,2,4.2,0,6.4,2.9,1,3,3.7,35.3,1,1,1,8.0
8.83,98.2,0,3.8,4,9.7,0,6.6,8.0,2,4,2.6,32.7,1,0,1,10.36
6.11,60.6,1,3.4,2,4.7,0,7.7,4.6,3,1,6.5,58.4,0,1,1,7.4
9.64,100.0,0,3.5,1,6.2,1,7.0,0.9,1,0,5.3,94.0,0,0,1,8.63
6.96,93.2,2,6.7,3,3.2,2,6.4,3.4,2,1,3.6,67.6,1,1,1,9.29
8.34,80.9,0,0.0,1,3.0,0,6.9,5.2,0,0,8.6,83.8,0,1,1,6.91
6.93,98.0,4,3.5,2,5.6,0,7.1,6.7,2,0,5.1,22.1,1,1,1,7.35
6.96,61.6,1,2.8,3,4.8,0,7.6,5.5,0,2,2.3,45.2,0,1,1,8.18
6.24,74.0,1,2.9,2,4.9,0,2.0,3.4,3,2,5.2,48.4,1,0,1,3.5
7.15,98.2,1,3.4,2,2.2,1,4.4,4.2,1,0,6.0,94.1,1,0,1,6.87
7.41,51.9,1,2.8,2,5.3,0,1.8,3.4,2,2,10.0,64.9,0,1,0,5.52
5.98,85.8,1,3.5,1,8.9,1,6.3,6.3,3,0,9.5,61.1,1,1,1,8.8
6.84,85.5,3,3.2,2,3.6,0,9.2,5.6,4,3,10.0,66.0,0,1,1,9.16
6.21,100.0,2,1.1,2,7.5,0,7.6,7.0,1,2,2.5,57.3,1,1,1,7.72
9.99,55.8,0,3.8,1,0.0,0,4.1,2.3,5,1,9.2,100.0,1,1,1,8.79
6.88,100.0,4,4.3,1,3.7,0,6.7,4.7,2,2,9.6,100.0,1,1,1,7.26
9.01,70.2,0,2.3,2,1.3,0,6.3,9.9,1,3,5.1,84.5,0,1,1,8.94
6.75,71.7,0,6.2,2,8.2,0,6.0,7.1,5,1,4.1,82.2,2,0,1,8.09
7.34,60.9,1,5.3,2,7.4,1,2.5,5.2,3,0,6.7,51.9,0,1,1,4.74
5.28,62.8,2,4.6,4,3.2,1,8.5,3.8,4,3,2.3,71.4,1,1,1,8.16
6.42,83.6,1,4.5,1,6.1,0,2.8,8.0,3,0,3.4,22.0,2,0,1,7.27
7.27,62.4,0,3.2,1,8.1,0,4.7,8.9,2,2,2.7,53.5,0,1,1,6.54
9.06,88.4,0,5.0,3,8.5,0,7.7,3.5,3,1,0.6,31.0,0,0,1,8.28
7.29,68.7,1,5.7,1,4.6,0,4.6,3.7,1,0,6.5,72.1,2,0,1,6.08
8.8,61.0,0,4.5,4,0.6,0,5.7,6.4,2,0,4.5,60.1,0,0,1,9.27
7.83,70.6,0,2.3,3,3.5,1,5.8,6.5,0,0,1.8,77.4,1,0,1,6.69
9.12,82.7,0,3.1,2,7.2,0,5.7,6.8,0,2,6.1,75.2,2,1,1,7.91
6.92,74.1,0,4.1,1,10.0,0,5.8,9.5,2,1,7.1,84.6,1,1,1,9.87
10.0,78.5,0,4.5,2,5.4,0,6.0,3.9,4,1,5.8,46.8,3,0,1,9.81
6.37,87.7,1,3.1,3,4.2,0,5.7,5.9,3,0,5.6,26.1,2,1,1,8.1
6.0,93.2,4,2.3,1,10.0,0,3.4,7.2,5,0,6.5,100.0,2,1,1,5.92
5.43,73.7,0,5.7,3,6.4,0,1.9,7.2,2,0,7.1,51.2,0,1,0,4.53
10.0,63.4,0,1.5,3,2.8,0,7.8,4.5,1,0,5.4,61.2,0,1,1,10.49
8.07,79.1,0,1.7,3,5.2,2,7.9,4.6,0,1,1.1,83.5,0,0,1,10.01
6.57,84.6,4,1.1,1,7.7,0,6.3,4.9,4,0,10.0,56.2,0,1,1,8.47
8.62,57.5,0,1.7,3,5.3,1,6.3,9.2,0,1,1.8,39.2,1,1,1,10.28
7.89,65.5,0,5.2,3,7.2,0,3.4,3.8,3,0,4.0,100.0,0,0,1,7.78
9.56,67.9,0,5.2,1,2.0,1,0.0,5.2,1,0,10.0,51.1,0,1,1,6.21
4.99,75.1,0,3.1,3,2.3,0,4.9,7.4,4,3,5.1,99.1,1,1,1,6.44
6.66,67.3,0,4.0,1,3.9,0,1.1,3.6,2,0,4.1,69.5,3,1,0,4.1
6.4,87.9,0,3.2,4,4.9,0,5.9,6.3,2,2,3.8,82.3,2,0,1,7.31
4.43,55.5,3,1.3,1,6.2,0,8.5,2.0,0,1,7.2,81.9,3,1,1,3.58
8.38,55.9,0,6.7,1,6.9,0,4.1,6.2,0,0,6.5,54.0,1,0,0,7.49
6.65,73.3,2,5.4,3,10.0,1,4.2,5.9,0,1,2.8,74.2,2,0,1,7.88
7.96,75.5,0,3.8,1,3.9,0,3.2,6.1,3,1,3.1,100.0,2,1,1,7.61
10.0,57.6,0,1.8,1,4.8,0,5.6,4.1,2,0,3.3,88.7,1,0,1,7.93
6.54,69.5,1,2.8,1,3.9,1,5.4,6.3,2,0,4.2,85.4,0,1,1,7.89
6.45,72.4,1,2.1,3,7.9,0,3.2,5.7,2,0,7.0,76.1,1,0,1,4.15
7.15,72.5,0,3.4,1,8.0,1,7.6,8.4,3,0,3.2,60.3,1,0,1,7.78
8.28,80.1,0,3.7,2,4.5,0,10.0,7.1,2,0,5.4,45.2,3,0,1,12.04
6.26,68.7,2,2.7,2,10.0,0,8.2,2.9,5,5,8.2,94.2,3,1,1,7.39
6.18,98.7,1,0.9,2,3.9,2,5.2,4.1,2,1,6.5,51.0,0,1,1,8.88
8.37,84.8,0,6.6,2,7.8,1,5.2,4.6,0,0,8.3,52.6,2,0,1,9.28
7.49,66.7,0,3.6,1,8.7,0,4.3,6.2,2,1,4.7,62.7,1,0,1,7.38
4.34,79.3,1,3.9,4,2.5,0,4.3,5.5,1,0,4.4,33.1,2,0,1,4.89
5.41,79.7,0,2.5,3,6.8,0,7.7,5.5,1,2,6.6,54.9,1,1,1,7.68
8.95,95.0,0,0.7,4,0.0,0,7.8,10.0,0,0,5.2,47.3,2,0,1,7.22
7.52,69.6,0,3.1,3,7.3,1,2.8,4.8,3,1,6.0,33.6,1,0,1,6.77
6.01,88.7,1,2.7,3,3.1,0,6.3,8.6,1,0,1.3,37.3,1,0,1,8.94
6.78,78.6,0,4.3,4,6.7,0,8.1,5.5,0,2,4.5,61.7,1,0,1,8.23
7.02,98.9,0,4.6,2,7.2,0,4.7,1.4,2,0,6.1,82.7,3,1,1,5.93
7.96,96.1,1,4.4,4,8.0,1,5.0,6.2,0,1,2.7,60.4,0,0,1,8.08
5.23,80.8,1,4.8,1,7.5,0,7.1,8.0,1,3,4.6,40.3,0,1,1,7.13
5.91,74.3,2,6.1,1,5.6,1,7.2,7.1,0,2,7.0,49.0,3,1,1,6.85
7.35,85.1,0,3.8,2,4.7,0,6.5,6.3,2,1,2.7,69.0,2,1,1,9.3
6.87,75.5,0,5.0,2,5.3,0,6.1,5.8,2,2,4.0,85.1,1,0,1,6.96
7.74,100.0,1,4.0,2,3.0,1,6.4,4.8,1,1,7.2,81.4,1,0,1,10.94
5.4,79.1,2,0.2,2,5.0,1,4.9,7.6,2,0,7.4,67.0,1,1,1,6.84
7.46,72.3,3,3.0,2,4.9,3,2.9,4.9,3,2,6.1,92.5,0,1,1,9.46
8.42,71.6,0,1.8,3,3.8,2,1.9,4.5,2,1,2.9,51.6,1,1,1,9.72
7.63,61.0,0,3.6,2,1.7,3,6.9,6.6,3,0,2.4,38.7,1,1,1,11.16
7.18,85.8,0,1.9,2,2.7,0,5.7,5.2,2,1,3.2,56.5,3,1,1,6.12
6.88,66.5,2,4.2,3,0.0,2,6.5,8.4,0,2,7.0,87.4,0,1,1,8.74
5.91,93.4,0,4.8,2,4.8,0,3.6,6.7,0,1,5.4,76.2,1,0,0,3.86
6.91,59.9,1,5.1,3,6.3,1,5.7,4.2,1,1,3.8,84.0,0,0,1,7.41
8.64,79.8,0,5.8,2,0.0,2,5.7,3.5,3,2,5.4,60.4,0,0,1,8.78
6.85,94.1,1,0.5,1,6.0,1,8.4,4.7,2,0,7.6,65.1,3,1,1,8.62
5.84,47.9,1,1.3,4,5.2,0,7.5,10.0,3,2,0.6,58.0,2,1,1,10.64
6.36,100.0,2,7.9,1,2.9,0,3.8,5.3,1,1,4.9,45.1,1,1,1,7.96
7.26,72.0,0,4.8,3,4.6,1,6.7,7.3,4,2,5.5,63.0,1,0,1,8.04
6.51,80.0,0,3.6,2,7.8,0,3.8,3.2,4,2,5.6,57.9,2,0,1,4.93
7.63,86.0,0,3.3,2,3.4,1,0.0,3.6,2,0,7.5,52.7,1,1,1,5.63
7.68,88.2,1,3.1,3,5.7,1,9.5,5.4,2,2,5.7,74.5,4,0,1,10.18
8.16,81.8,0,0.1,2,6.3,0,4.6,9.2,0,1,3.2,64.9,2,1,1,6.4
8.85,92.0,0,2.0,1,3.7,0,7.9,3.2,4,2,0.0,89.4,1,0,1,9.63
8.29,85.3,0,3.0,3,7.7,0,4.0,4.5,1,2,4.5,45.0,0,0,1,7.27
5.79,100.0,0,2.1,1,6.4,0,3.6,7.6,1,0,3.6,54.2,1,1,0,5.52
5.83,85.3,0,2.3,1,4.9,2,4.2,9.0,5,3,7.2,27.0,2,0,1,11.05
6.9,100.0,3,7.3,2,10.0,0,6.1,6.7,3,0,8.7,42.5,1,1,1,9.12
6.41,90.6,2,2.8,2,7.7,0,5.9,7.2,2,0,2.6,75.0,0,1,1,7.24
5.52,52.7,1,3.6,2,1.8,2,6.6,4.0,1,2,6.5,78.6,1,1,1,9.47
6.43,100.0,2,3.6,2,4.6,0,4.4,3.2,1,1,7.0,76.2,1,1,1,6.89
6.38,70.0,1,4.1,2,10.0,0,5.6,3.5,0,1,5.8,88.3,0,0,1,6.28
6.13,98.9,0,2.4,2,3.3,0,3.6,4.1,1,3,5.8,73.3,0,1,1,3.22
6.59,78.4,0,5.2,3,5.6,0,8.9,6.3,0,2,0.0,63.7,0,0,1,6.87
8.53,92.9,0,3.9,1,8.2,0,2.5,3.4,1,1,6.2,75.8,1,0,1,5.84
7.26,68.4,0,1.1,4,6.9,1,3.6,6.3,3,2,3.0,47.3,3,0,1,8.69
10.0,86.8,0,3.0,2,7.3,2,4.5,5.2,0,2,7.4,29.7,1,0,1,8.1
7.22,74.5,0,2.9,2,7.1,0,10.0,4.7,1,0,7.2,54.7,0,1,1,9.96
6.62,100.0,0,2.9,3,5.6,0,7.3,7.6,0,1,2.8,57.1,0,1,1,9.41
7.01,84.1,0,4.0,2,3.8,1,3.5,3.9,1,2,0.6,64.8,2,0,1,7.42
7.33,91.1,0,4.2,2,6.5,2,7.4,8.7,1,0,1.3,46.6,0,0,1,10.38
7.57,47.7,0,4.0,4,4.6,0,6.7,7.5,2,1,6.2,50.5,0,1,1,9.47
9.7,76.8,0,3.7,3,4.4,0,6.1,3.8,1,1,3.8,78.4,0,0,1,9.01
5.9,83.7,0,3.3,2,8.8,0,7.1,8.2,3,0,1.7,38.2,2,0,1,8.2
8.12,81.1,0,0.0,3,4.7,0,5.6,3.6,4,3,1.0,60.7,2,0,1,8.69
7.27,91.5,0,4.4,2,9.3,1,5.9,8.4,1,0,5.5,50.3,1,0,1,9.47
4.96,72.9,1,4.0,3,6.1,0,1.9,6.5,0,1,4.3,28.9,0,1,0,5.41
8.0,78.7,1,1.6,1,5.1,1,8.8,2.6,0,1,9.8,54.5,1,1,1,7.35
8.65,94.5,0,3.6,1,1.5,0,4.5,3.2,4,0,5.8,44.8,1,0,1,7.79
5.89,46.1,2,4.2,2,10.0,0,2.7,5.0,0,2,5.9,54.3,1,0,1,5.75
6.99,86.3,1,5.1,1,5.5,1,4.3,7.5,3,2,5.9,64.3,2,0,1,6.94
4.76,73.3,1,4.0,3,0.5,0,4.4,5.5,2,1,5.9,19.2,0,1,1,6.47
5.36,65.2,0,3.7,1,7.7,1,3.7,5.4,0,0,10.0,83.3,1,1,1,5.37
8.36,82.7,0,4.7,1,5.4,0,7.3,5.9,4,0,8.2,100.0,1,0,1,11.56
6.39,95.2,5,2.7,3,3.5,0,7.7,1.8,1,2,8.5,43.8,1,1,1,8.1
5.56,92.5,0,3.9,2,7.5,1,1.0,7.4,3,2,6.2,50.9,2,1,1,6.49
7.3,76.1,0,2.2,4,0.0,1,4.3,8.5,1,1,0.0,46.3,0,1,1,8.58
6.32,90.3,0,5.0,1,3.9,2,4.5,7.4,2,0,4.1,41.1,4,0,1,8.23
6.39,90.2,1,0.6,1,4.8,1,5.1,5.0,2,2,7.9,100.0,0,1,1,6.05
7.96,76.8,1,4.5,1,7.4,3,9.4,4.0,1,0,5.4,56.5,0,1,1,10.7
5.49,68.3,1,3.2,2,10.0,2,3.6,3.6,3,0,5.0,76.6,1,1,1,5.02
5.82,69.1,1,4.7,1,5.0,1,9.1,3.5,2,0,4.1,86.2,0,1,1,8.0
7.2,89.7,0,2.0,3,6.5,2,5.2,10.0,2,0,7.3,83.6,0,1,1,9.56
8.26,77.4,0,3.3,1,10.0,0,9.1,5.6,2,1,9.5,85.1,1,1,1,8.36
8.61,63.4,0,3.3,4,5.5,1,4.8,7.6,3,0,2.5,36.4,1,0,1,9.1
6.14,54.4,0,3.9,2,6.5,0,4.5,7.5,2,1,4.5,81.0,2,1,1,8.62
8.22,89.6,0,1.5,3,2.8,0,5.4,6.1,1,1,6.9,55.0,2,1,1,7.34
5.98,70.3,2,4.2,1,9.8,0,8.5,3.9,1,2,8.4,95.6,1,1,1,6.76
9.37,82.6,0,0.2,1,3.9,0,5.9,6.8,1,0,2.2,45.0,2,1,1,9.87
5.53,95.4,1,2.1,2,6.1,0,6.0,3.6,1,2,6.6,38.8,1,1,1,6.69
8.73,59.7,0,0.7,2,6.0,3,7.0,7.0,0,1,6.1,61.6,2,1,1,10.66
6.15,77.4,1,4.5,2,5.7,1,3.5,3.7,1,0,5.4,74.5,4,1,0,6.5
9.62,75.6,0,3.8,2,4.5,2,6.3,4.9,1,1,3.0,25.7,1,0,1,10.31
7.77,83.3,3,3.9,1,6.0,2,4.1,4.9,0,1,4.0,53.4,1,0,1,7.04
5.68,95.3,1,5.6,4,9.4,2,8.9,8.6,1,0,0.0,39.6,1,0,1,8.28
6.32,59.4,1,2.7,1,10.0,0,6.5,0.9,0,0,4.5,80.0,2,0,1,7.73
8.02,86.0,0,4.2,1,5.1,2,7.1,10.0,0,0,1.5,50.2,0,0,0,10.58
8.37,92.4,0,3.3,2,4.5,0,0.8,4.2,3,1,3.8,84.0,1,0,1,8.03
6.91,75.4,1,3.1,2,3.7,0,7.1,5.6,1,4,5.9,47.2,1,1,1,8.31
7.06,76.1,2,5.3,2,10.0,0,5.1,6.6,2,2,2.3,67.6,1,0,1,9.19
7.99,83.9,0,6.5,2,5.8,0,2.2,6.5,3,1,8.1,33.9,2,0,1,6.27
7.17,82.8,1,2.5,2,8.0,0,5.7,7.5,0,2,9.5,59.3,0,1,0,5.98
5.32,86.2,1,4.5,3,7.0,1,2.0,7.0,2,3,4.5,39.6,1,0,1,7.07
5.94,85.9,1,3.7,1,10.0,1,6.9,9.9,1,0,7.4,92.1,2,1,1,9.5
7.31,64.3,0,3.7,1,5.0,3,8.8,7.3,2,2,2.3,83.0,2,1,1,12.75
8.58,91.9,0,3.6,3,3.1,0,1.4,5.6,4,1,4.4,65.8,1,0,1,7.71
9.1,94.3,0,2.7,1,9.6,0,5.4,4.7,0,1,2.8,82.0,0,0,1,7.11
8.01,80.6,1,0.0,2,7.5,0,5.1,4.6,3,2,1.0,51.5,0,0,1,8.69
7.37,57.1,0,5.7,2,6.5,0,0.9,8.4,0,0,2.1,73.7,0,0,1,5.91
7.97,76.4,0,2.1,3,8.9,0,7.6,9.3,1,4,3.6,59.9,1,0,1,10.04
6.13,80.7,1,2.8,1,6.6,0,6.9,7.8,3,1,5.9,71.8,1,1,1,7.88
6.8,62.0,1,2.8,4,9.0,0,10.0,0.0,1,0,2.8,64.0,2,0,1,6.38
5.93,73.0,0,1.9,2,6.0,1,6.6,1.3,3,1,2.3,60.4,1,1,0,7.71
5.38,58.3,1,3.6,4,7.5,0,3.5,5.8,2,1,3.2,25.3,0,1,1,6.07
7.43,86.5,1,3.1,1,6.7,0,6.7,5.5,1,3,4.4,48.6,0,1,1,6.8
7.24,80.3,2,2.1,3,4.8,0,8.5,5.8,1,0,4.3,97.8,2,1,1,10.52
7.89,55.0,1,3.4,2,5.0,0,4.4,8.3,2,0,4.5,59.2,0,1,1,6.26
7.71,82.9,0,3.1,3,4.6,1,7.5,8.2,1,1,0.0,47.2,0,0,0,8.85
7.32,77.2,0,4.7,2,6.1,0,0.1,6.1,0,2,3.4,62.5,1,1,1,5.44
7.72,85.2,0,1.1,3,4.5,1,8.9,2.8,3,1,5.3,31.1,0,1,1,10.13
6.94,72.5,2,1.9,3,6.5,1,7.3,3.3,4,2,5.9,52.1,0,0,1,8.39
7.54,66.8,0,4.4,2,6.4,0,0.0,5.9,0,1,2.2,65.3,2,0,1,3.92
6.06,67.2,2,2.2,1,6.0,0,6.4,6.6,1,3,4.2,71.4,0,1,1,7.65
7.48,70.5,0,1.8,1,6.0,1,0.9,3.4,6,0,5.0,68.5,4,0,1,6.97
7.87,78.3,0,2.3,4,4.3,0,4.1,7.1,2,2,5.7,91.8,2,0,1,9.52
6.13,80.1,1,3.0,4,4.9,1,7.1,2.3,1,1,4.1,48.1,1,0,1,6.18
7.07,75.3,0,3.0,1,1.8,0,5.2,0.5,0,1,3.1,31.5,4,0,1,5.86
6.19,72.1,0,2.9,1,5.2,3,8.4,4.0,2,0,7.1,54.4,1,1,1,9.49
6.32,73.1,0,1.6,1,3.3,1,5.6,8.5,2,1,8.9,50.3,0,1,1,8.84
5.54,100.0,1,4.4,1,5.7,0,5.4,8.8,4,2,6.5,65.3,2,1,1,7.86
8.65,67.2,0,5.3,1,3.9,0,8.0,2.6,2,1,4.2,55.8,2,1,0,10.03
8.39,70.2,0,0.1,3,1.0,0,4.7,2.8,0,1,6.0,64.4,3,1,1,7.51
7.7,100.0,0,0.7,1,10.0,2,5.4,7.3,1,1,6.4,63.6,0,1,0,10.65
9.56,83.9,0,4.8,3,5.0,0,5.7,4.9,3,1,3.4,79.2,1,0,1,9.32
6.75,58.7,0,5.7,4,8.7,0,5.3,8.5,3,1,5.1,61.3,2,0,1,8.18
10.0,89.8,0,0.0,1,4.3,1,8.2,7.3,0,2,6.0,65.6,1,1,1,10.47
6.7,65.3,0,4.5,2,9.2,1,4.0,7.6,3,0,5.2,97.2,0,0,1,6.17
7.33,90.7,3,5.8,2,3.0,2,3.6,4.2,1,1,7.0,28.8,1,1,1,8.01
6.48,75.0,2,1.8,1,5.9,2,3.1,6.7,3,2,4.8,65.2,2,0,1,8.75
7.48,71.8,1,5.7,3,3.1,0,0.6,9.8,0,1,1.3,59.2,1,1,1,6.56
8.09,100.0,1,2.9,2,10.0,1,8.9,6.1,1,1,5.7,62.5,2,1,1,9.55
6.85,85.9,2,3.7,1,5.0,1,3.4,5.7,1,2,9.6,73.1,1,0,1,5.89
9.31,91.6,1,2.0,3,7.3,1,5.0,4.9,3,2,0.0,44.8,0,0,1,8.71
7.31,84.1,0,4.8,2,6.5,0,9.1,2.6,1,2,6.7,50.1,1,1,1,8.78
7.35,71.8,1,4.5,1,5.4,0,5.2,3.6,0,1,6.1,76.2,1,0,1,7.78
5.82,86.6,0,6.0,4,6.6,1,6.7,4.0,0,0,1.8,58.4,4,0,1,5.09
7.54,94.9,0,5.5,1,8.5,0,2.2,2.5,2,2,4.5,42.3,1,0,1,7.84
6.83,79.9,0,3.2,1,7.0,1,8.7,2.7,3,2,8.1,77.2,3,1,1,7.06
6.21,100.0,0,8.2,1,5.9,1,5.2,0.9,2,0,7.6,74.1,0,1,0,8.43
5.99,89.9,5,5.4,2,6.6,1,3.2,4.2,0,1,2.6,64.6,1,1,0,4.6
10.0,81.0,0,4.1,2,9.7,0,3.2,7.2,2,1,5.7,69.6,1,0,1,10.09
6.66,81.5,0,1.6,3,4.6,0,9.4,5.2,0,1,7.2,72.7,1,0,1,7.77
5.11,79.9,0,0.8,2,1.4,0,4.2,5.2,5,1,6.6,59.6,1,1,1,8.27
6.09,60.5,1,0.9,2,3.1,1,3.2,7.3,1,0,1.2,67.5,0,1,0,3.95
6.93,76.7,2,1.7,1,3.3,0,4.5,9.2,2,1,7.5,37.5,3,1,1,8.41
7.71,81.1,4,5.4,2,3.6,2,5.6,10.0,0,3,2.1,57.2,2,1,0,11.15
7.72,72.2,0,4.0,4,3.6,2,5.8,6.1,3,0,3.5,80.6,1,0,1,9.84
7.88,82.7,0,2.2,3,5.4,2,6.5,5.2,2,0,2.3,100.0,0,0,1,10.05
6.16,78.3,0,3.0,3,6.0,1,6.0,5.0,2,1,4.9,63.8,1,0,1,8.96
7.44,88.8,0,2.8,2,6.0,1,7.0,7.0,0,1,3.5,43.3,1,0,1,8.92
5.86,87.3,0,4.5,2,3.9,0,4.9,5.5,1,0,2.6,54.2,4,0,1,5.56
6.19,80.3,0,1.8,3,7.7,0,10.0,5.5,2,1,4.7,32.3,3,0,1,7.51
5.81,58.9,0,3.8,3,6.7,1,4.4,5.6,0,1,4.3,74.8,1,0,1,7.48
5.46,100.0,1,3.7,3,9.0,0,8.6,3.9,1,2,5.9,62.3,3,0,1,8.8
8.38,76.0,0,1.8,2,7.4,0,4.1,1.1,2,2,3.8,42.2,1,0,1,7.83
7.9,76.9,0,5.7,1,4.7,0,2.2,4.5,2,0,2.5,57.5,1,0,1,7.01
8.27,73.2,0,2.7,1,8.4,0,1.7,8.7,3,3,7.6,75.4,0,1,1,8.33
7.05,71.2,3,1.6,1,6.1,0,6.2,8.6,3,2,9.3,62.3,0,1,0,8.52
8.01,99.6,0,4.6,2,7.3,0,8.2,7.7,0,0,3.7,47.6,1,0,1,10.04
4.71,97.4,0,3.3,1,7.1,0,2.9,4.8,2,1,7.1,81.8,1,1,1,4.48
8.12,84.2,0,3.9,2,5.2,2,3.5,4.2,3,0,4.3,68.2,1,0,1,8.52
7.23,76.5,1,1.3,2,5.7,0,6.4,9.0,2,0,9.4,46.0,0,1,1,9.09
7.82,86.7,0,4.5,2,5.2,0,5.5,3.6,2,1,3.8,61.8,1,1,1,9.12
7.49,79.0,0,6.7,2,3.6,0,4.2,5.9,4,1,4.9,19.0,0,0,1,4.69
5.72,75.3,1,1.2,1,0.8,1,2.6,9.2,5,1,1.3,66.5,1,1,1,8.83
5.05,82.7,1,3.8,2,4.0,0,6.2,6.0,4,0,8.6,100.0,0,0,1,6.72
6.07,71.8,0,1.9,4,5.9,2,7.0,5.2,2,1,1.8,83.2,0,0,1,9.45
7.73,81.5,0,7.5,2,7.9,1,6.6,8.1,5,0,8.0,57.9,1,1,1,8.16
7.9,80.9,0,5.2,3,7.3,1,5.6,5.9,0,1,2.5,66.2,1,0,1,7.36
5.22,86.4,1,3.7,2,4.9,0,3.1,6.2,4,1,4.8,72.1,1,0,1,7.56
5.72,69.3,1,1.2,2,4.0,0,6.2,8.8,0,1,3.2,73.4,0,1,0,8.49
6.06,87.9,1,1.6,2,5.1,0,6.1,0.7,2,2,2.9,58.9,0,1,0,6.32
6.54,65.3,1,4.4,3,3.4,0,2.5,6.5,1,1,3.3,17.6,1,1,1,7.78
5.23,70.0,4,1.0,3,0.8,1,4.8,4.3,2,2,3.7,54.2,0,0,1,6.91
5.15,70.6,1,1.1,2,2.1,1,6.3,5.4,3,1,4.2,49.3,1,1,1,8.15
5.93,63.0,0,3.2,3,8.5,1,5.3,6.0,2,1,0.5,59.2,1,1,0,6.71
7.11,92.2,1,3.4,3,9.6,0,1.0,4.4,3,2,4.7,46.2,0,1,1,5.53
5.47,64.4,4,3.8,3,7.2,0,4.0,6.3,2,2,0.0,73.3,1,1,0,6.92
6.85,68.2,0,2.5,1,5.4,0,3.9,6.6,1,0,5.2,100.0,0,0,1,3.87
8.38,95.6,1,4.7,1,2.4,0,6.8,6.2,1,1,2.4,80.7,2,0,1,8.77
5.31,70.0,0,1.8,3,5.1,1,10.0,6.0,3,2,6.1,59.8,1,1,1,10.28
6.73,75.4,0,4.2,3,6.8,0,5.8,5.6,0,1,6.8,91.5,0,1,1,6.93
8.33,63.8,0,3.5,4,7.3,0,2.7,5.6,0,0,4.4,80.0,2,0,1,7.86
6.46,89.7,1,4.2,1,7.0,1,5.1,6.0,0,1,4.9,75.8,2,0,1,6.69
6.25,89.9,0,5.1,3,8.2,0,5.5,3.9,2,0,2.3,49.7,0,0,1,6.3
8.51,88.3,0,2.5,3,9.8,0,7.2,8.3,4,1,3.4,58.3,1,0,1,9.82
6.6,85.5,0,2.1,3,4.6,1,8.4,5.6,3,0,3.9,72.8,2,1,1,8.9
8.44,79.0,0,0.5,3,10.0,0,8.7,5.0,3,0,5.1,100.0,2,0,1,9.43
7.56,70.7,2,0.0,1,1.1,0,6.7,6.6,4,1,6.9,89.9,2,1,1,8.56
6.55,66.6,2,2.9,3,3.8,0,5.5,5.6,1,2,0.0,73.0,1,0,1,8.48
7.62,96.1,0,3.0,2,5.9,0,8.9,8.3,1,2,6.5,64.4,1,0,1,11.34
7.42,88.7,0,1.5,2,6.7,2,4.7,7.6,1,1,5.9,76.4,0,1,1,10.1
8.33,68.3,0,1.8,1,5.1,1,5.6,6.0,2,1,4.2,71.8,1,1,1,9.84
6.29,78.6,2,5.6,3,4.4,1,4.9,7.7,1,0,1.8,91.8,2,0,1,6.36
7.05,73.8,0,4.6,1,10.0,1,0.6,6.3,4,0,6.1,39.3,2,1,1,6.57
6.92,62.2,3,1.2,2,4.3,0,8.4,3.5,2,2,5.4,61.8,1,1,1,10.85
7.92,80.5,0,2.5,2,3.3,0,7.1,7.6,3,2,2.5,76.3,3,0,1,9.41
5.67,72.2,1,3.8,4,9.2,0,0.0,2.0,2,1,3.1,89.7,1,1,1,4.24
8.32,64.7,1,2.2,3,7.4,0,7.8,0.0,0,0,4.4,100.0,2,1,1,5.63
7.61,57.3,0,1.9,2,7.9,1,4.8,7.2,1,2,7.0,32.0,0,1,1,9.1
5.29,56.1,1,2.7,1,5.9,1,7.8,6.7,2,1,5.7,46.8,1,1,1,7.68
8.57,72.8,0,4.9,2,2.5,0,5.7,6.6,2,1,0.3,59.8,1,0,1,8.38
9.9,76.8,0,5.1,1,5.7,0,2.4,8.6,4,2,6.6,36.4,1,0,1,6.25
8.3,65.7,0,2.0,3,2.2,0,5.6,5.8,4,1,0.1,94.5,2,0,1,8.86
8.86,87.1,0,3.9,2,6.0,1,3.4,5.0,6,0,3.0,63.7,3,0,1,10.18
7.11,77.1,0,3.2,1,6.9,0,2.7,7.4,2,4,2.9,84.7,1,0,1,8.57
4.84,86.1,1,1.6,3,7.9,0,7.5,4.4,1,1,5.1,57.7,0,1,1,6.22
4.6,75.4,2,2.7,1,5.3,1,6.4,5.3,2,2,3.5,69.4,1,1,1,8.3
7.33,67.0,0,1.2,1,7.1,1,8.9,6.3,3,0,8.3,34.0,2,1,1,11.08
6.23,79.6,1,5.1,2,3.5,0,4.6,6.5,0,3,2.3,40.1,2,0,1,5.97
5.81,60.3,0,5.7,1,7.6,0,3.3,5.1,0,0,1.4,40.4,2,0,1,6.09
6.92,85.6,1,2.5,1,7.0,1,7.0,4.8,1,2,5.2,27.0,2,1,1,8.2
7.8,64.9,0,2.2,4,3.7,0,3.6,3.6,3,1,0.0,81.8,2,0,1,5.62
5.11,90.9,1,4.9,3,6.7,0,4.8,4.2,2,2,7.0,60.9,2,1,1,5.42
6.42,73.3,2,5.1,3,7.9,0,6.7,9.4,2,0,2.4,82.4,1,1,1,8.49
8.96,92.9,2,1.4,3,5.7,1,5.2,5.3,2,0,6.7,58.9,5,1,0,7.18
5.6,62.3,1,3.0,1,3.7,1,4.4,6.2,3,0,5.3,83.8,1,1,0,4.86
8.13,68.5,0,3.1,3,5.9,0,2.3,2.8,0,4,4.8,80.3,2,0,1,6.84
6.37,83.3,3,2.0,2,6.7,1,7.7,10.0,2,1,3.8,58.8,1,1,1,10.02
7.71,94.4,0,3.8,1,3.7,1,4.7,4.1,2,3,10.0,65.2,3,0,1,8.13
8.43,100.0,0,2.1,2,3.3,0,6.9,3.4,2,0,2.4,68.3,1,0,1,8.35
7.96,78.6,1,2.3,2,6.6,0,6.6,5.7,3,1,0.0,83.5,0,0,1,9.58
8.18,100.0,0,3.0,1,7.3,2,8.0,4.0,4,0,6.6,60.6,0,0,1,8.7
5.5,73.9,3,0.8,1,10.0,1,5.0,6.5,3,1,3.6,68.4,2,1,1,4.67
8.45,93.4,0,0.0,2,7.0,1,4.7,2.8,3,3,5.5,31.7,2,0,1,9.78
5.89,64.8,0,4.7,2,2.8,2,3.0,8.1,2,2,4.8,43.6,0,1,1,8.32
7.34,83.9,0,2.0,1,10.0,2,4.3,7.7,4,1,4.8,46.5,0,1,1,10.1
7.34,45.2,0,6.6,2,7.8,1,6.3,5.6,1,3,4.1,71.5,0,1,1,7.98
7.63,62.3,0,6.4,1,1.1,2,3.6,2.5,1,2,6.9,47.1,0,0,1,7.94
7.44,84.5,0,2.4,2,3.2,0,6.2,4.2,2,0,4.2,63.5,0,1,1,8.72
5.9,59.6,2,6.9,1,4.4,0,8.9,5.9,3,1,5.6,57.9,4,1,1,8.94
5.25,84.0,1,4.7,2,7.3,2,4.5,3.4,1,1,3.9,61.3,3,1,1,6.13
8.13,90.7,0,2.2,2,0.3,1,2.5,3.7,4,1,8.7,78.6,1,1,1,8.01
7.24,71.0,0,0.0,3,5.2,0,4.5,7.9,2,1,7.0,64.5,0,1,1,9.21
8.49,64.4,0,4.3,1,7.2,1,2.2,6.1,2,2,2.6,56.2,0,1,1,8.16
6.94,71.4,2,3.3,2,0.0,0,8.6,6.0,4,2,5.0,69.3,1,1,1,8.49
5.17,64.5,2,3.9,3,7.1,0,5.7,6.9,2,1,2.1,93.5,2,1,1,8.76
8.26,76.6,0,2.8,1,7.4,0,3.8,5.5,2,0,3.1,62.2,3,0,1,6.91
6.52,79.4,0,1.4,2,3.6,1,4.2,5.7,3,1,0.0,35.5,1,0,1,6.93
7.44,73.7,0,2.5,2,3.0,0,2.8,6.7,1,2,4.3,33.7,2,1,1,6.13
6.16,100.0,2,4.3,3,3.6,0,7.8,7.4,0,0,3.4,54.4,1,1,1,8.11
9.14,67.9,0,2.6,2,0.0,0,9.7,6.8,1,0,8.1,37.2,2,0,1,9.51
5.86,97.5,2,2.6,4,4.8,0,2.1,8.7,0,1,5.4,12.2,2,0,1,3.69
6.56,63.4,3,0.8,3,6.0,1,7.9,5.8,2,3,5.1,54.1,2,1,1,10.0
7.14,79.0,0,3.3,2,2.8,1,4.9,3.1,2,1,6.7,67.6,3,0,1,7.76
5.58,94.6,3,1.4,1,7.6,0,8.4,8.0,2,0,8.0,87.7,0,0,1,8.31
7.43,93.8,0,4.7,2,5.7,1,1.3,5.3,1,0,6.1,59.6,0,0,1,4.91
9.1,72.1,0,2.0,1,6.1,0,6.0,4.3,1,2,9.2,66.2,3,1,1,8.13
6.36,85.8,3,2.7,2,4.6,0,4.6,7.2,2,1,2.1,70.3,0,1,1,7.6
7.51,83.9,0,6.7,1,7.1,2,7.0,6.5,4,1,4.9,61.7,1,0,1,10.66
3.5,70.4,1,2.7,3,8.3,1,5.6,3.2,3,2,2.6,46.7,0,1,1,6.75
6.95,86.6,1,2.5,3,4.6,2,5.6,7.1,0,0,2.7,100.0,2,0,1,9.97
6.59,100.0,0,4.1,4,7.2,0,5.3,9.5,3,1,2.7,40.2,1,1,1,8.59
5.94,84.6,0,0.3,1,7.2,1,9.1,6.4,2,0,9.8,68.3,1,1,1,9.57
8.41,85.9,0,5.2,3,6.4,1,5.1,5.3,3,0,6.1,44.4,1,0,1,7.75
6.58,87.4,1,4.8,3,9.2,1,7.5,2.5,2,1,6.8,62.3,1,0,1,6.91
6.77,57.5,0,4.0,3,3.9,1,6.9,9.9,1,4,3.8,68.2,2,0,1,10.72
6.51,84.4,0,0.0,3,4.6,2,7.5,4.8,3,0,3.7,56.0,1,0,1,8.79
4.51,63.8,1,2.8,1,3.8,1,3.2,3.0,1,4,7.3,35.7,3,1,1,3.84
5.53,69.7,0,1.2,3,7.1,0,7.1,6.0,2,0,5.0,53.1,1,0,0,7.78
8.25,100.0,0,5.0,2,4.9,1,6.3,7.8,2,1,6.0,82.5,1,1,1,10.79
4.26,74.5,1,4.9,3,4.0,0,2.8,8.3,1,0,9.3,30.0,0,1,1,3.7
6.0,67.6,1,3.8,1,9.2,1,5.0,4.5,5,1,7.3,92.6,0,1,1,6.22
6.48,94.1,1,1.3,1,9.5,0,10.0,5.6,0,4,4.2,61.9,1,0,1,10.87
9.27,64.7,0,5.6,1,4.8,0,4.6,5.8,2,2,4.4,74.3,2,0,1,10.14
8.0,71.7,0,2.8,2,2.5,0,4.7,7.8,0,2,6.9,38.9,1,0,1,8.94
6.28,95.5,2,6.1,2,9.6,2,6.5,7.0,2,0,6.8,57.0,0,1,1,8.0
8.7,78.6,2,3.6,3,6.5,0,4.3,6.3,1,0,6.3,46.7,1,0,1,7.23
6.04,56.1,1,4.0,1,6.4,1,5.8,7.6,0,0,7.2,65.9,1,1,0,7.8
8.31,85.6,0,2.5,1,5.7,1,4.5,3.1,2,2,3.6,38.2,0,0,1,9.21
5.23,72.4,2,5.5,2,3.7,2,6.4,6.6,1,1,8.5,47.6,2,1,1,8.03
8.4,99.6,0,4.2,1,4.6,0,5.4,6.2,0,1,9.1,100.0,3,0,1,10.7
6.47,69.5,0,5.5,2,7.0,0,10.0,5.7,3,1,4.1,72.9,0,0,1,10.13
5.66,92.7,2,3.5,3,4.5,0,5.6,5.3,1,1,4.8,67.6,0,1,1,6.65
6.72,100.0,0,3.1,4,6.5,0,5.0,6.1,0,0,3.4,67.3,2,0,1,6.26
7.36,66.1,0,4.2,1,5.5,0,7.9,4.7,0,0,5.1,89.2,2,0,1,7.96
6.36,75.3,1,5.5,1,3.2,1,2.3,10.0,0,1,3.3,57.5,0,1,1,7.21
7.72,83.4,0,4.8,3,9.1,0,9.4,8.5,5,3,5.3,78.7,0,1,1,10.34
6.24,66.0,0,3.4,1,6.8,1,3.2,8.0,0,0,2.6,12.8,1,1,1,5.14
7.81,81.8,0,0.2,3,6.2,0,8.2,4.7,0,1,2.6,57.6,2,0,1,7.56
7.57,74.9,1,4.5,2,6.7,2,8.9,3.9,0,2,8.9,53.8,1,1,1,9.53
6.92,74.6,0,0.9,3,1.6,1,4.3,5.4,1,0,5.0,49.5,3,1,1,7.24
6.43,78.7,1,3.3,1,4.4,0,4.5,6.0,2,2,6.9,74.8,0,1,1,6.67
7.2,79.0,1,3.0,4,2.1,0,5.2,2.9,1,0,2.3,57.3,3,1,1,6.44
7.72,80.3,0,0.9,4,5.8,0,6.9,6.8,0,1,0.0,56.8,0,0,1,6.62
9.68,69.6,0,3.8,1,6.2,0,3.2,8.0,4,1,7.0,44.3,0,1,1,10.47
8.22,70.2,0,6.6,2,5.8,0,5.2,1.3,4,1,6.1,52.1,2,0,1,6.35
8.27,76.3,0,2.7,2,8.1,1,4.8,4.0,2,0,6.8,19.9,1,1,1,8.37
10.0,77.4,0,4.4,1,2.2,1,2.9,8.3,4,5,5.1,53.7,1,0,1,9.75
7.67,71.9,0,7.0,4,3.7,1,3.1,6.5,1,2,2.1,31.7,6,0,1,8.14
7.63,82.5,0,4.6,1,6.4,0,5.8,4.1,1,2,7.3,90.9,2,0,1,9.38
7.92,52.6,0,2.2,1,6.1,1,5.8,7.3,2,0,3.1,74.7,0,1,1,9.8
5.69,67.8,1,3.6,1,2.6,1,3.7,4.6,0,1,7.9,78.3,2,1,0,4.97
6.42,74.1,0,4.0,2,8.1,1,5.7,5.3,0,0,4.6,33.6,5,0,1,7.32
6.34,66.0,0,5.5,3,8.9,1,4.0,3.5,3,0,4.7,76.8,1,0,1,6.46
7.84,100.0,0,5.1,2,6.4,1,8.5,5.8,1,0,10.0,46.7,1,1,1,7.98
6.77,78.3,0,0.0,3,2.2,0,5.3,7.8,2,1,3.4,65.5,1,0,1,8.87
7.18,80.5,1,1.8,1,5.9,1,8.0,4.8,3,1,6.3,56.3,0,1,1,12.08
8.41,71.2,0,3.1,3,6.2,1,1.6,7.1,2,1,4.1,32.4,1,1,1,9.07
8.12,77.8,0,1.6,2,4.9,1,6.2,5.7,3,0,0.4,39.2,0,1,1,7.87
6.79,61.0,0,0.0,2,8.5,1,6.9,8.0,1,0,6.4,73.2,0,1,1,10.87
6.13,75.6,0,2.0,2,5.2,0,5.2,4.9,3,0,0.0,72.5,2,0,1,6.17
8.48,64.9,0,3.2,4,10.0,1,4.3,8.9,3,0,4.7,32.6,3,1,1,8.76
8.01,74.1,0,2.4,3,7.2,1,5.1,7.2,0,1,2.4,82.7,0,0,1,7.5
4.91,42.2,0,1.6,3,6.1,1,7.2,6.3,3,3,2.3,52.4,3,1,1,8.89
6.59,62.2,0,3.3,2,7.5,0,2.7,6.4,3,2,4.9,34.4,1,1,1,4.61
7.22,98.5,0,3.7,1,8.9,1,7.1,4.9,4,1,3.0,49.0,2,0,1,8.38
8.01,89.6,0,2.5,2,7.5,0,6.2,4.7,1,2,4.7,32.9,3,1,1,9.49
8.18,96.5,0,5.4,3,5.3,0,4.9,6.3,1,1,1.5,45.5,2,0,1,10.65
7.37,97.4,2,3.3,3,4.0,0,5.0,3.4,2,2,1.0,50.4,2,0,1,4.92
7.76,87.4,0,1.8,2,3.0,1,5.6,4.6,1,1,4.5,70.3,0,1,1,9.34
7.08,71.7,1,1.4,2,0.1,1,9.3,3.9,2,0,7.8,76.3,5,1,1,7.94
6.12,63.5,1,2.9,1,5.9,1,6.3,6.9,2,1,7.7,81.3,2,1,1,7.82
6.66,94.1,1,5.0,1,4.6,2,3.3,7.0,1,0,4.7,75.7,3,1,1,6.09
7.02,78.9,0,1.9,3,4.8,0,4.5,8.3,2,0,3.6,21.9,0,1,1,8.55
6.95,100.0,2,4.2,4,7.8,0,2.9,5.1,4,1,1.8,31.1,0,0,1,7.56
4.55,72.9,2,3.4,2,5.3,0,1.2,4.2,1,3,2.3,82.0,1,0,1,4.43
6.48,100.0,1,6.4,3,9.7,0,2.8,2.9,2,0,1.6,50.7,1,1,1,6.2
7.07,75.8,0,3.8,3,4.2,0,5.8,6.3,5,0,4.6,57.2,1,1,1,9.2
6.63,96.7,1,2.1,1,3.4,1,8.4,8.6,0,1,4.3,72.7,1,1,1,7.99
6.68,100.0,1,4.4,1,2.7,0,7.8,5.7,3,0,5.9,85.8,2,0,1,8.77
7.63,63.7,0,4.4,1,7.1,1,2.8,5.9,1,0,3.7,69.4,0,1,1,6.24
5.6,71.2,0,2.6,4,8.0,3,3.7,5.8,1,0,4.8,42.8,0,1,1,6.62
4.88,63.5,2,1.3,1,4.2,0,3.3,6.3,2,0,7.5,35.6,3,1,1,5.94
6.55,60.8,0,4.1,2,3.2,0,0.0,7.8,3,3,8.6,38.6,1,1,1,7.7
7.99,87.3,0,3.3,2,8.9,1,5.1,9.6,0,1,8.1,84.5,1,0,1,8.72
9.19,75.2,0,0.8,3,2.3,1,7.3,6.8,4,1,1.9,77.2,2,0,1,12.85
8.02,78.7,0,3.6,1,7.7,1,4.9,6.9,1,1,4.0,60.9,3,0,1,8.13
5.09,85.8,0,2.2,4,4.2,2,2.6,5.3,3,1,3.8,31.5,2,0,1,4.97
6.7,52.0,1,0.8,2,6.4,1,3.6,5.6,2,1,3.0,77.8,0,1,1,5.74
7.33,96.0,0,2.6,4,7.9,0,4.7,5.6,1,2,3.5,63.8,3,0,1,5.63
7.23,73.1,0,5.3,2,6.5,0,7.3,5.1,0,1,4.2,44.7,1,0,1,8.17
7.7,85.5,0,5.1,2,4.9,1,5.1,6.1,2,1,7.1,58.9,1,0,1,10.63
5.81,86.7,2,4.7,3,8.6,2,7.0,7.0,2,2,6.2,70.1,1,1,1,10.64
7.08,97.2,0,3.6,2,6.1,0,5.3,5.9,2,0,4.3,51.1,1,1,1,8.34
7.55,76.5,0,4.2,1,10.0,0,6.0,5.2,1,0,1.8,39.3,2,1,1,9.27
8.07,48.3,0,3.4,3,1.7,0,3.3,6.1,2,1,6.3,63.8,6,1,0,8.08
5.95,78.8,1,1.4,2,1.7,1,3.9,3.9,0,0,3.6,65.0,1,0,1,7.03
6.55,80.8,2,1.8,2,7.7,2,2.6,7.4,1,1,4.9,22.1,4,1,0,7.58
3.5,63.5,0,2.2,3,5.4,1,6.9,5.0,1,1,3.7,58.6,1,1,1,5.47
6.19,80.1,0,5.4,3,7.2,1,4.8,3.5,2,3,4.9,43.1,0,1,0,6.2
6.32,72.9,1,4.9,2,3.1,2,0.0,6.7,0,3,3.6,69.5,3,0,0,5.87
5.67,59.2,1,1.5,2,5.6,2,6.6,6.8,1,0,2.4,25.9,1,1,1,6.38
7.22,87.4,0,3.3,1,6.5,0,7.7,4.1,0,1,6.3,34.5,2,1,1,7.33
6.93,70.1,1,2.6,2,4.3,1,3.6,7.0,1,0,6.9,13.1,0,1,1,6.77
4.06,72.3,2,3.0,1,6.0,1,6.6,7.1,0,1,5.7,68.3,0,1,1,7.72
7.28,71.5,0,2.3,1,2.5,1,5.0,9.7,1,1,5.7,30.0,2,1,1,8.52
5.79,95.3,1,5.4,3,6.4,1,0.6,5.3,1,0,1.3,33.5,1,0,1,6.29
7.63,77.4,0,3.2,1,8.7,1,10.0,5.7,4,3,7.2,58.2,2,1,1,11.06
5.33,79.1,2,3.5,1,2.8,0,5.0,4.6,3,1,7.3,56.8,0,1,1,5.43
7.04,71.8,1,3.6,3,2.6,0,6.0,6.8,1,1,3.8,72.7,2,1,1,9.7
6.63,84.5,0,1.6,3,8.1,3,4.1,5.8,1,1,1.8,74.8,2,0,1,9.72
7.39,96.9,0,3.4,3,2.6,0,4.8,7.8,2,1,4.2,82.6,0,0,1,8.08
7.16,87.1,0,4.9,2,7.3,0,5.9,4.9,2,1,5.4,92.3,2,0,1,7.02
6.67,87.6,0,5.6,2,5.6,2,3.1,6.7,3,0,4.9,80.9,1,1,1,10.47
5.0,86.5,1,1.4,4,4.6,0,9.4,5.3,5,0,0.5,66.7,0,1,1,8.73
5.08,58.7,0,0.8,1,8.7,0,7.4,2.1,4,1,6.6,64.3,3,1,1,8.19
6.24,65.7,0,3.3,1,7.5,0,6.7,7.1,1,0,6.4,72.3,0,1,1,9.05
6.99,75.1,0,5.0,1,6.1,1,5.2,2.3,3,0,7.0,19.6,1,1,1,7.96
6.21,67.8,3,3.8,3,0.8,0,3.7,5.5,4,3,3.7,56.9,1,1,1,6.2
7.81,63.1,0,4.3,1,7.1,1,7.9,5.5,0,1,9.0,23.5,2,0,1,8.84
6.64,51.8,4,1.0,2,3.1,0,6.9,5.8,1,1,5.0,45.3,2,1,1,7.14
5.75,59.1,1,2.3,2,5.0,1,4.6,5.9,2,2,8.2,30.5,1,1,1,7.42
6.64,74.4,1,0.0,4,5.5,2,3.0,5.9,1,0,3.5,67.8,2,1,1,7.49
7.29,77.0,1,3.0,2,9.7,0,1.9,6.5,1,1,2.3,72.0,2,0,0,5.66
7.42,66.9,0,0.0,2,4.9,1,5.6,5.6,2,0,6.9,84.3,3,1,1,7.82
9.44,79.1,1,5.3,4,2.4,1,4.9,10.0,0,2,2.2,40.7,0,0,1,10.02
6.13,71.9,1,5.7,1,8.7,1,8.2,5.1,2,0,5.0,46.8,3,1,1,6.88
6.9,93.3,2,3.4,2,7.1,0,7.8,3.4,3,0,7.4,81.7,3,0,1,7.7
7.55,75.7,0,0.8,1,7.2,0,5.6,3.0,2,2,3.1,49.8,1,0,1,7.94
6.97,87.7,0,3.8,1,8.8,0,5.3,7.1,1,1,2.0,45.6,3,1,1,7.67
6.35,80.8,0,6.2,1,9.3,0,2.9,2.6,3,0,5.5,74.3,1,0,1,4.71
4.99,58.4,3,4.0,2,3.5,0,7.9,3.4,3,1,5.7,70.4,0,1,1,6.78
6.34,76.7,0,5.1,1,2.4,0,5.4,3.1,1,1,8.0,79.1,0,0,1,4.68
5.6,60.7,1,2.4,3,7.4,1,6.9,6.7,3,0,4.3,69.6,0,1,1,7.44
4.76,76.5,0,1.8,2,4.9,0,8.2,8.5,1,0,0.0,52.1,1,1,1,5.42
5.97,67.6,0,3.1,2,5.1,0,4.2,3.9,3,1,2.8,87.5,0,1,1,6.14
5.64,83.3,2,0.1,3,3.0,2,3.6,6.6,1,1,1.1,77.7,3,1,1,7.72
7.76,59.2,0,6.8,4,6.8,3,10.0,0.5,1,0,0.0,59.7,2,1,1,9.44
7.78,78.2,1,3.4,2,6.4,0,6.9,4.3,2,0,4.6,77.7,1,1,0,5.56
5.82,86.0,0,4.6,1,5.2,1,4.9,7.0,1,1,7.2,59.7,4,0,1,8.22
6.66,90.7,0,2.5,1,2.4,2,8.4,5.2,0,0,8.2,41.5,3,1,1,9.16
4.58,67.3,2,0.7,3,8.2,1,4.8,7.8,0,2,5.1,62.2,1,1,1,5.7
6.36,78.2,1,5.5,3,6.1,1,6.2,1.3,2,1,2.7,98.5,0,0,1,6.3
7.52,80.6,0,1.4,2,8.0,1,4.2,4.3,2,1,7.5,80.8,1,1,1,8.67
8.07,99.7,0,3.8,1,0.9,1,5.5,6.7,2,2,5.5,68.3,0,0,1,9.73
6.07,57.3,4,3.9,2,5.6,0,4.9,6.7,1,1,5.1,42.1,1,1,0,7.47
8.37,65.2,0,3.3,3,3.9,0,3.8,6.8,3,1,2.5,36.3,1,0,1,6.46
5.03,100.0,1,1.9,2,5.6,0,6.1,6.2,2,2,4.4,55.1,0,0,1,7.68
5.38,74.2,2,3.0,1,7.6,0,4.0,3.5,1,0,5.0,47.9,1,1,0,3.92
7.92,51.5,0,1.7,2,6.3,0,6.8,4.2,1,0,1.8,60.4,0,1,1,6.24
9.17,69.8,0,4.5,3,5.5,0,4.8,10.0,3,1,5.5,63.0,0,0,1,9.6
7.64,39.2,0,4.1,4,5.5,0,1.5,3.3,3,2,3.4,31.5,0,1,0,6.86
6.95,81.4,1,3.2,1,2.1,0,6.9,3.0,3,0,7.8,43.2,0,1,1,7.69
4.15,89.3,1,2.3,4,3.5,1,7.0,7.2,0,1,1.4,52.9,2,1,0,7.05
4.37,65.2,1,6.6,2,8.0,0,10.0,3.7,2,0,6.6,68.7,2,1,1,6.08
7.17,71.4,0,1.1,3,4.4,1,5.5,9.4,4,0,0.4,69.5,1,1,1,7.25
6.53,90.9,1,0.7,3,8.0,0,5.9,10.0,1,1,5.2,39.3,2,0,1,8.55
5.56,53.5,1,3.1,2,7.3,0,6.6,5.3,0,2,6.6,35.5,1,1,1,7.08
7.09,59.5,0,2.8,1,7.4,1,7.8,6.4,4,2,3.6,41.1,2,1,1,9.71
7.15,74.8,3,5.0,1,6.2,0,7.7,2.2,1,0,8.6,75.9,0,1,1,6.82
8.23,67.5,1,4.2,3,4.5,1,6.2,7.9,3,3,7.6,50.5,1,1,1,10.54
7.18,73.9,1,3.2,2,5.2,0,5.4,1.3,2,0,3.7,62.1,4,0,1,6.05
8.6,60.3,0,4.0,2,6.9,0,7.4,3.1,0,1,8.3,68.3,0,1,1,8.92
7.01,81.0,1,4.0,2,0.8,1,5.3,6.0,0,1,1.1,84.6,1,1,1,8.45
6.85,75.9,1,6.6,1,8.2,0,2.5,6.9,1,1,5.7,35.6,2,0,0,6.09
8.38,85.7,0,3.6,1,4.4,0,2.0,2.8,1,3,0.0,84.3,0,0,1,6.26
5.73,80.8,1,2.1,3,5.3,0,4.8,4.7,1,0,6.1,71.6,1,1,1,6.14
10.0,80.9,0,3.5,2,5.3,0,5.8,2.5,2,0,1.5,93.4,0,0,1,5.28
7.49,57.8,0,0.0,1,5.4,0,10.0,5.2,2,1,1.5,88.1,2,1,1,9.55
7.5,84.9,0,3.1,2,2.6,0,5.2,4.2,2,1,5.6,62.2,3,1,1,5.66
7.68,73.4,1,4.9,4,5.8,0,5.6,4.5,3,1,5.4,45.0,0,1,1,8.52
9.44,75.7,0,4.2,1,6.8,2,4.6,7.1,4,1,5.1,73.2,1,0,1,11.7
8.03,92.7,0,3.7,1,1.0,0,6.9,6.4,2,2,6.3,37.6,1,0,1,6.32
4.91,67.9,1,4.2,2,2.6,1,6.1,6.9,0,1,9.1,64.3,1,1,1,7.73
8.82,96.9,0,5.0,1,7.5,0,4.0,5.5,5,1,3.8,45.1,2,1,1,8.71
6.56,98.2,1,5.5,1,7.1,0,3.2,7.2,2,1,3.7,55.2,1,0,1,7.21
7.14,88.5,0,3.9,1,6.2,0,4.6,5.7,1,0,8.5,16.4,0,1,1,7.81
5.34,64.3,1,2.7,1,4.0,0,3.6,4.8,3,1,6.5,58.3,2,1,0,6.21
7.68,47.4,2,0.0,2,7.1,0,5.0,6.9,2,2,8.3,62.4,4,1,1,8.38
6.15,93.1,2,4.8,1,2.9,0,5.8,5.0,0,0,3.0,49.3,1,0,0,4.97
7.13,79.6,0,4.0,2,5.2,1,4.3,5.1,1,0,0.9,58.3,1,0,1,6.19
6.63,67.6,1,3.4,3,2.6,0,8.8,7.9,3,3,0.7,38.3,0,1,1,12.23
9.5,94.4,0,2.1,1,5.1,0,8.2,7.7,2,3,7.6,75.6,2,0,1,12.08
9.58,65.9,0,4.7,1,3.2,1,5.0,5.2,1,0,8.8,60.5,1,1,1,9.28
7.06,72.1,1,2.8,4,7.2,1,3.3,7.5,1,1,5.5,100.0,0,1,1,6.34
7.08,85.3,0,3.1,2,6.5,0,5.4,3.2,2,1,6.3,65.8,1,0,1,7.49
6.51,62.4,2,3.1,3,4.2,0,5.2,5.2,1,1,6.9,67.6,1,1,1,6.3
8.44,76.5,0,3.9,2,7.9,2,5.4,4.3,1,0,3.6,50.6,1,0,1,11.22
6.57,93.2,2,1.4,4,3.4,1,4.6,5.8,2,2,0.0,83.8,0,1,1,9.4
6.45,81.0,0,4.1,1,5.4,0,3.1,7.3,1,2,2.3,51.4,1,1,0,5.61
8.27,95.5,0,2.0,1,4.1,0,5.6,6.9,3,0,2.7,94.6,0,1,1,7.79
6.3,93.9,2,2.1,3,7.1,2,4.7,6.6,0,0,0.0,94.0,0,0,1,7.24
6.95,78.1,1,4.6,1,6.9,1,4.9,6.1,2,1,2.9,49.8,2,0,1,9.44
4.94,45.3,0,1.6,2,8.4,1,5.7,5.5,5,2,2.9,54.5,5,1,1,9.5
7.92,62.5,0,4.6,1,5.7,1,5.3,8.2,0,0,7.4,45.5,0,1,1,5.91
9.52,88.7,0,3.4,2,0.0,0,5.7,2.7,4,1,5.7,33.3,0,0,1,9.5
7.94,56.3,1,0.6,3,4.6,1,4.6,4.5,1,0,7.5,65.9,1,1,0,8.84
8.9,73.4,0,5.4,2,8.9,0,6.3,6.6,3,2,2.1,60.1,2,1,1,9.47
5.9,82.7,0,3.7,2,4.8,1,3.8,8.9,1,0,5.9,73.2,2,1,1,7.62
7.31,98.6,0,3.8,1,1.3,0,3.0,5.1,1,2,9.0,59.0,0,1,1,8.61
5.77,69.9,2,4.8,1,6.5,0,3.5,5.3,3,0,4.8,77.4,0,1,1,7.54
6.7,69.0,1,5.6,3,6.7,1,3.9,3.2,1,3,3.0,59.0,3,0,1,7.65
8.0,77.3,0,3.5,1,3.9,0,2.5,4.7,0,2,9.2,56.1,1,0,1,6.71
7.13,82.9,1,4.2,2,5.0,2,1.6,7.2,1,1,4.2,61.7,1,0,1,7.28
5.16,75.8,1,3.8,2,3.6,1,6.7,9.0,3,1,8.3,75.2,1,1,1,9.27
5.29,92.7,2,2.7,2,6.6,2,8.4,5.2,1,1,1.6,52.6,3,0,1,8.55
5.2,66.8,2,0.7,2,5.6,0,6.8,4.2,2,0,8.7,78.2,2,1,0,7.74
7.64,79.7,0,3.5,3,2.9,1,4.4,5.9,0,0,6.9,45.3,0,1,1,6.18
9.68,84.2,0,5.4,2,5.5,1,1.6,2.6,0,1,2.8,53.7,1,0,1,6.14
8.77,72.4,0,4.1,1,3.9,0,5.9,8.3,1,0,5.3,22.7,3,1,1,8.26
4.54,89.8,0,1.5,4,8.7,0,1.8,3.3,1,3,0.1,53.2,2,1,0,5.75
8.85,80.1,0,5.0,1,7.5,0,5.3,6.4,0,1,4.9,37.6,1,0,1,8.93
8.22,89.0,0,2.7,3,5.2,0,3.7,6.4,3,0,0.4,71.1,4,1,1,8.0
4.99,80.7,0,0.0,1,5.7,0,0.3,7.1,1,1,1.9,70.2,1,1,1,4.63
6.61,83.3,1,4.8,2,7.7,1,8.9,6.3,3,1,2.1,84.3,2,0,1,7.67
8.42,69.1,0,1.7,2,5.1,1,2.6,5.8,3,0,7.4,93.2,1,0,1,8.59
7.72,69.2,0,6.0,1,7.2,0,4.7,6.7,2,1,1.7,56.7,1,0,1,6.6
5.3,95.1,1,5.0,3,8.8,0,5.2,7.5,1,1,7.2,45.2,0,0,1,5.82
7.79,86.9,0,2.8,1,4.4,1,4.4,9.4,1,2,8.1,69.4,0,0,1,12.31
4.22,63.7,0,3.9,2,9.1,0,6.6,3.6,1,1,8.0,52.2,2,1,0,6.3
6.71,80.5,1,7.1,3,8.5,1,3.8,2.1,2,1,4.8,47.9,1,0,1,6.77
8.48,44.8,0,4.8,2,6.0,0,6.4,2.7,2,1,8.8,59.7,0,1,1,7.89
7.02,70.0,1,3.6,2,4.5,1,6.2,2.2,4,0,1.7,48.2,0,1,1,9.54
6.35,91.5,0,7.8,2,6.0,2,2.3,3.4,3,1,8.1,100.0,2,0,1,5.8
8.16,76.2,0,3.4,1,5.0,0,6.0,3.1,1,1,10.0,54.7,2,0,1,6.98
8.27,79.7,0,4.1,4,3.8,0,3.1,5.0,2,0,2.4,59.4,0,1,0,8.1
8.7,35.8,0,1.7,2,6.7,1,2.8,7.5,3,3,4.9,76.2,1,1,1,9.17
8.14,72.5,0,0.5,2,3.2,0,6.2,7.1,4,0,2.9,100.0,2,0,1,9.5
8.41,82.7,0,2.7,2,4.8,2,4.6,4.6,3,1,5.2,55.5,1,1,1,8.63
7.95,84.5,0,3.3,2,4.8,1,6.4,4.7,1,0,5.4,22.6,0,1,1,8.98
7.35,91.5,2,3.7,1,2.5,1,6.4,9.8,2,1,0.6,58.5,0,1,1,8.99
7.12,75.1,0,0.9,1,6.9,0,2.2,7.0,3,2,7.4,25.9,0,1,1,5.27
6.69,75.7,1,4.3,2,5.0,0,7.2,6.1,1,1,7.6,49.7,1,1,1,8.97
5.42,59.4,1,1.9,1,8.4,0,6.2,6.0,4,0,4.0,90.0,3,0,1,6.38
5.76,75.1,1,4.2,1,5.0,0,4.2,5.2,3,2,5.0,44.0,3,0,1,5.35
6.63,60.3,3,4.7,2,4.6,1,5.2,9.8,0,2,7.0,39.1,0,1,1,7.24
7.31,52.1,1,2.6,2,3.5,1,7.3,5.4,3,1,2.9,77.2,1,0,1,9.41
8.87,62.8,0,1.7,2,5.6,0,4.8,6.1,3,0,6.7,55.6,0,1,1,7.57
6.95,99.1,1,5.7,3,5.6,1,10.0,2.5,1,1,4.7,84.2,0,1,1,11.15
8.3,74.2,0,4.6,2,7.1,0,8.9,4.5,0,0,10.0,54.4,2,1,1,9.84
8.4,81.1,0,3.4,1,5.6,0,5.8,4.7,4,0,5.7,72.9,2,1,1,8.71
6.7,70.8,2,5.5,3,10.0,0,5.0,6.8,2,1,2.8,29.2,1,0,1,6.35
7.77,52.9,0,3.3,2,6.5,2,5.1,4.2,1,3,5.6,41.3,1,1,1,10.06
6.68,91.1,0,2.2,2,3.3,1,4.1,5.9,1,1,5.3,56.3,1,0,1,7.53
8.72,47.6,0,1.6,3,3.1,2,5.8,4.6,3,1,7.8,51.9,0,1,1,9.23
7.83,70.2,2,3.0,1,6.7,0,7.1,3.6,3,2,9.6,100.0,3,1,1,9.06
5.45,77.2,1,4.4,2,3.3,2,2.4,3.5,1,3,3.3,80.3,1,0,1,6.7
7.21,81.2,2,5.4,1,6.8,0,7.0,5.5,0,2,5.6,79.8,0,0,1,7.06
9.14,67.8,0,3.2,1,7.5,1,7.6,6.0,2,0,4.4,56.6,0,1,1,8.56
6.76,52.3,2,5.1,2,7.5,0,6.8,5.4,2,0,3.0,32.1,0,1,1,9.0
7.58,66.8,3,2.9,1,3.6,0,5.2,4.1,0,2,0.0,93.5,2,0,1,7.89
7.71,67.5,0,1.9,1,7.5,1,6.7,5.5,1,3,9.9,27.6,2,1,1,9.13
5.65,67.2,1,1.1,2,6.2,1,8.5,5.2,4,1,3.5,49.0,1,1,1,9.79
7.66,91.6,0,2.4,2,4.2,0,5.4,3.7,2,2,4.0,71.5,1,0,1,8.7
5.19,61.0,0,1.2,2,5.1,0,5.6,6.0,0,0,10.0,100.0,0,1,0,5.34
6.19,82.2,0,6.4,1,6.5,3,10.0,9.4,1,0,4.5,94.8,1,1,1,10.79
8.4,80.2,0,3.9,2,4.0,1,6.2,5.5,1,5,4.6,72.5,0,1,1,11.86
7.46,91.4,0,3.0,2,6.2,0,3.2,2.9,1,0,5.6,100.0,0,0,1,5.01
6.6,76.1,0,6.0,2,8.7,1,7.5,8.7,1,2,5.8,50.1,1,1,1,11.47
7.58,89.1,0,1.1,3,7.6,1,6.4,8.3,2,2,2.6,69.0,3,0,1,13.39
6.92,75.6,2,3.0,4,5.7,0,4.0,8.7,2,1,5.6,89.2,2,1,1,7.78
7.02,84.1,0,6.4,1,6.0,0,3.0,5.7,3,1,6.4,32.0,0,1,1,4.93
7.85,57.0,0,3.0,2,4.3,0,6.0,4.2,2,1,5.3,67.5,0,1,1,7.87
6.05,41.1,0,7.1,3,4.4,0,5.4,4.0,1,3,2.5,68.8,0,1,1,6.94
7.05,83.3,0,4.5,2,2.1,0,2.6,8.1,6,0,4.7,68.2,2,0,1,7.74
6.59,84.0,0,5.3,4,6.1,0,5.3,9.0,0,0,5.2,39.1,0,0,1,8.51
4.94,84.7,0,5.3,3,7.0,0,5.2,4.0,3,2,6.2,68.7,0,1,1,5.96
5.8,70.7,0,3.2,3,5.3,0,5.4,0.8,1,2,3.0,65.9,1,1,0,6.31
9.04,98.9,0,2.4,1,3.6,0,6.6,5.8,4,0,4.2,49.0,6,0,1,9.97
7.5,71.6,2,3.0,1,5.6,1,1.4,4.0,2,2,8.0,75.6,2,1,1,7.18
5.28,83.9,4,1.6,2,8.5,1,2.9,4.4,5,1,5.7,87.0,1,1,0,5.81
5.0,86.3,2,3.1,2,7.5,0,4.4,5.3,1,2,7.0,45.9,1,1,0,6.9
6.85,100.0,0,3.2,3,5.4,2,8.6,6.6,0,2,1.8,69.9,0,0,1,8.8
9.03,73.6,0,5.9,4,10.0,0,10.0,4.2,3,0,3.0,87.6,4,0,1,10.77
6.76,68.9,1,4.1,1,10.0,0,5.5,6.1,3,3,8.0,88.0,1,1,1,8.88
8.7,57.0,0,7.0,2,4.4,0,5.6,5.5,4,1,3.4,56.9,4,0,1,8.02
7.46,99.7,1,0.0,3,5.0,0,0.0,1.2,0,0,8.3,81.4,1,1,1,2.58
7.61,83.9,0,1.3,3,7.0,1,7.6,6.9,0,2,7.7,55.1,1,0,1,8.93
5.26,84.3,0,2.6,3,3.5,0,6.5,4.9,2,0,3.5,76.4,1,1,1,7.87
8.22,100.0,0,5.6,2,7.4,0,6.2,3.3,2,0,4.5,45.2,0,0,1,8.25
6.56,82.6,0,3.0,4,5.7,0,2.6,4.3,4,1,3.7,29.6,2,1,1,7.61
8.12,59.8,0,0.9,2,6.3,0,10.0,6.2,3,1,5.4,70.7,3,1,1,11.72
5.94,75.3,0,2.8,1,4.2,0,9.0,5.9,3,0,8.8,77.6,0,1,1,9.37
7.23,64.4,0,1.3,1,3.8,1,6.2,7.1,1,1,4.0,74.1,1,1,1,8.57
7.46,72.5,0,1.0,2,1.1,0,7.8,6.7,3,0,3.0,43.7,1,1,1,5.45
6.8,72.4,1,6.4,3,8.8,0,5.6,3.5,1,1,4.6,10.5,4,1,1,7.52
7.53,69.8,1,2.6,2,7.6,1,7.4,0.0,4,1,6.1,77.5,1,1,1,11.35
6.65,58.5,2,3.5,2,7.0,1,2.5,6.0,0,0,4.9,89.2,0,1,0,5.17
6.16,100.0,1,3.1,2,6.3,0,0.3,7.1,2,3,7.1,22.1,3,1,1,5.64
9.09,82.2,0,2.8,3,0.4,1,2.6,5.4,4,2,7.1,53.9,0,0,1,10.89
8.36,74.8,0,1.9,1,3.8,0,3.6,7.1,1,2,7.7,41.3,1,1,1,8.36
6.01,88.6,2,2.7,2,4.9,1,4.0,3.8,1,0,5.9,64.9,1,1,0,6.65
7.74,84.6,0,3.7,1,3.1,0,6.5,5.1,0,1,5.5,86.7,1,1,1,7.24
6.03,81.9,1,5.5,2,1.8,2,4.9,4.0,0,0,5.2,55.3,1,0,1,7.21
5.46,87.6,0,4.7,2,3.3,1,5.4,7.2,2,2,1.9,49.9,3,0,1,8.12
8.34,79.9,0,1.2,2,5.6,1,2.8,4.0,2,0,2.3,67.8,3,0,1,7.68
4.78,87.4,1,4.8,2,5.6,0,2.6,9.9,1,1,7.9,17.5,1,0,1,4.41
8.2,88.5,0,4.0,4,7.5,1,5.6,4.8,0,2,7.0,76.8,0,0,1,11.05
6.67,80.3,1,2.2,4,10.0,1,4.3,7.4,2,0,0.0,81.2,3,1,1,7.63
6.72,74.9,0,3.5,1,7.0,1,5.5,4.8,3,2,7.3,60.1,0,1,1,7.35
7.53,99.4,0,4.1,1,5.1,0,6.8,8.5,2,0,2.5,51.2,2,1,1,7.92
7.76,71.3,1,3.3,1,9.5,0,9.3,8.4,2,1,9.8,54.4,1,1,1,8.9
5.93,83.5,2,4.0,1,2.0,0,5.5,5.2,0,1,6.0,54.5,0,1,0,5.98
7.93,83.8,1,1.8,1,0.9,1,9.7,6.3,4,0,10.0,58.9,2,1,1,10.62
7.15,69.5,0,6.4,3,3.5,1,6.4,8.3,1,0,2.5,28.8,1,1,1,9.76
5.37,66.7,0,0.1,4,7.3,0,7.1,6.4,3,1,1.8,68.3,2,0,1,6.38
6.78,73.0,0,4.1,1,5.9,0,7.9,4.0,2,2,6.9,52.7,1,1,1,6.85
8.8,71.1,1,3.8,3,3.0,2,7.2,5.9,0,2,6.1,60.4,1,0,1,8.04
9.18,57.6,0,4.2,3,3.9,0,3.7,4.3,1,2,5.9,48.4,0,1,1,8.07
7.93,68.9,0,2.1,2,2.8,0,8.0,6.1,3,3,7.2,67.6,2,1,1,10.76
5.45,81.7,1,5.1,3,2.8,0,4.6,4.2,1,3,3.5,86.6,2,1,1,2.52
7.64,95.7,1,3.0,4,8.9,1,6.2,6.5,0,4,5.3,64.2,3,0,1,9.65
8.11,85.8,2,1.3,4,5.2,1,5.8,2.2,2,1,8.1,27.3,1,1,1,7.48
7.94,41.6,0,1.4,3,9.4,0,8.1,3.6,4,2,5.8,60.1,2,1,1,10.76
8.02,87.0,0,3.4,2,3.5,0,6.4,4.2,2,1,3.1,64.2,1,0,1,10.33
7.47,70.2,0,0.6,1,6.6,0,2.3,5.5,1,1,7.0,58.9,0,1,1,4.27
6.91,84.3,1,6.1,4,6.0,2,10.0,2.8,2,2,0.0,44.7,3,0,1,9.74
6.21,77.8,1,4.9,1,7.4,0,7.4,4.0,2,0,7.6,59.1,0,0,1,8.5
4.53,75.3,1,6.1,2,6.1,1,4.2,7.4,1,2,1.2,76.8,1,1,1,7.76
7.44,76.6,0,6.0,1,7.7,1,2.9,7.6,2,1,7.7,54.1,0,0,1,7.58
7.24,77.7,0,2.6,2,6.7,1,7.7,0.7,3,2,4.9,87.6,4,1,1,9.85
7.72,96.8,0,1.8,1,3.1,0,3.2,4.6,2,3,8.3,47.0,2,0,1,7.79
5.26,77.7,2,0.0,3,7.1,1,7.3,8.3,0,1,4.1,39.4,1,1,1,9.05
7.84,93.2,0,2.6,2,5.3,0,8.0,6.6,5,1,8.3,55.4,0,0,1,11.3
9.67,91.2,0,6.0,2,3.8,0,4.0,6.6,0,2,6.3,19.3,1,0,1,8.11
7.1,87.3,0,1.9,2,7.0,0,3.8,6.9,2,2,7.5,59.8,3,1,1,8.33
6.92,53.0,1,2.9,2,7.5,1,4.4,3.9,0,1,4.1,53.4,1,1,1,6.64
7.4,93.6,1,2.3,3,4.4,0,3.2,6.2,1,0,3.0,73.7,1,0,1,7.36
9.64,71.6,0,3.8,4,4.7,1,6.0,6.7,2,1,0.0,25.8,1,0,1,9.29
5.67,88.0,1,5.3,3,2.4,0,6.4,6.0,0,0,1.4,75.3,1,1,1,6.91
7.26,64.4,0,0.7,2,1.5,0,7.2,5.0,2,2,5.2,63.1,2,1,1,9.0
5.96,61.4,1,1.0,3,5.0,0,3.6,5.7,3,1,4.2,91.7,0,1,1,7.54
6.29,100.0,2,5.6,2,7.2,0,7.4,3.5,1,1,5.9,56.6,1,0,1,7.14
6.94,64.6,0,4.4,2,4.2,1,3.2,7.0,0,1,3.4,66.8,4,1,1,5.87
8.75,94.0,0,2.8,3,8.6,2,7.4,2.9,0,0,4.4,72.7,0,1,0,9.16
9.34,79.7,0,5.9,2,5.0,0,2.1,4.2,1,0,8.1,19.3,3,0,1,4.98
7.58,72.1,0,1.0,2,5.1,0,9.1,7.2,1,0,6.0,82.2,2,0,1,8.69
6.51,77.4,4,4.7,3,4.9,0,4.3,6.4,1,1,4.1,57.4,3,1,0,4.91
10.0,59.8,0,3.1,2,7.7,0,6.9,4.8,2,1,5.7,34.6,2,1,1,9.72
6.44,77.8,1,4.2,3,3.4,0,7.1,2.4,1,0,6.9,58.5,2,1,1,7.92
6.26,62.8,0,0.0,2,5.2,0,2.6,5.7,3,2,5.4,83.4,4,0,1,7.53
4.69,72.5,0,2.8,2,4.3,0,7.4,4.5,2,1,3.8,53.2,1,1,1,5.02
8.81,91.0,0,4.4,3,4.3,0,4.2,6.8,1,1,2.8,62.1,0,0,1,8.23
8.26,81.6,0,3.1,1,5.6,1,4.8,4.8,0,0,4.7,20.0,1,0,1,10.34
10.0,57.2,0,5.2,1,5.3,1,4.0,2.3,1,0,4.7,42.9,2,0,1,7.38
5.19,89.9,2,5.2,2,7.8,0,9.2,3.0,0,0,6.8,74.2,2,1,1,7.27
8.9,77.9,2,1.7,1,5.5,1,2.8,4.9,1,1,9.9,81.2,3,1,1,9.02
7.09,70.4,0,4.5,1,6.7,1,6.5,6.0,1,0,5.1,64.2,2,1,1,6.56
8.05,88.5,0,1.6,3,5.9,0,4.1,3.5,3,1,1.9,71.7,1,0,1,7.81
4.86,75.7,2,3.3,1,8.6,0,8.0,4.3,2,1,3.1,52.0,3,1,1,8.22
8.91,61.7,0,4.2,2,4.8,1,10.0,7.4,1,0,9.0,60.4,0,0,1,10.59
8.02,100.0,0,1.9,1,4.8,0,4.1,8.0,2,1,8.2,38.8,1,1,1,6.38
6.95,77.8,1,4.5,1,7.1,0,5.8,6.4,4,2,4.4,50.2,1,1,1,10.05
7.84,76.9,0,2.4,2,4.8,0,4.6,5.2,3,0,5.3,59.4,0,1,1,5.67
6.0,72.3,1,2.3,4,6.6,0,7.9,4.6,2,1,6.2,28.7,1,1,1,5.31
6.25,94.5,0,4.3,2,10.0,0,4.9,6.9,0,2,4.9,100.0,1,1,1,5.23
6.4,70.7,2,1.9,2,3.3,1,7.6,5.2,1,0,7.0,45.9,2,1,1,7.65
4.59,56.4,0,1.8,2,8.9,1,4.6,7.6,2,1,4.6,64.2,0,1,1,5.17
8.12,68.5,0,4.9,2,4.4,2,10.0,7.7,2,2,4.3,35.0,2,0,1,10.71
8.55,96.6,0,3.4,2,8.4,1,0.5,6.6,2,0,0.0,0.0,0,0,1,6.12
6.09,89.6,1,0.9,1,7.0,0,6.4,4.8,3,0,5.1,94.2,1,0,1,8.77
7.45,74.4,1,4.6,1,6.8,1,5.5,5.0,1,2,4.8,61.1,1,0,1,8.77
6.65,97.2,1,2.5,2,5.2,3,5.4,2.5,2,3,6.2,16.5,3,1,1,9.41
7.43,88.5,0,1.0,2,4.9,1,6.2,5.7,3,2,5.6,39.5,0,1,1,11.11
6.18,74.3,0,0.0,3,3.9,0,5.6,5.6,3,2,4.5,100.0,1,1,1,9.61
5.85,75.7,0,4.6,2,5.5,1,6.0,3.0,0,0,7.2,69.6,1,0,1,5.38
8.37,82.6,0,1.8,3,5.1,0,6.4,10.0,2,1,0.0,8.4,3,0,1,8.47
6.92,66.4,1,1.2,2,5.9,1,9.5,6.9,0,1,4.9,49.8,1,0,1,8.8
9.63,78.1,0,4.2,2,2.4,1,0.0,4.1,1,2,2.3,56.3,0,0,1,7.28
7.06,82.3,0,4.5,2,5.5,0,9.7,9.9,0,1,2.1,70.5,2,1,1,11.19
5.8,54.4,1,1.9,1,8.3,1,10.0,4.8,3,5,5.3,59.8,0,1,1,9.38
8.6,75.3,0,4.7,4,7.6,1,1.5,7.5,1,0,3.0,25.3,2,1,1,7.12
7.82,73.8,0,6.5,2,5.6,0,5.6,6.0,1,0,6.2,47.3,0,0,1,7.43
7.94,92.4,0,5.4,2,10.0,1,8.7,4.9,3,0,6.0,41.9,4,1,1,11.57
8.55,52.2,0,5.1,2,4.2,0,7.6,5.1,1,1,3.1,75.0,0,1,1,9.9
6.15,72.7,0,3.7,3,5.3,0,9.4,8.7,5,1,3.5,49.1,4,1,1,9.05
6.83,71.3,1,2.5,1,2.3,2,6.4,7.6,1,1,9.3,48.9,2,1,1,10.13
6.78,91.4,1,3.1,3,4.6,0,0.8,5.6,0,1,7.7,54.8,1,1,1,4.53
5.32,77.4,2,3.9,1,9.4,2,8.5,1.7,1,1,5.3,42.8,1,1,1,8.42
6.66,100.0,2,1.2,1,4.7,1,7.0,6.4,0,1,6.2,90.2,2,0,1,6.77
8.74,87.3,0,2.0,3,2.1,0,8.9,3.3,1,1,1.9,82.5,3,0,1,6.91
7.31,72.3,0,0.9,1,7.4,1,2.0,6.9,3,1,8.4,83.4,0,1,1,7.11
5.25,81.4,0,3.6,2,6.4,0,2.7,4.4,0,0,10.0,35.3,0,1,1,3.22
4.98,73.0,2,3.3,2,7.3,1,5.5,4.6,3,2,3.8,67.0,0,1,0,7.24
9.16,90.0,0,2.2,4,4.8,1,8.6,4.5,4,0,5.7,75.8,1,0,1,10.07
6.88,59.3,3,4.5,3,3.3,1,9.2,7.8,2,1,5.7,39.5,0,1,1,10.2
6.16,66.5,0,1.5,2,5.1,0,3.8,2.3,2,1,4.6,36.5,2,1,1,6.0
6.64,84.4,0,2.1,3,6.7,1,4.6,7.3,0,1,2.4,40.2,0,0,1,8.17
5.08,95.2,2,4.4,1,5.3,0,10.0,6.5,3,0,10.0,30.8,3,1,1,9.42
8.85,47.2,0,4.7,2,6.4,1,4.2,5.7,3,0,6.8,80.9,2,0,1,10.22
6.49,97.2,0,1.9,3,4.3,1,7.1,4.9,3,1,6.2,79.1,0,0,1,8.85
8.78,76.0,0,3.6,3,6.4,0,4.5,6.8,0,2,3.5,53.5,1,0,1,6.59
7.07,51.6,0,2.0,3,5.5,0,6.6,4.9,2,3,4.1,58.7,0,0,1,9.53
8.86,36.0,0,2.9,3,3.9,0,3.5,4.9,2,2,1.2,46.4,1,1,1,8.16
7.33,56.6,0,3.4,2,5.8,0,3.6,5.9,4,1,6.8,100.0,2,1,1,8.47
8.11,77.7,0,4.1,4,4.6,0,4.6,9.2,2,0,2.1,51.3,1,0,1,9.21
7.93,77.1,1,3.7,1,6.9,0,4.2,2.8,2,0,3.6,49.4,0,1,1,6.42
7.81,86.9,1,3.6,2,7.4,0,4.8,6.8,4,1,3.0,57.4,2,0,1,8.23
7.45,70.3,1,1.5,3,6.6,1,6.7,5.5,1,2,9.5,33.7,1,1,1,11.15
6.7,62.5,2,3.8,2,1.9,0,9.8,5.4,0,0,4.3,65.4,0,1,0,6.85
9.49,72.2,0,4.1,2,3.4,0,4.1,2.7,3,0,5.8,88.5,0,0,1,7.32
5.82,78.5,2,4.3,3,4.1,1,3.2,2.3,1,1,1.3,56.5,2,1,0,6.61
7.01,81.2,0,2.0,2,3.7,1,5.5,6.5,4,2,4.6,76.0,0,1,1,9.03
7.02,67.0,1,4.7,1,4.3,1,3.5,3.3,2,0,2.8,20.8,2,0,1,6.04
7.52,90.6,0,1.1,1,7.5,0,1.7,7.8,2,1,6.9,40.9,0,1,1,7.61
6.44,69.3,2,2.5,2,7.0,0,7.9,3.8,0,0,2.9,61.9,1,1,0,8.59
7.41,65.8,0,2.8,2,4.6,1,5.7,6.9,3,0,6.8,23.0,1,1,1,9.02
6.78,70.4,2,1.2,1,6.8,1,5.9,4.6,6,2,1.9,66.6,1,1,1,7.78
4.94,93.0,1,2.7,3,6.2,1,1.1,4.6,2,2,2.5,53.8,1,0,0,5.39
7.01,76.1,0,3.6,1,5.4,0,4.2,4.0,0,0,8.7,65.9,1,1,1,6.28
5.57,68.3,1,0.3,3,8.0,1,2.2,6.7,2,0,7.5,55.3,1,1,1,4.87
4.75,91.0,3,2.6,4,4.0,0,5.5,7.2,1,1,3.0,56.7,4,0,1,8.03
7.18,100.0,1,0.4,2,5.6,0,5.8,5.2,3,2,4.1,7.9,1,1,1,8.86
7.63,80.9,0,6.5,4,3.2,0,5.8,7.0,0,1,3.3,38.2,1,0,1,6.62
7.68,95.3,0,3.5,1,3.3,1,4.0,5.8,3,1,10.0,70.2,1,1,1,8.92
7.74,92.5,0,3.4,2,2.5,1,3.5,3.1,2,3,4.4,31.7,2,0,1,8.41
4.49,69.5,1,3.6,4,3.3,2,5.1,6.6,2,4,3.0,40.4,0,1,0,7.54
5.23,78.4,2,4.2,3,5.7,2,6.3,5.2,0,0,1.6,51.3,1,1,1,5.88
9.57,60.0,0,4.8,1,4.8,0,4.2,0.6,3,0,4.4,53.1,1,1,1,7.13
5.64,75.1,1,0.7,1,4.9,0,3.3,5.0,3,2,7.0,74.3,2,1,1,5.63
7.79,69.2,0,5.3,1,4.8,0,3.4,2.4,1,0,8.1,64.6,2,1,1,6.24
6.11,72.4,0,5.2,4,9.4,0,4.0,3.3,1,1,3.7,46.8,0,1,1,5.36
7.1,67.5,0,3.1,1,3.0,0,4.5,5.3,3,2,7.9,25.7,1,1,0,8.22
6.18,74.0,2,3.0,2,2.8,0,3.0,5.6,2,2,2.7,100.0,1,0,1,6.57
7.73,85.5,0,0.0,2,3.6,0,4.5,4.1,2,4,2.5,60.8,2,1,1,8.83
7.18,76.3,0,1.2,2,5.3,0,8.3,6.9,2,0,6.8,78.3,0,0,1,9.52
6.42,51.9,2,4.0,2,6.6,0,4.8,5.6,1,2,3.9,12.3,1,1,1,8.03
5.63,67.6,1,5.1,2,6.9,0,2.7,5.0,0,1,2.3,52.6,0,1,0,3.9
7.35,56.7,0,4.4,2,7.6,0,0.3,5.9,2,1,5.5,51.8,4,0,1,6.81
5.42,81.4,0,3.1,2,5.3,0,9.7,8.2,1,1,5.2,50.7,3,1,1,10.87
7.56,85.0,0,6.3,2,4.6,1,8.1,1.5,0,0,4.6,75.6,0,0,1,9.32
10.0,81.6,0,4.8,2,9.1,2,6.2,8.4,3,1,8.7,54.7,0,0,1,9.97
8.76,67.0,0,2.6,2,0.0,1,8.2,4.6,4,0,9.3,51.4,0,0,1,12.29
7.93,81.5,0,6.7,3,5.6,1,6.7,4.2,2,0,6.2,59.7,2,0,1,9.58
6.89,71.4,1,1.4,2,6.4,1,5.3,5.0,2,0,6.0,60.5,1,0,1,8.85
4.48,62.1,0,0.8,2,9.6,1,2.6,4.0,2,1,8.2,35.8,0,0,1,4.4
5.28,88.4,1,2.5,1,1.8,3,9.9,3.7,2,1,6.4,79.8,1,1,1,8.4
8.67,89.5,0,2.0,1,4.6,0,4.5,7.5,3,0,5.6,48.4,0,0,1,10.13
5.97,91.3,1,2.6,3,2.5,1,4.6,6.1,2,1,2.7,57.9,2,1,0,6.84
6.09,69.5,0,4.5,3,1.5,0,5.6,2.0,0,0,2.2,89.9,2,0,0,4.58
6.78,94.5,3,3.1,1,5.1,2,5.6,7.1,1,1,8.1,100.0,1,1,1,7.04
5.62,71.1,0,3.2,2,7.3,0,6.8,6.9,4,0,1.5,69.4,0,1,1,6.01
5.41,87.1,0,3.3,2,8.2,1,6.6,2.8,3,1,3.6,25.2,3,0,1,7.52
6.93,70.8,1,0.0,3,4.3,2,4.2,6.2,1,0,3.2,54.3,1,0,1,8.84
5.84,74.9,0,0.8,1,7.0,1,5.6,7.0,1,0,2.8,94.3,1,0,1,7.67
6.04,44.1,1,2.6,4,5.1,0,6.7,2.6,2,1,2.1,55.4,2,1,1,6.79
5.98,73.8,1,1.9,1,6.7,0,4.0,6.4,2,0,6.2,76.7,2,1,1,7.76
7.68,79.3,1,2.8,4,8.0,1,8.8,4.4,2,0,5.4,76.4,1,0,1,11.15
6.7,72.3,1,5.4,1,5.1,1,5.5,6.9,0,1,4.8,45.9,2,1,1,6.65
6.77,100.0,0,3.1,2,7.9,0,9.2,3.9,3,0,5.2,97.9,1,1,1,8.9
7.78,61.7,3,1.1,1,2.8,1,2.3,7.9,0,2,2.6,68.6,3,0,1,7.53
6.82,70.1,1,1.9,1,6.9,0,7.0,5.3,0,2,3.2,59.5,1,0,1,7.33
6.64,65.3,0,5.9,4,7.8,0,3.5,4.6,2,1,0.0,56.7,3,0,1,6.8
7.61,70.1,0,5.7,2,7.5,2,4.0,4.4,0,1,7.3,36.6,2,0,1,9.37
7.87,92.4,0,4.2,1,2.9,1,7.6,7.5,2,1,5.2,44.2,2,1,1,7.72
6.81,98.7,1,0.7,4,5.0,0,5.0,4.4,1,0,3.5,39.5,2,0,1,6.69
7.1,68.2,1,3.7,1,6.2,0,10.0,7.9,1,1,7.2,100.0,0,1,1,9.83
5.98,67.9,0,3.8,1,6.5,1,6.7,6.2,1,0,7.9,80.7,1,1,1,7.45
5.88,61.8,3,3.2,1,5.8,0,3.9,3.0,1,3,10.0,39.8,1,1,1,6.8
8.0,96.3,0,2.3,2,8.6,0,6.7,5.9,3,0,4.9,96.9,3,1,1,8.41
7.58,93.7,0,2.6,4,2.6,1,5.0,5.9,0,1,1.4,87.3,0,0,1,6.95
7.59,76.5,3,2.2,1,5.0,0,7.4,3.0,1,1,7.6,47.1,2,1,1,8.73
7.37,58.5,1,1.4,3,1.8,0,4.8,5.8,1,0,9.4,70.6,2,1,1,5.57
7.06,59.7,2,5.4,1,6.9,1,6.4,6.9,1,1,4.8,46.4,1,1,1,7.82
7.91,80.4,0,4.6,1,6.7,0,6.0,8.1,1,0,4.2,80.5,0,0,1,7.26
8.22,85.7,0,2.7,3,10.0,0,5.7,8.0,1,0,0.0,69.8,3,0,1,10.09
8.18,49.1,0,3.8,3,7.8,0,7.9,10.0,1,0,0.0,51.5,0,1,1,9.71
6.87,73.5,0,3.8,2,6.2,1,1.4,5.8,3,1,8.3,35.2,1,1,1,5.21
8.8,100.0,0,6.9,1,6.1,1,5.7,6.9,4,1,5.6,58.7,0,0,1,10.43
7.3,75.0,0,4.6,1,4.8,2,3.9,4.6,1,0,3.4,69.8,1,0,1,6.35
7.82,98.9,1,4.5,3,5.8,2,2.4,9.6,2,0,4.0,86.0,0,0,1,8.86
7.37,87.1,0,3.3,2,6.1,2,3.6,4.0,0,1,10.0,72.6,1,1,1,5.86
7.32,62.8,0,2.5,2,1.2,0,4.1,9.5,0,1,5.0,78.5,2,0,1,5.62
6.04,73.9,0,5.4,1,5.9,2,5.0,9.2,1,2,10.0,45.0,0,1,1,9.56
7.91,76.2,0,4.2,3,5.7,1,6.3,4.2,3,1,1.8,20.4,2,0,1,8.37
10.0,64.7,0,1.9,1,9.4,0,6.7,7.9,3,3,9.4,26.2,0,1,1,12.37
6.51,64.4,1,3.9,2,5.2,0,4.6,6.7,2,3,3.7,54.2,0,1,1,5.19
7.09,99.1,0,4.5,3,3.8,0,9.1,5.0,1,1,2.2,44.5,0,0,1,9.35
6.42,64.3,1,0.0,1,6.1,1,4.6,5.5,1,2,3.8,57.5,2,1,1,6.92
6.37,93.1,3,1.7,2,5.7,1,1.0,6.3,2,0,4.3,74.7,2,1,0,6.68
9.01,71.9,0,3.8,2,5.2,1,4.7,6.5,0,0,7.2,72.6,0,0,1,7.85
6.13,77.6,2,0.1,2,2.7,0,5.6,8.8,1,0,3.9,13.1,3,1,0,7.88
6.38,85.9,2,0.4,4,5.2,1,0.0,6.9,1,0,5.5,100.0,0,1,1,4.97
4.94,69.6,2,2.8,2,4.2,0,8.3,4.3,2,0,3.4,67.8,0,1,1,7.18
6.02,86.0,0,4.0,1,5.0,0,5.3,7.3,3,1,5.8,65.8,2,1,1,9.0
4.78,49.3,2,4.1,2,7.1,1,2.8,2.3,1,2,3.8,57.0,1,1,0,5.22
7.82,84.2,1,5.7,2,4.0,0,3.3,5.0,2,1,9.2,54.4,1,1,1,6.28
10.0,43.4,0,3.3,2,5.0,2,7.3,5.2,2,0,6.2,82.0,2,1,1,9.86
6.52,74.8,2,2.6,3,6.7,1,7.5,7.1,1,0,4.7,40.5,2,1,1,9.09
4.83,90.0,1,1.1,1,4.9,1,4.0,9.3,1,2,5.4,66.1,1,1,1,8.32
8.17,86.7,1,2.6,1,10.0,0,2.4,6.2,4,2,4.7,90.3,2,1,1,8.6
6.05,59.8,0,4.3,1,6.0,2,5.8,5.1,1,0,3.7,63.8,0,1,0,9.72
8.69,61.6,1,4.4,3,2.8,2,6.2,4.4,1,1,7.0,70.3,0,1,1,9.87
6.63,68.4,1,3.6,3,3.7,0,6.8,7.5,2,0,0.3,31.9,1,1,1,7.41
6.18,80.6,3,4.1,2,3.4,0,4.2,5.4,2,1,4.2,76.5,3,1,1,8.02
6.77,49.6,1,5.2,2,3.7,1,5.2,4.8,0,0,7.0,67.4,2,0,1,5.47
7.99,77.8,0,3.3,4,6.7,0,5.5,7.7,1,1,0.0,58.0,2,1,1,7.35
6.7,82.4,2,5.4,3,3.1,1,7.7,8.1,0,0,4.4,74.4,0,0,1,8.72
6.35,74.0,0,2.0,2,4.8,0,8.6,3.9,3,0,3.0,37.1,1,1,1,7.06
6.74,85.4,0,3.1,3,8.0,0,9.2,2.8,1,0,4.1,96.0,1,1,0,8.44
5.35,81.1,2,2.4,4,4.4,0,8.5,5.6,1,3,2.6,100.0,0,1,1,7.63
7.52,70.4,0,4.5,2,7.0,1,9.7,3.5,2,1,0.0,48.0,0,0,1,10.99
4.68,50.9,0,1.6,2,1.8,0,7.8,3.2,1,1,6.5,83.5,2,1,1,7.02
6.42,79.9,2,2.7,2,4.7,0,4.1,3.7,0,3,2.7,57.1,1,1,1,8.28
7.99,64.7,0,0.2,2,3.6,1,9.0,7.9,2,1,3.7,35.4,1,1,1,8.75
7.39,69.9,0,4.2,3,6.2,0,2.3,7.1,0,0,4.1,85.9,2,0,1,6.41
7.77,84.7,0,5.2,2,3.2,1,10.0,10.0,5,1,5.9,54.3,0,1,1,12.44
6.92,97.8,1,4.7,1,10.0,1,3.3,4.5,2,1,7.0,72.2,3,1,1,7.13
8.52,77.5,0,4.5,2,1.9,1,7.5,8.5,6,2,6.8,98.2,2,1,1,11.46
8.2,85.8,0,4.5,3,8.0,3,8.8,6.8,4,1,0.0,70.6,1,0,1,12.76
7.58,57.8,0,4.3,1,7.4,1,6.6,4.7,1,1,7.1,64.2,0,1,1,6.32
8.21,81.4,0,4.2,2,6.2,0,0.8,5.5,0,5,5.0,40.8,1,0,1,4.41
7.98,77.2,1,4.3,1,5.6,0,3.3,4.7,2,0,4.7,40.9,0,0,1,5.83
6.43,95.2,1,2.2,3,9.6,0,6.3,6.3,2,1,4.6,57.3,1,0,1,5.52
5.25,70.4,1,2.9,1,10.0,2,7.0,7.8,2,0,8.1,52.4,0,1,1,9.11
7.55,74.6,1,3.3,1,5.0,1,5.1,5.1,3,0,4.0,73.6,1,1,1,7.17
7.71,92.8,1,2.7,3,5.8,1,5.7,7.5,1,1,7.2,38.2,2,0,1,8.66
8.42,76.7,0,0.7,1,4.3,0,2.1,8.3,2,0,8.6,44.5,1,1,1,7.52
5.78,62.5,1,1.2,3,2.9,1,9.6,8.8,2,0,4.9,57.0,0,1,1,9.44
5.82,100.0,0,3.6,2,6.5,3,4.6,3.5,0,2,2.2,61.9,2,0,1,8.42
7.6,62.9,0,4.6,3,6.0,0,7.3,5.7,2,0,9.0,61.2,0,1,1,7.87
6.91,77.1,1,3.2,1,2.0,0,8.7,7.2,1,1,6.7,56.1,3,0,1,8.79
4.55,82.9,2,7.6,1,6.5,1,2.8,3.6,1,2,6.3,44.3,0,1,1,4.71
7.49,81.7,1,1.7,1,6.1,0,5.8,3.2,0,0,6.3,71.6,1,1,1,7.61
4.59,75.3,1,3.9,4,4.2,0,6.1,5.7,3,0,4.3,83.7,1,1,1,5.08
5.77,75.4,0,5.3,3,4.0,1,4.9,5.0,0,0,6.1,66.2,2,1,1,6.69
8.76,74.7,0,4.9,1,6.4,1,7.6,5.5,0,1,5.9,48.4,0,1,1,11.1
9.37,62.4,0,4.2,1,9.0,1,4.0,4.9,2,0,3.1,21.7,1,0,1,8.96
5.42,100.0,4,4.9,1,6.4,0,5.6,10.0,0,1,8.4,93.2,1,1,1,6.33
6.57,74.9,0,3.3,1,7.2,1,4.6,4.9,0,0,4.1,56.5,1,1,1,6.96
7.06,86.4,0,5.9,1,3.7,0,10.0,7.0,1,0,3.7,86.4,0,0,1,8.45
9.32,73.3,0,5.3,3,4.6,2,4.0,6.8,1,0,3.9,92.8,0,0,1,10.35
6.36,73.0,1,1.8,1,6.8,0,7.2,2.4,4,0,5.0,76.1,2,1,0,8.11
6.38,71.6,2,3.7,3,2.5,0,9.6,8.7,1,0,4.9,79.1,2,1,1,9.18
9.01,56.3,0,0.7,1,6.0,0,3.4,7.1,3,2,7.3,77.5,2,1,1,10.14
6.51,75.8,2,5.6,3,6.6,0,5.7,6.1,4,0,2.9,55.6,1,0,1,7.88
7.94,72.3,0,3.6,2,5.4,2,3.2,7.9,0,0,5.3,37.0,4,0,1,6.4
5.08,94.4,0,5.4,1,6.2,1,0.9,5.7,1,0,4.9,76.0,0,1,0,4.71
6.78,61.2,1,3.0,3,5.6,2,3.7,7.6,2,2,5.8,29.4,1,0,1,8.28
4.84,69.9,2,0.2,1,4.1,1,4.2,2.0,1,0,7.1,52.1,1,1,1,5.15
5.63,65.4,1,7.4,3,2.9,0,4.3,7.4,4,0,5.7,47.2,5,0,1,7.54
8.09,98.2,0,3.4,3,5.3,0,4.8,6.2,1,0,3.3,71.5,1,0,1,8.17
6.94,65.8,1,1.6,4,8.4,0,5.5,6.2,1,2,3.6,64.7,0,0,1,6.37
6.59,85.9,3,5.0,3,7.8,0,2.7,4.1,2,0,5.2,47.2,1,1,1,5.61
6.03,91.6,1,6.5,1,4.7,0,6.3,5.4,3,2,7.7,51.6,2,1,1,7.61
6.71,76.0,0,2.9,2,4.7,0,8.3,5.3,3,2,6.5,99.2,0,0,1,9.26
7.39,58.7,0,3.0,3,4.5,0,8.6,3.5,3,2,3.7,44.3,3,1,1,9.62
8.28,58.9,0,3.6,2,4.5,0,4.9,6.5,2,2,2.4,56.3,1,1,1,8.33
3.59,90.0,0,1.4,2,6.1,0,7.6,8.9,2,1,6.2,71.6,1,1,1,5.84
5.92,60.4,2,2.1,1,7.8,1,3.9,3.0,1,0,7.0,61.4,2,1,0,5.74
7.21,83.5,0,6.1,3,10.0,3,4.7,6.8,2,1,1.5,72.2,0,0,1,10.78
6.87,79.6,1,3.0,2,3.7,0,6.4,5.0,2,0,6.9,82.0,1,0,1,6.24
7.52,83.3,2,1.9,1,6.9,0,4.7,4.7,1,1,6.4,88.8,0,0,1,8.51
7.35,84.6,1,2.5,4,6.7,2,2.6,5.9,2,0,2.7,60.9,0,0,1,5.76
6.6,64.9,1,4.9,3,4.8,0,7.4,6.0,3,2,4.5,68.1,1,0,1,8.96
6.32,64.3,2,0.0,2,3.2,0,3.6,6.2,3,2,7.1,64.2,3,1,1,6.33
6.68,88.0,1,3.6,1,6.1,0,4.3,3.5,1,1,9.6,42.1,0,1,1,6.11
8.49,69.2,0,7.1,3,10.0,0,7.9,8.0,1,2,3.9,63.9,2,0,1,10.59
6.05,39.5,0,6.4,1,6.1,0,6.7,6.0,3,3,5.5,27.1,1,1,0,9.42
6.92,87.1,1,4.1,2,3.8,0,5.9,7.0,2,4,6.4,67.5,4,1,1,10.08
7.24,63.5,4,5.3,3,5.2,2,2.1,8.2,1,3,0.9,17.4,0,1,1,6.55
9.03,84.5,0,5.3,1,3.0,0,2.8,2.0,4,0,8.0,40.2,3,0,1,6.16
6.61,97.5,1,3.0,1,5.5,0,6.4,7.1,1,1,2.9,77.1,0,0,1,7.05
8.25,78.2,0,4.7,1,7.0,1,6.9,5.5,6,2,2.8,69.3,0,1,1,10.06
8.6,91.9,0,6.1,2,4.0,1,6.1,7.8,4,0,8.6,59.7,0,0,1,10.56
6.92,80.2,1,1.2,2,0.0,0,4.4,4.2,0,0,0.2,51.0,2,0,1,6.76
6.73,100.0,0,4.1,1,6.1,0,4.3,7.7,3,0,9.0,42.7,1,1,1,5.3
6.57,63.1,1,3.8,4,4.4,0,6.0,3.7,2,0,6.6,48.6,1,1,1,5.65
6.67,77.9,3,3.4,3,3.8,0,2.6,6.6,2,2,4.8,73.7,1,1,0,6.39
8.11,87.4,0,3.2,1,3.8,0,5.7,6.4,2,2,7.4,54.9,1,0,1,8.61
7.3,75.3,0,3.6,2,6.4,0,2.3,5.5,5,1,1.4,18.3,4,1,0,8.95
7.31,94.1,0,3.7,2,4.6,0,3.1,3.7,2,2,3.9,35.4,1,0,1,5.18
5.54,72.0,0,5.0,2,7.5,1,5.9,5.1,2,3,5.8,43.8,1,0,1,7.32
5.74,100.0,3,4.0,2,7.6,2,6.8,7.6,1,1,5.8,54.7,1,1,1,10.22
9.79,100.0,0,2.9,1,4.9,0,6.3,8.8,0,0,7.0,54.1,0,0,1,8.59
6.77,81.9,1,1.9,1,4.4,0,2.9,9.7,1,1,6.8,38.9,3,0,1,7.62
5.99,85.7,2,2.4,1,5.8,0,1.2,6.9,0,0,6.0,72.3,1,1,1,4.03
8.86,94.7,0,3.6,1,5.2,2,5.5,6.3,1,1,3.2,20.4,0,0,1,9.37
7.37,61.4,0,2.1,3,1.6,0,1.1,6.7,3,0,4.8,45.1,0,1,1,6.76
7.75,59.6,0,4.7,4,9.7,1,7.7,9.7,5,0,0.4,75.7,0,0,1,10.64
6.82,95.6,1,3.9,3,7.1,0,3.0,6.8,2,0,3.2,70.8,0,0,1,5.54
6.59,81.8,1,5.0,4,4.5,0,10.0,6.0,3,1,6.2,54.6,3,0,1,10.31
6.78,74.8,2,2.2,2,1.3,0,3.3,5.2,3,0,1.4,78.8,1,0,1,5.44
5.2,78.2,2,1.9,1,5.1,0,6.6,5.5,0,1,5.7,65.2,1,1,1,7.16
6.89,44.6,0,5.0,3,4.2,2,3.8,6.6,1,2,6.0,61.4,0,1,1,7.78
7.38,75.3,0,3.4,1,5.4,1,5.1,4.3,3,0,7.5,72.0,0,1,1,6.98
9.41,67.5,0,2.9,1,0.7,0,5.9,4.5,3,0,6.7,68.1,2,0,1,9.77
7.11,90.9,0,4.3,4,4.5,2,7.5,5.7,3,1,1.4,86.6,1,0,1,9.52
3.97,91.9,0,4.3,3,4.6,0,7.8,4.9,0,1,7.0,54.5,0,1,1,5.86
6.88,86.1,3,1.2,4,5.1,0,7.2,7.0,3,0,0.2,55.1,1,1,1,6.28
10.0,83.5,0,5.4,1,5.0,1,7.9,7.1,1,2,7.6,63.9,0,0,1,9.77
8.13,57.0,0,2.5,3,5.6,2,4.1,6.3,2,0,4.4,60.4,0,1,1,9.99
5.95,86.3,1,5.9,1,8.8,3,7.0,6.8,1,0,4.2,97.1,0,1,1,9.39
7.77,86.8,0,1.1,2,4.4,1,4.7,6.0,1,0,4.1,70.5,1,1,1,9.04
6.04,95.4,0,3.7,3,3.5,0,7.8,0.0,3,0,8.2,45.5,1,0,1,6.75
5.24,100.0,0,2.9,2,1.7,2,5.8,4.0,2,2,2.3,30.2,0,0,1,7.97
6.55,54.3,0,0.0,3,4.4,2,6.9,7.2,2,0,0.0,91.4,0,1,1,11.06
7.12,72.6,1,4.3,3,2.4,0,6.2,4.1,4,1,2.5,52.5,1,0,1,8.62
4.57,67.6,1,0.1,3,7.6,0,7.2,7.5,1,0,4.9,66.6,0,1,1,8.54
5.51,80.4,2,2.7,1,5.3,0,3.6,7.6,3,2,9.3,59.6,0,1,0,6.35
7.01,78.2,0,5.0,1,7.6,1,1.9,5.3,1,1,6.1,76.1,0,1,1,6.0
6.47,74.7,0,2.4,4,8.7,0,7.8,4.6,0,1,0.0,48.9,1,0,1,6.53
7.51,92.4,1,1.8,2,3.6,3,8.6,5.8,1,2,5.2,62.4,1,1,1,11.64
5.42,62.6,1,4.5,2,4.7,2,5.2,5.7,2,1,7.0,49.1,1,1,1,6.86
7.93,63.4,1,2.8,1,8.4,1,7.4,7.1,2,2,6.7,100.0,0,1,1,11.85
5.46,63.7,0,2.6,1,5.9,0,1.8,1.1,2,0,7.1,44.9,3,1,1,2.2
9.14,73.0,0,5.2,4,6.6,0,4.1,4.3,0,1,0.0,71.2,2,0,1,7.23
4.77,60.8,2,1.3,2,7.8,1,5.7,3.8,2,2,1.9,100.0,1,1,1,6.26
5.58,77.3,1,2.5,3,7.5,0,1.5,0.8,2,3,3.7,82.0,1,1,0,4.87
7.54,75.7,1,4.6,1,6.4,3,2.0,4.8,1,0,8.6,59.6,1,0,1,6.74
9.16,67.0,0,1.2,1,8.6,0,5.9,2.8,1,1,4.2,63.3,1,1,0,8.24
7.41,90.2,0,6.0,2,5.3,0,4.1,5.0,1,2,5.5,43.7,3,0,1,7.43
7.73,77.2,0,2.9,3,6.6,2,4.7,4.8,1,0,4.4,93.6,1,0,1,8.78
7.02,92.9,0,4.6,1,5.1,0,4.6,6.7,1,1,3.6,55.5,2,0,1,9.0
5.67,75.3,0,4.6,2,7.7,0,2.5,5.3,2,0,3.3,58.5,0,0,1,5.18
6.36,77.7,2,3.0,2,4.0,0,5.0,2.4,1,2,4.9,42.4,1,1,1,5.96
5.42,70.1,1,2.4,1,1.8,0,5.5,6.5,2,0,5.2,53.8,1,1,0,6.36
5.34,77.9,1,3.1,2,6.9,0,4.2,10.0,5,0,6.9,61.3,1,1,1,5.97
7.52,88.0,0,4.3,2,3.3,0,4.3,8.0,3,0,4.0,81.8,1,1,1,8.9
5.54,72.2,2,1.6,1,3.0,1,5.0,7.2,2,0,8.0,65.3,2,1,1,6.16
7.42,85.3,0,1.3,2,8.3,0,7.4,5.4,1,0,4.2,81.9,2,0,1,9.11
5.31,66.6,1,5.6,1,7.6,0,5.3,4.8,0,1,6.1,14.3,1,1,1,4.77
7.39,88.6,0,2.0,3,4.7,0,1.1,4.7,0,0,5.8,88.0,1,0,1,3.01
6.36,69.9,0,3.8,3,0.0,1,2.8,6.3,3,3,3.8,33.2,2,1,1,4.96
8.83,89.9,0,2.9,3,6.7,1,7.6,3.5,1,0,3.0,75.4,3,0,1,10.08
7.42,78.9,1,2.9,3,7.0,1,3.9,6.2,2,2,3.8,0.0,1,1,1,9.54
8.61,99.3,0,5.5,2,6.6,1,5.3,4.5,4,2,7.1,61.3,0,1,1,10.01
6.02,61.8,1,3.1,2,6.5,0,9.9,2.4,3,1,5.8,79.0,1,1,1,7.36
7.07,57.3,0,2.6,2,5.1,0,7.0,4.4,0,0,0.1,43.2,0,1,1,5.8
5.72,69.4,1,2.8,1,4.6,0,0.6,8.3,2,0,4.3,60.7,1,1,1,4.53
6.46,58.6,0,2.4,3,3.1,0,8.8,6.1,1,0,2.4,78.5,1,1,1,9.17
6.66,58.6,3,2.1,1,4.0,1,5.8,0.0,3,0,7.3,74.7,0,1,1,6.76
6.06,86.7,5,2.4,2,6.2,1,6.3,4.5,2,2,0.6,28.8,1,1,0,6.41
5.42,77.9,2,5.9,2,6.2,0,6.2,7.6,1,1,5.6,80.0,2,1,0,6.07
5.16,71.3,2,4.3,3,7.2,1,7.6,5.2,0,0,5.5,94.2,1,1,1,7.33
3.96,72.6,0,2.6,2,2.4,0,5.3,6.8,1,0,6.5,84.3,1,1,0,6.81
5.63,69.6,0,4.8,2,1.8,0,2.1,5.0,1,0,4.8,35.4,1,1,1,5.37
7.82,100.0,0,0.7,2,4.7,0,6.2,6.2,1,2,1.3,38.3,0,1,1,7.42
4.92,67.7,0,5.4,4,3.3,1,2.3,5.9,3,3,2.4,61.5,2,1,1,6.52
5.22,59.5,1,5.3,3,5.9,0,9.7,4.5,4,0,7.4,71.7,2,1,0,9.56
9.33,89.1,0,6.8,1,2.6,0,4.7,6.9,1,0,4.6,77.4,0,0,1,8.12
6.17,75.0,0,4.8,3,8.1,0,5.4,8.9,0,0,9.0,44.2,0,1,1,5.06
7.42,100.0,1,3.9,1,3.7,0,3.9,6.6,1,0,7.9,58.5,3,1,1,6.0
7.84,70.6,0,5.3,1,9.0,0,6.3,6.0,0,1,5.7,43.6,2,0,0,4.24
7.86,89.8,2,2.2,1,6.7,0,6.5,4.1,0,1,6.5,39.9,2,0,1,7.88
5.02,93.2,2,2.6,2,3.2,0,3.9,7.7,5,1,5.9,68.1,0,1,1,8.55
6.7,70.7,4,3.1,2,10.0,1,6.5,4.8,2,2,3.7,58.5,0,1,1,10.17
4.9,67.6,1,5.4,2,6.1,1,5.7,6.9,1,0,4.0,69.1,3,1,1,6.74
10.0,88.4,0,1.8,3,5.9,0,5.3,7.3,2,3,8.6,48.6,1,1,1,8.96
4.93,86.0,0,1.7,2,5.4,1,3.8,7.8,4,0,8.4,73.4,2,1,1,6.87
5.64,58.3,1,3.6,1,6.5,0,10.0,7.8,0,1,5.1,37.4,1,1,1,8.68
5.65,62.2,1,4.3,2,6.7,0,8.2,7.7,2,2,3.2,50.9,1,0,1,9.98
5.05,42.5,0,2.1,3,3.6,0,7.2,3.3,3,0,0.3,37.9,1,1,1,7.16
8.76,86.3,0,4.3,2,5.0,1,8.1,4.1,3,1,10.0,65.7,2,1,1,8.4
10.0,74.3,0,5.4,2,5.8,0,6.2,3.1,3,1,7.4,96.2,2,0,1,10.15
6.38,75.7,0,5.1,2,6.8,0,4.7,2.9,1,1,7.9,67.4,0,0,1,3.92
5.28,54.3,1,3.8,2,6.8,0,0.0,8.9,8,0,3.8,58.0,0,1,1,6.7
4.09,62.6,0,3.1,2,5.9,0,2.7,3.8,1,1,3.6,56.1,2,1,0,5.96
6.68,71.3,0,6.0,3,4.3,2,10.0,3.5,2,1,1.9,48.4,2,0,1,8.36
6.59,68.6,0,3.2,1,4.2,0,8.2,5.7,1,0,0.0,82.1,0,0,1,7.77
6.15,79.6,0,4.7,1,2.9,1,6.0,4.3,1,1,4.0,68.2,1,1,1,7.29
7.29,86.2,0,6.3,3,6.8,2,1.9,10.0,0,1,4.7,26.5,1,0,1,7.76
7.51,100.0,2,4.5,3,4.1,1,7.0,5.3,5,1,4.6,81.8,2,0,1,10.82
7.42,77.7,0,1.6,2,5.1,0,4.9,6.7,2,2,3.6,42.6,4,1,1,7.23
6.59,93.6,0,1.2,2,6.0,2,7.1,4.2,2,3,6.5,46.9,2,0,1,10.26
5.57,66.4,1,2.7,4,5.5,1,2.9,2.5,1,0,1.4,68.0,1,1,1,4.86
7.87,54.6,0,4.3,2,5.5,3,4.4,4.3,0,1,6.8,48.0,2,0,1,8.79
7.02,73.1,0,3.9,2,3.5,0,7.5,4.4,0,2,6.7,100.0,2,1,1,6.27
8.15,55.6,0,6.7,2,6.1,1,9.9,4.4,4,1,6.9,55.2,0,1,1,12.22
8.03,78.2,0,3.9,2,4.8,1,4.0,2.6,1,3,5.2,72.7,0,1,1,7.9
5.15,67.1,1,2.7,2,5.3,0,3.2,6.1,3,2,3.1,29.1,2,1,1,6.86
5.14,50.6,2,1.4,4,8.0,0,7.9,5.1,6,1,0.3,47.7,1,1,1,9.85
6.02,100.0,1,5.1,1,6.6,0,2.6,2.7,4,0,1.0,57.4,1,0,0,5.25
5.63,70.5,0,3.2,1,4.2,0,2.8,6.0,4,2,7.7,79.9,0,0,1,6.31
7.98,55.1,0,0.8,2,5.2,0,6.1,7.3,4,1,1.1,38.5,0,1,1,7.33
7.46,90.6,0,3.2,2,9.0,1,10.0,8.2,2,0,4.7,84.0,1,0,1,10.8
8.43,67.8,2,1.6,3,4.8,1,3.5,1.0,0,0,4.5,62.5,0,1,0,7.9
7.52,93.3,1,2.5,4,5.6,1,4.6,4.3,2,0,0.5,66.5,0,0,1,7.56
7.27,67.7,0,3.2,3,7.0,1,5.8,3.1,2,0,3.7,45.1,1,0,1,6.79
8.56,70.4,1,1.8,4,6.0,0,4.4,4.5,1,0,3.7,40.7,1,1,1,8.16
7.61,82.8,0,2.4,1,4.7,0,1.4,8.6,1,1,5.4,16.5,1,1,1,4.9
7.09,86.3,0,2.0,1,3.9,0,7.3,4.3,1,1,7.1,66.0,4,1,1,7.16
8.92,88.8,1,2.1,2,5.5,0,5.9,4.8,2,1,4.0,72.5,1,0,1,7.9
7.15,76.7,0,1.6,3,6.9,1,6.3,4.1,2,1,3.4,52.8,0,1,1,9.33
6.6,85.4,0,2.4,1,8.4,1,5.2,9.1,1,3,4.0,28.3,2,1,1,8.99
5.91,88.4,1,1.8,1,2.3,1,9.0,1.2,4,2,5.7,48.9,0,1,1,8.39
7.91,80.8,0,4.1,2,9.4,2,4.3,4.7,0,2,5.0,67.5,0,0,1,7.77
8.61,76.0,0,3.5,2,4.9,0,3.0,4.1,1,1,2.9,63.7,2,0,1,6.98
6.93,57.8,1,5.1,2,7.5,1,9.3,2.4,0,0,6.0,73.4,1,1,1,8.5
8.7,86.4,0,6.2,3,3.9,0,0.4,8.0,1,2,0.0,27.7,1,0,1,6.96
4.44,78.6,2,4.3,1,2.0,0,5.1,2.2,3,3,8.5,51.9,0,1,1,5.38
6.93,72.2,0,3.9,2,2.6,0,5.3,4.9,0,2,1.7,58.0,0,0,1,8.13
6.95,95.9,2,4.4,1,4.8,1,5.2,5.6,2,0,8.4,72.7,2,0,1,9.58
6.05,58.0,0,3.9,1,6.7,0,1.9,4.3,2,0,7.4,47.9,1,1,1,6.58
10.0,100.0,0,3.3,2,5.6,0,2.8,2.3,3,1,7.3,70.7,1,0,1,9.05
6.91,77.7,0,3.2,2,4.9,0,7.7,5.5,0,1,2.4,41.0,1,0,1,10.42
6.47,82.4,0,1.6,2,8.0,1,8.7,4.3,2,1,4.5,64.3,4,0,1,8.22
7.03,72.5,0,4.5,2,5.5,1,4.5,7.4,2,1,5.7,54.1,3,0,1,7.48
4.4,54.7,0,3.1,3,6.1,0,3.4,6.8,0,1,5.0,53.0,0,1,0,3.34
6.01,76.0,1,5.5,1,10.0,0,1.4,9.7,2,2,7.9,100.0,2,1,1,6.1
8.28,82.7,0,4.7,3,5.5,1,7.7,6.0,3,4,5.5,53.3,1,1,1,9.59
6.18,87.5,3,2.2,3,4.0,2,7.8,7.0,3,2,5.1,51.5,0,1,1,11.65
5.92,75.2,0,5.2,1,6.6,2,0.0,5.1,3,0,7.1,31.5,3,1,0,6.14
8.7,47.3,0,0.0,2,7.1,0,0.0,9.2,3,0,6.6,79.8,0,1,1,6.6
8.74,56.4,0,6.3,1,6.2,1,5.8,5.8,3,1,6.0,49.1,1,1,1,8.45
7.67,100.0,0,1.1,1,5.8,0,6.1,5.6,3,0,8.6,59.4,1,1,1,6.83
6.41,62.7,2,4.0,1,8.8,0,4.4,6.9,1,3,5.8,43.1,0,1,1,6.66
6.69,98.0,2,3.9,1,8.5,1,5.4,4.5,1,4,2.1,68.3,2,1,1,10.02
5.95,64.9,1,5.0,4,5.2,2,4.9,4.8,2,0,5.9,78.6,3,0,0,8.9
5.71,75.4,3,2.7,3,4.1,1,5.6,6.9,2,0,5.1,86.2,1,0,1,8.36
5.64,86.8,0,0.0,2,6.4,0,3.4,7.3,0,0,4.7,57.7,1,1,1,3.03
6.2,66.5,3,2.7,3,4.1,2,5.5,7.0,5,1,4.3,48.1,0,1,1,9.48
5.65,100.0,0,2.8,4,7.4,0,3.9,5.6,3,2,6.5,46.8,3,0,1,6.45
4.97,79.1,0,0.0,2,6.4,0,3.8,6.3,1,5,5.2,60.4,2,1,1,5.79
7.29,84.5,0,3.3,2,10.0,1,1.2,7.7,2,1,8.5,65.1,1,1,1,7.05
7.3,74.3,2,1.5,3,8.7,0,5.1,3.6,1,2,5.1,70.9,2,1,0,6.12
9.21,87.2,0,4.2,4,3.1,1,7.3,5.8,3,0,2.2,43.1,2,0,1,9.7
6.13,100.0,0,2.8,3,4.4,0,4.8,0.0,2,2,1.0,62.7,0,0,1,4.94
7.38,76.2,2,6.3,1,1.3,0,4.7,7.3,0,1,6.2,39.6,0,1,0,6.46
7.41,100.0,0,2.8,3,0.8,0,8.4,4.2,1,2,7.0,57.4,0,1,1,5.04
6.67,69.4,0,3.9,1,5.8,0,7.9,4.3,3,1,4.7,87.9,0,1,1,8.49
7.97,88.7,0,2.9,1,2.9,0,9.5,5.6,0,1,6.8,55.4,2,0,1,9.85
8.01,84.8,0,0.6,2,9.1,0,10.0,7.0,3,0,8.5,42.3,2,1,1,9.46
7.43,63.0,0,2.9,3,8.0,0,5.6,10.0,1,1,0.0,67.0,2,0,1,9.66
6.67,81.0,2,4.4,1,4.9,0,2.8,2.7,6,1,6.9,77.9,1,1,1,5.92
6.54,78.1,1,4.2,2,4.8,1,4.3,4.1,2,4,6.3,44.6,1,0,1,6.55
5.22,66.1,1,2.7,3,8.8,1,6.8,6.3,1,1,4.8,32.9,1,1,1,8.77
5.95,83.0,2,0.9,1,9.3,0,8.8,4.3,0,0,2.1,43.8,1,1,1,6.69
6.19,80.0,0,4.2,3,3.4,0,3.1,7.5,2,0,2.3,51.2,4,0,1,6.48
5.54,77.0,2,3.9,2,3.2,1,6.1,5.5,0,1,0.2,90.4,1,0,1,5.41
7.57,77.0,0,4.5,2,4.8,1,3.7,7.6,1,3,2.0,31.9,2,1,0,8.17
8.56,76.7,0,2.8,1,6.4,1,5.2,5.3,1,1,7.9,26.1,0,1,1,8.21
5.82,72.9,1,0.5,4,4.4,0,5.1,6.9,1,1,2.2,65.4,0,0,1,6.29
7.37,80.0,0,4.1,4,6.5,0,6.4,3.9,1,0,4.9,45.8,1,1,1,6.84
5.66,69.0,3,3.2,1,9.8,1,10.0,9.7,3,1,7.8,40.2,2,1,1,10.68
6.6,100.0,1,5.4,3,2.4,2,6.6,2.4,0,3,1.4,73.0,2,0,1,8.48
6.1,58.3,1,3.2,3,4.5,0,4.5,4.4,1,0,4.4,61.8,2,0,1,6.42
7.78,69.8,1,3.1,1,2.4,1,4.1,3.0,2,0,2.4,80.1,1,1,1,5.1
6.12,70.9,2,3.9,2,3.7,0,5.1,7.4,1,0,5.6,74.7,1,1,0,8.35
8.32,100.0,2,2.2,3,4.9,0,3.5,6.9,2,0,5.0,35.8,1,0,1,7.2
6.68,59.5,0,2.2,2,3.9,0,5.8,3.4,2,1,4.5,26.4,5,1,1,6.49
6.16,84.0,0,3.0,4,6.6,0,0.0,7.8,0,0,0.0,82.4,3,1,1,4.75
5.37,81.5,1,1.7,1,5.8,1,5.0,4.4,2,0,2.6,57.5,2,1,1,6.42
